Point ID,Label,Annual_Precipitation,Distance_to_Nearest_Karst_Feature,Distance_to_Nearest_Water_body,Elevation_(m),Hydrualic_Head_Difference,IAS_Thickness,LULC,Overburden_Thickness,SAS_Thickness,Shear_Waves_Velocities,Slope,Surface_Geology,TPI
0.0,0.0,1222.0,35381.31641,416.3717346,16.0,-3.657599926,44.50080109,2000.0,72.08320618,27.27759933,333.9127502,0.085863851,7.0,-0.384221077
1.0,0.0,1278.0,18626.59961,284.1338501,49.0,10.66800022,42.67200089,1000.0,50.21920013,7.547199249,313.2873535,0.305290461,3.0,-2.032272339
2.0,0.0,1244.0,29191.9082,270.5659485,39.0,0.609600008,7.924799919,2000.0,19.49279976,14.56799889,334.5460815,0.213490948,3.0,-1.661266327
3.0,0.0,1258.0,14102.13867,267.9689941,48.0,11.27760029,57.91200256,2000.0,82.74720001,23.83519936,330.8291016,0.200891674,3.0,0.90322876
4.0,0.0,1236.0,29576.4082,595.354126,40.0,3.96239996,32.61360168,2000.0,72.0039978,39.39039993,273.3377686,0.186680824,3.0,0.638893127
5.0,0.0,1228.0,45897.47266,1727.90625,29.0,3.96239996,66.4464035,1000.0,88.74079895,20.29439926,231.3226166,0.024449315,7.0,1.044847488
6.0,0.0,1254.0,24369.44922,269.4269714,43.0,3.96239996,66.4464035,2000.0,87.50080109,23.05439949,235.1007996,0.417079419,3.0,3.534805298
7.0,0.0,1265.0,5806.028809,403.4921875,57.0,6.705600262,14.93519974,1000.0,36.57839966,20.64319992,214.9824371,0.184165984,3.0,7.443149567
8.0,0.0,1266.0,2741.375244,469.0049133,39.0,-2.43840003,40.53839874,2000.0,52.41120148,6.87279892,309.3616333,1.424222827,3.0,3.373268127
9.0,0.0,1254.0,17559.13867,234.4168396,38.0,10.36320019,57.3024025,2000.0,77.92880249,20.62639999,283.9104309,0.076587699,3.0,-2.248088837
10.0,0.0,1275.0,18721.30664,30.06387901,46.0,3.96239996,36.57600021,1000.0,44.78079987,8.204799652,290.606842,1.035729647,3.0,-4.274417877
11.0,0.0,1264.0,12737.38867,833.7022705,48.0,3.96239996,15.23999977,1000.0,27.57839966,12.33839798,291.3301392,1.373152494,3.0,5.064277649
12.0,0.0,1236.0,34013.46094,912.6241455,39.0,3.048000097,12.80160046,6000.0,30.770401,19.96879959,223.3471222,0.149079889,3.0,-1.952098846
13.0,0.0,1231.0,37249.27344,966.3543091,21.0,-3.352800131,48.46319962,6000.0,76.16880035,25.79120064,234.606369,0.173884422,7.0,-3.352401733
14.0,0.0,1266.0,7583.429199,283.3043213,50.0,5.181600094,62.48400116,2000.0,74.38400269,11.89999771,249.9559174,0.080732062,3.0,6.051013947
15.0,0.0,1232.0,38136.45703,3188.572266,33.0,-7.619999886,40.84320068,1000.0,85.42559814,44.58240128,250.6590424,0.019175557,7.0,-6.320165634
16.0,0.0,1279.0,19129.33789,381.8111877,47.0,11.88720036,90.83039856,1000.0,112.8367996,21.70159912,347.9171753,0.44987765,3.0,5.060375214
17.0,0.0,1230.0,35943.73047,2998.475586,28.0,-4.267199993,40.53839874,2000.0,66.70960236,26.1711998,314.4910278,0.042929124,7.0,-5.052520752
18.0,0.0,1226.0,27447.56836,150.1009979,32.0,1.524000049,21.94560051,6000.0,49.67839813,29.81839943,314.2110291,0.47721827,7.0,-0.035081863
19.0,0.0,1229.0,32155.76563,642.5739746,32.0,2.743200064,43.58639908,2000.0,60.95600128,13.4552002,273.3315125,0.046465032,7.0,6.515478134
20.0,0.0,1274.0,9769.804688,239.4904327,61.0,14.02080059,33.52799988,2000.0,62.21920013,29.69120026,347.8392334,1.297141671,3.0,13.72845459
21.0,0.0,1222.0,51237.43359,980.7729492,26.0,0.609600008,70.10400391,4000.0,91.53199768,17.12319946,226.3521423,0.120951213,7.0,-1.335294724
22.0,0.0,1283.0,18016.88672,975.7445068,41.0,13.71600056,46.93920135,1000.0,58.67839813,11.73920059,540.1635742,0.420648038,3.0,4.559288025
23.0,0.0,1254.0,19115.63672,390.331543,51.0,2.43840003,23.77440071,1000.0,42.770401,20.99599838,225.1083069,0.586482465,3.0,6.259723663
24.0,0.0,1226.0,27715.7793,161.2998962,36.0,2.43840003,20.42160034,6000.0,50.93519974,28.90399933,275.2042847,0.399870664,7.0,1.572723389
25.0,0.0,1235.0,34299.26953,268.6525879,33.0,9.144000053,39.01440048,1000.0,74.45280457,35.43840027,319.4932251,0.295112282,7.0,7.305137634
26.0,0.0,1226.0,49679.17188,1679.729858,48.0,15.84959984,74.37120056,1000.0,114.7511978,41.38000107,296.4941711,0.214903533,7.0,14.56681824
27.0,0.0,1226.0,34739.46875,1232.319336,17.0,-3.352800131,41.14799881,6000.0,66.37760162,29.229599,235.536499,0.004675412,7.0,-0.563806534
28.0,0.0,1267.0,17526.23242,277.1113281,45.0,0.914399981,29.56559944,1000.0,38.5992012,9.33839798,460.1584167,1.632245898,3.0,-7.692657471
29.0,0.0,1266.0,5361.806641,152.6686859,48.0,5.791200161,14.02080059,1000.0,27.27359962,13.25279999,228.6959839,0.674841464,3.0,7.803092957
30.0,0.0,1249.0,20480.25,149.922348,51.0,5.181600094,22.86000061,1000.0,42.16080093,20.99599838,232.6337433,0.204334453,3.0,5.061489105
31.0,0.0,1270.0,16174.22363,1475.854492,36.0,0.304800004,87.17279816,1000.0,89.64480591,2.472000122,295.9613647,0.344839633,3.0,-7.669719696
33.0,0.0,1259.0,13691.14844,134.344574,48.0,11.88720036,51.20640182,2000.0,74.51760101,26.31119919,249.4165802,0.216416761,3.0,4.246032715
34.0,0.0,1273.0,15510.23926,917.9355469,43.0,-0.914399981,0.0,6000.0,14.65359879,13.65359879,269.7930908,0.162880704,4.0,-0.412879944
35.0,0.0,1257.0,15868.125,239.4899597,47.0,10.66800022,58.82640076,6000.0,85.70960236,29.49279976,329.8441467,0.130515993,3.0,-3.32579422
36.0,0.0,1252.0,18321.14844,211.69664,45.0,-3.657599926,22.55520058,1000.0,36.16080093,13.60560036,230.7065125,0.313558728,3.0,3.287330627
37.0,0.0,1262.0,14100.74902,334.7440491,36.0,1.828799963,3.048000097,2000.0,8.87279892,2.824800491,235.4845123,0.099251777,3.0,1.063095093
38.0,0.0,1232.0,25414.98438,89.80981445,42.0,1.219200015,12.49680042,1000.0,34.07519913,21.57839966,259.8971558,0.074938379,3.0,-0.633342743
39.0,0.0,1228.0,30126.56836,175.0902252,25.0,-4.87680006,34.13759995,1000.0,47.25040054,14.11279964,257.6043701,0.898454368,7.0,-3.788387299
40.0,0.0,1279.0,21702.09961,466.6600342,39.0,-4.87680006,35.35680008,1000.0,41.13359833,4.776798248,286.7258301,0.885024488,7.0,-5.594652176
41.0,0.0,1267.0,10894.09082,67.00067902,33.0,-4.87680006,81.38159943,1000.0,89.69280243,8.311199188,391.7875977,2.748854399,7.0,-10.92054749
42.0,0.0,1281.0,9574.691406,497.2401733,44.0,5.181600094,28.95600128,2000.0,36.38000107,7.423999786,362.52005,0.755971253,3.0,-3.09601593
43.0,0.0,1262.0,18641.53711,633.4961548,50.0,-0.609600008,0.0,6000.0,22.56799889,22.56799889,259.6285095,0.136053428,4.0,0.178030014
44.0,0.0,1247.0,25817.64648,329.2990723,44.0,4.267199993,37.79520035,1000.0,66.86000061,27.06480026,384.0774841,1.180761814,7.0,-0.237003326
45.0,0.0,1229.0,32337.58594,875.6673584,36.0,0.304800004,38.70960236,3000.0,91.77839661,53.06880188,237.3984375,0.355234027,7.0,-2.614982605
46.0,0.0,1224.0,48727.3125,3207.565186,34.0,3.657599926,68.88480377,1000.0,107.1520004,36.26720047,236.1251984,0.110542633,7.0,0.412431717
47.0,0.0,1241.0,20878.27734,42.423069,34.0,0.609600008,15.84959984,2000.0,35.8288002,19.97919846,239.9597321,0.140703663,3.0,-4.257526398
48.0,0.0,1259.0,16029.57227,541.9744263,48.0,11.27760029,45.41519928,6000.0,73.60320282,28.18799973,291.2410889,0.138987705,3.0,0.043895721
49.0,0.0,1252.0,13971.28613,487.3865662,45.0,0.304800004,23.16480064,1000.0,41.3423996,19.17759895,346.4923706,1.042522788,3.0,2.539848328
50.0,0.0,1254.0,21368.29297,454.9059448,40.0,7.924799919,81.38159943,3000.0,89.98719788,8.215200424,237.9051056,0.06856361,3.0,2.201007843
51.0,0.0,1271.0,2959.053955,212.118103,52.0,5.486400127,18.28800011,1000.0,35.540802,13.25279999,337.1734924,2.160345078,3.0,3.464916229
52.0,0.0,1256.0,17973.31055,512.4539185,56.0,3.657599926,22.25040054,1000.0,45.02719879,21.77679825,311.6747131,0.558325827,3.0,9.239147186
53.0,0.0,1268.0,16629.52148,276.5171509,36.0,-0.609600008,0.0,4000.0,8.263198853,11.26319885,271.4112854,0.234433591,4.0,0.075431824
54.0,0.0,1276.0,19945.33398,1112.771851,40.0,6.096000195,90.83039856,1000.0,105.2272034,18.39679909,285.6152039,0.784315944,3.0,4.187923431
55.0,0.0,1243.0,23506.94336,629.9067993,47.0,5.486400127,37.18560028,1000.0,66.50720215,33.71199799,435.6808777,2.072709799,3.0,8.63584137
56.0,0.0,1248.0,28743.98633,1031.655396,43.0,0.304800004,13.10640049,6000.0,26.23600006,11.43440056,272.3893738,0.01543785,3.0,0.071208954
57.0,0.0,1261.0,13303.72363,481.9473267,37.0,-4.267199993,23.77440071,1000.0,29.68479919,3.910400391,282.5940857,0.517543793,3.0,-1.727802277
58.0,0.0,1252.0,23637.16016,270.5657043,43.0,0.609600008,10.66800022,6000.0,25.93120003,15.26319885,239.6849365,0.088918813,3.0,0.477901459
59.0,0.0,1286.0,22767.95313,332.0595398,53.0,11.88720036,99.97440338,1000.0,121.5800018,21.60560036,280.2771301,1.675080061,3.0,10.26413727
60.0,0.0,1251.0,19812.50977,401.0318604,40.0,5.486400127,33.22320175,6000.0,57.98320007,24.76000023,290.4302368,0.069728173,3.0,-5.189491272
61.0,0.0,1264.0,16078.30469,474.0223999,37.0,-2.133599997,79.2480011,6000.0,90.33999634,9.091999054,234.2045441,0.203123912,7.0,-12.33983421
62.0,0.0,1230.0,41939.17969,631.343689,23.0,-3.048000097,47.54880142,6000.0,78.47360229,30.92480087,236.220459,0.212343782,7.0,-1.971103668
63.0,0.0,1270.0,10169.41406,481.9374695,35.0,1.219200015,0.0,4000.0,6.653598785,6.653598785,227.0325012,0.142828986,3.0,-0.640285492
64.0,0.0,1285.0,16343.09473,2051.483887,47.0,10.97280025,88.39199829,1000.0,99.12080383,10.42399979,250.1279602,0.217255801,3.0,0.326496124
65.0,0.0,1284.0,10505.08008,1691.788208,65.0,20.11680031,60.95999908,1000.0,93.34640503,32.38639832,236.5879517,0.21230258,3.0,14.90119553
66.0,0.0,1253.0,21767.2832,869.9837646,45.0,11.27760029,46.93920135,6000.0,81.88079834,35.9416008,230.5955353,0.083066329,3.0,-0.173286438
67.0,0.0,1270.0,4065.358887,67.00087738,58.0,7.010400295,17.06879997,1000.0,39.71199799,25.64319992,314.3787231,0.323939294,3.0,7.52947998
68.0,0.0,1278.0,16223.05078,108.2483063,44.0,9.753600121,38.70960236,1000.0,40.95199966,2.242401123,289.1287231,0.201336861,3.0,1.515151978
69.0,0.0,1224.0,27155.44922,1019.389648,20.0,-3.048000097,47.85359955,2000.0,61.14799881,12.29439926,236.3625488,0.209357813,7.0,-0.585149765
70.0,0.0,1264.0,12464.53223,329.3068848,39.0,2.43840003,6.400800228,2000.0,14.31119919,8.215200424,216.4997101,0.122960158,3.0,1.034339905
71.0,0.0,1248.0,25055.31641,458.0401306,42.0,0.914399981,14.6303997,6000.0,27.06480026,11.43440056,239.6256256,0.165938988,3.0,0.337142944
72.0,0.0,1230.0,34685.67969,254.5812378,36.0,-1.524000049,31.08959961,2000.0,86.90159607,55.81200027,401.5923767,1.076354861,7.0,0.59021759
73.0,0.0,1277.0,16582.26758,29.93631172,47.0,11.27760029,47.24399948,1000.0,53.09600067,6.766399384,300.1409607,0.546996653,3.0,-2.476306915
74.0,0.0,1231.0,35902.86719,403.7313538,47.0,3.657599926,14.93519974,2000.0,47.0,31.4552002,345.8435059,1.101590633,3.0,6.541873932
75.0,0.0,1267.0,16025.67969,430.1037903,42.0,-0.914399981,22.86000061,1000.0,29.50320053,5.643199921,289.3640137,0.728430688,3.0,-5.61932373
76.0,0.0,1237.0,28606.04883,991.9915771,30.0,1.524000049,41.14799881,4000.0,56.82240295,12.67439938,235.717392,0.21608378,7.0,-4.402242661
77.0,0.0,1258.0,9168.191406,468.9474792,43.0,0.609600008,34.44240189,6000.0,56.10639954,21.66399956,279.2226563,0.292867392,3.0,-2.342201233
78.0,0.0,1263.0,14756.06641,295.0274658,48.0,14.93519974,53.34000015,3000.0,78.47999573,25.13999939,299.0663452,0.10877502,3.0,4.172740936
79.0,0.0,1259.0,13705.375,722.5441895,49.0,2.133599997,13.10640049,6000.0,27.96879959,12.86240005,238.9328308,0.215997592,3.0,-1.145168304
80.0,0.0,1228.0,51274.73828,3193.754395,35.0,10.97280025,77.72399902,1000.0,110.2855988,32.25680161,267.7771606,0.622470617,7.0,6.224266052
81.0,0.0,1279.0,9472.597656,258.2315063,38.0,2.43840003,31.08959961,2000.0,34.64720154,3.557598114,238.455368,0.061768461,3.0,-5.540920258
82.0,0.0,1267.0,10453.42285,179.6223145,40.0,1.828799963,3.352800131,3000.0,12.26319885,11.21520042,226.8111115,0.169929698,3.0,0.338645935
83.0,0.0,1274.0,10700.49121,867.4509277,48.0,2.133599997,85.34400177,1000.0,102.5592041,17.21520042,248.4066467,0.115668669,3.0,2.035339355
84.0,0.0,1224.0,57237.34375,341.4100037,18.0,-1.828799963,80.16239929,3000.0,97.2480011,14.78079987,221.7081604,0.070922233,7.0,-1.098257065
85.0,0.0,1280.0,9963.295898,445.2701416,48.0,9.144000053,77.72399902,1000.0,96.76800537,24.04399872,288.2433167,0.88577342,3.0,4.556873322
86.0,0.0,1284.0,25284.19727,1287.262939,33.0,12.49680042,101.8031998,1000.0,100.9703979,0.0,225.2663574,0.03767455,3.0,-4.511421204
87.0,0.0,1286.0,20632.35742,491.7372437,42.0,7.010400295,55.47360229,6000.0,74.30879974,17.61599922,279.878479,1.117976308,3.0,-1.389907837
88.0,0.0,1282.0,10208.51074,212.5606232,40.0,2.43840003,32.00400162,4000.0,38.47600174,6.472000122,213.7790527,0.216335163,3.0,-5.43667984
89.0,0.0,1233.0,35698.14063,707.5111694,26.0,-1.219200015,38.10000229,4000.0,73.2440033,34.229599,368.3627319,0.472424418,7.0,0.153301239
90.0,0.0,1256.0,12484.75781,509.3661804,39.0,-2.43840003,24.07920074,6000.0,35.03760147,10.95839882,252.2387238,0.066334821,3.0,-5.265945435
91.0,0.0,1283.0,6657.787598,256.7446594,57.0,11.88720036,67.05599976,6000.0,91.44239807,23.38639832,238.9589233,0.020970419,3.0,4.750728607
92.0,0.0,1232.0,25662.45313,511.8492126,36.0,0.304800004,42.67200089,4000.0,57.94560242,14.66399956,286.6485901,0.290975481,7.0,-4.369338989
93.0,0.0,1249.0,25487.48047,646.3590698,57.0,16.45919991,39.01440048,2000.0,89.30879974,51.29439926,291.4282227,0.270562172,3.0,14.67108536
94.0,0.0,1224.0,54098.33203,7015.763184,34.0,9.448800087,81.99120331,1000.0,117.5151978,32.91439819,369.9764099,0.869906068,7.0,4.852399826
95.0,0.0,1222.0,61453.29297,3728.11377,20.0,-1.524000049,98.14559937,6000.0,112.0495987,13.90399933,236.1401672,0.157037705,7.0,-2.527950287
96.0,0.0,1227.0,47138.45313,4083.359131,32.0,3.048000097,67.97039795,1000.0,99.05599976,33.08560181,284.7660828,0.035214614,7.0,-0.521635056
97.0,0.0,1236.0,25865.78516,865.1184692,52.0,1.524000049,25.60320091,1000.0,61.14400101,35.62639999,623.6571655,1.067635655,3.0,15.4524231
98.0,0.0,1236.0,24484.39063,295.8687439,54.0,0.609600008,14.32560062,2000.0,44.24639893,29.92079926,413.9562073,2.088854074,3.0,8.863220215
99.0,0.0,1280.0,11505.7832,980.8336792,50.0,10.05840015,79.85759735,1000.0,99.68240356,19.82480049,230.9736481,2.498874187,3.0,28.64564133
100.0,0.0,1248.0,17226.49805,390.8309937,42.0,1.524000049,23.77440071,6000.0,51.14400101,27.97919846,235.4085083,0.238726959,3.0,-4.50579834
101.0,0.0,1282.0,6926.51709,724.0107422,37.0,9.448800087,39.92879868,1000.0,48.8871994,23.26319885,237.9237061,0.658501089,3.0,0.073505402
102.0,0.0,1261.0,5202.280273,161.3151398,32.0,6.096000195,54.25440216,2000.0,52.42160034,0.0,393.408783,0.394980997,3.0,-1.019035339
103.0,0.0,1241.0,27086.17383,179.620285,47.0,1.524000049,10.66800022,1000.0,33.89360046,24.22559929,242.1365814,0.334808171,3.0,4.912586212
104.0,0.0,1250.0,27031.65234,605.489502,33.0,0.914399981,13.10640049,2000.0,16.84560013,7.739200592,229.2186127,0.084566221,3.0,0.592655182
105.0,0.0,1251.0,15090.28418,210.446579,38.0,0.0,22.55520058,1000.0,32.81840134,7.263198853,256.0544434,0.992848992,3.0,-1.025478363
106.0,0.0,1246.0,30916.4082,2036.73584,36.0,-1.828799963,42.67200089,6000.0,71.05200195,26.38000107,235.0121307,0.024572028,7.0,-8.922956467
107.0,0.0,1230.0,41671.89453,1447.128296,21.0,-1.219200015,53.94960022,2000.0,77.08320618,23.8288002,267.6292114,0.339116216,7.0,-2.611265182
108.0,0.0,1276.0,8082.597168,330.6758118,78.0,9.753600121,24.68880081,4000.0,64.89360046,40.20479965,418.0384827,0.864304662,3.0,27.56616974
109.0,0.0,1275.0,1452.264526,330.6979675,54.0,6.705600262,11.58240032,1000.0,32.66400146,21.08160019,350.604126,0.069705121,3.0,5.497943878
110.0,0.0,1272.0,18263.48438,1517.304077,41.0,-0.609600008,0.0,6000.0,15.39679909,14.39679909,231.135498,0.297062725,4.0,-0.124164581
111.0,0.0,1234.0,31257.75977,1118.225586,48.0,4.267199993,29.56559944,2000.0,85.79519653,56.229599,238.9208679,0.290095329,3.0,10.02290344
112.0,0.0,1231.0,31243.58008,1112.348022,34.0,-2.133599997,33.52799988,2000.0,68.44239807,33.0,377.2033997,0.329982281,7.0,-2.557813644
113.0,0.0,1225.0,30776.95117,428.9727478,35.0,-5.181600094,31.39439964,6000.0,49.02080154,15.62639999,286.8661194,0.773732424,7.0,-6.47401619
114.0,0.0,1237.0,20848.60156,119.7457428,34.0,0.0,15.84959984,6000.0,34.0,17.15040016,239.9977264,0.238273352,3.0,-4.431488037
115.0,0.0,1232.0,26982.67969,240.5095215,39.0,0.609600008,15.23999977,6000.0,37.78079987,23.54080009,492.9571533,0.612340808,3.0,-2.282752991
116.0,0.0,1223.0,60965.58594,2920.070557,20.0,-1.524000049,91.1352005,3000.0,107.4776001,16.3423996,225.5445251,0.198791042,7.0,-0.762563705
117.0,0.0,1286.0,23364.38281,359.2353821,46.0,16.15439987,98.45040131,6000.0,111.8367996,13.38639832,299.9260864,0.150711939,3.0,3.16185379
118.0,0.0,1236.0,33833.14844,1122.364136,41.0,6.400800228,39.01440048,2000.0,80.62400055,42.60960007,277.7003174,0.617005408,7.0,11.27283096
119.0,0.0,1245.0,27245.34766,94.71395874,43.0,-0.609600008,14.93519974,6000.0,26.54080009,11.60560036,213.6710205,0.572349727,3.0,-0.037742615
120.0,0.0,1230.0,43379.96094,903.9632568,22.0,-1.828799963,45.11040115,6000.0,78.08320618,33.97280121,214.2579803,0.015103992,7.0,-0.980100632
121.0,0.0,1267.0,5016.424316,571.2158203,55.0,6.400800228,57.3024025,2000.0,75.72640228,18.42399979,378.4398193,1.265474916,3.0,9.981956482
122.0,0.0,1285.0,17316.10742,817.1922607,41.0,13.71600056,97.23120117,1000.0,101.9599991,4.728797913,297.1459351,0.351591676,3.0,-0.716773987
123.0,0.0,1241.0,27450.05664,376.3050842,43.0,1.219200015,5.181600094,6000.0,25.32159996,20.13999939,235.5740204,0.040033866,3.0,-1.190162659
124.0,0.0,1269.0,11547.95898,1019.228882,36.0,0.304800004,0.0,4000.0,7.653598785,6.653598785,252.9013519,0.053707752,3.0,-1.144338608
125.0,0.0,1222.0,28198.23828,2047.84375,36.0,-5.181600094,31.08959961,6000.0,60.07920074,27.770401,274.7789001,0.207915694,7.0,-5.406570435
126.0,0.0,1223.0,46282.00391,637.6893921,24.0,-3.352800131,55.47360229,4000.0,83.43600464,26.96240044,213.3132935,0.175784186,7.0,-1.754899979
127.0,0.0,1246.0,16523.49219,324.2111206,45.0,1.828799963,21.03120041,1000.0,52.31520081,30.2840004,241.4258118,1.040796757,3.0,3.077251434
128.0,0.0,1245.0,25806.39648,638.0348511,45.0,0.914399981,17.06879997,6000.0,29.15040016,12.38639832,284.5706177,0.083554231,3.0,0.133895874
129.0,0.0,1230.0,47882.11719,4713.211914,28.0,3.048000097,68.27519989,1000.0,98.10400391,29.8288002,304.4623108,0.157181948,7.0,-0.249982834
130.0,0.0,1254.0,20575.70703,515.8255615,41.0,0.609600008,7.924799919,6000.0,23.32159996,13.39679909,215.8772736,0.106135815,3.0,0.196018219
131.0,0.0,1219.0,24305.36719,161.8127441,21.0,-2.743200064,45.11040115,4000.0,57.88080215,18.770401,231.1081696,0.149535298,7.0,-0.785799026
132.0,0.0,1272.0,15144.9375,1546.58667,35.0,-0.914399981,0.0,4000.0,6.958398819,10.95839882,259.6925049,0.161422327,4.0,-0.806560516
133.0,0.0,1265.0,7011.501465,656.3603516,39.0,3.048000097,6.705600262,6000.0,13.09199905,5.386398315,235.9174347,0.09925399,3.0,-0.965232849
134.0,0.0,1259.0,18835.76953,656.3526611,36.0,0.304800004,0.0,6000.0,8.567998886,3.567998886,222.2137604,0.037576295,4.0,0.364151001
135.0,0.0,1221.0,38240.17969,894.5526733,37.0,1.828799963,40.53839874,2000.0,106.799202,65.56559753,236.6489868,2.647483826,7.0,5.574193954
136.0,0.0,1258.0,17614.02148,1024.343384,41.0,0.0,7.315199852,6000.0,19.96879959,12.65359879,234.8171234,0.103783287,3.0,-0.640964508
137.0,0.0,1273.0,8367.545898,234.4124756,39.0,1.524000049,0.0,6000.0,13.09199905,13.09199905,239.052948,0.079617985,3.0,0.472002029
138.0,0.0,1278.0,16391.48828,59.87280273,45.0,10.66800022,38.70960236,5000.0,41.3423996,3.242401123,289.1287231,0.414622188,3.0,1.813476563
139.0,0.0,1223.0,53376.05078,2910.580078,23.0,3.048000097,80.16239929,3000.0,96.15200043,15.98959923,292.6176758,0.135949299,7.0,-1.152435303
140.0,0.0,1230.0,41844.14453,2078.05127,28.0,-0.304800004,54.86400223,2000.0,84.38800049,29.52400017,236.6676178,0.215662763,7.0,-1.525894165
141.0,0.0,1255.0,16631.23633,756.6048584,51.0,3.657599926,20.72640038,2000.0,35.76000214,19.03359985,273.3380127,0.066517003,3.0,9.390068054
142.0,0.0,1282.0,8368.46582,90.19103241,39.0,2.43840003,28.04160118,6000.0,32.90399933,6.776798248,289.4822998,0.056264613,3.0,-3.353321075
143.0,0.0,1233.0,39906.42188,2107.779297,26.0,-1.524000049,48.76800156,2000.0,80.25440216,31.18160057,233.7358551,0.1331532,7.0,-0.094552994
144.0,0.0,1285.0,21617.05859,430.151947,40.0,7.619999886,64.31279755,1000.0,80.53839874,15.31119919,215.8672943,0.145943061,3.0,-2.333843231
145.0,0.0,1225.0,28446.25781,2049.764648,28.0,-5.486400127,29.26079941,6000.0,49.33599854,20.07519913,236.3444061,0.048254132,7.0,-5.81096077
146.0,0.0,1273.0,16640.02539,497.2407837,67.0,6.705600262,37.49040222,1000.0,61.20880127,23.71839905,334.3913879,1.500166774,3.0,11.83489227
147.0,0.0,1281.0,3209.459473,30.06399536,40.0,-0.609600008,50.59680176,1000.0,64.38400269,13.78719902,232.4792633,0.516209304,3.0,-3.576519012
148.0,0.0,1234.0,24055.26563,84.84632111,49.0,3.352800131,13.41120052,2000.0,41.38000107,27.96879959,296.2961731,1.618495584,3.0,-0.928562164
149.0,0.0,1235.0,31530.94922,180.3835297,37.0,5.181600094,39.92879868,2000.0,70.83280182,26.90399933,308.2097778,0.227533683,7.0,1.782522202
150.0,0.0,1263.0,11243.11133,1041.059082,53.0,15.84959984,66.75119781,2000.0,92.0144043,22.26319885,237.5365906,0.135944009,3.0,4.762252808
151.0,0.0,1245.0,26426.32031,1148.709839,41.0,4.267199993,38.10000229,1000.0,65.38400269,29.2840004,386.925415,1.786096573,7.0,2.321750641
152.0,0.0,1255.0,16950.29102,742.7372437,40.0,12.19200039,51.51119995,2000.0,72.918396,21.40719986,337.8629761,0.278415799,3.0,1.405223846
153.0,0.0,1228.0,31063.00781,218.0011292,35.0,-4.572000027,33.52799988,4000.0,50.84960175,17.32159996,285.9250793,0.458718568,7.0,-6.118379593
154.0,0.0,1239.0,32649.85352,361.9614563,42.0,5.791200161,45.72000122,2000.0,82.84320068,33.12319946,263.3688354,0.671769679,7.0,1.943359375
155.0,0.0,1232.0,25252.89063,95.02484894,44.0,1.219200015,12.49680042,1000.0,36.07519913,21.57839966,259.8971558,0.271124691,3.0,-1.25226593
156.0,0.0,1227.0,30816.19922,66.99317169,38.0,3.352800131,19.81200027,1000.0,46.83919907,27.41759872,235.4218597,0.214340359,7.0,1.104606628
157.0,0.0,1246.0,23243.28906,300.881073,43.0,-0.609600008,11.27760029,6000.0,28.3696003,17.09199905,241.6989288,0.780931473,3.0,1.097213745
158.0,0.0,1251.0,22440.47656,1003.313965,48.0,14.02080059,48.46319962,2000.0,85.79519653,35.33200073,261.7499084,0.156094775,3.0,2.332206726
159.0,0.0,1273.0,10944.36914,1680.186279,33.0,0.304800004,0.0,4000.0,5.87279892,5.87279892,299.6478882,0.156711936,3.0,-0.335536957
160.0,0.0,1274.0,8855.204102,1083.934692,39.0,-6.400800228,79.55280304,6000.0,94.16880035,14.61599922,258.9114685,0.650519967,7.0,-19.24868202
161.0,0.0,1252.0,20862.14258,108.2471085,51.0,4.267199993,17.98320007,2000.0,37.89360046,15.91040039,230.7571106,0.647954345,3.0,5.462677002
162.0,0.0,1281.0,10459.69727,1751.600952,34.0,-0.609600008,0.0,3000.0,12.05439949,12.35919952,225.9936676,0.217973158,3.0,-0.703735352
163.0,0.0,1265.0,10075.92383,424.2355347,55.0,5.791200161,24.68880081,1000.0,40.36959839,15.68080139,328.4361572,0.843655467,3.0,3.758155823
164.0,0.0,1279.0,17643.375,642.4310303,41.0,6.705600262,56.38800049,6000.0,60.81200027,4.423999786,231.4294128,0.373941123,3.0,-6.716129303
165.0,0.0,1229.0,44163.98828,798.2609863,25.0,-4.267199993,43.28160095,2000.0,81.08320618,40.80160141,252.523819,0.279440135,7.0,-2.000938416
166.0,0.0,1236.0,24662.88672,108.0710297,45.0,1.524000049,14.32560062,6000.0,35.24639893,22.92079926,322.6194763,2.37319541,3.0,1.304759979
167.0,0.0,1247.0,23198.05469,217.9997711,46.0,8.229599953,42.06240082,1000.0,78.61360168,36.55120087,344.7799683,0.319179118,3.0,-2.767230988
168.0,0.0,1265.0,12152.96582,389.4048462,41.0,1.828799963,3.657599926,2000.0,13.87279892,9.910400391,234.151062,0.059148759,3.0,-0.07365799
169.0,0.0,1277.0,17369.44531,523.2002563,54.0,16.15439987,44.19599915,1000.0,55.52399826,11.32799911,326.4907532,0.736046493,3.0,5.178829193
170.0,0.0,1261.0,17903.70508,980.8364868,36.0,0.914399981,83.21040344,2000.0,87.51119995,4.300800323,226.8768768,0.029362483,3.0,-5.69890213
171.0,0.0,1223.0,36102.46094,1078.12207,21.0,-3.048000097,42.36719894,4000.0,75.86399841,33.19200134,228.8310242,0.227231413,7.0,1.611061096
172.0,0.0,1256.0,18961.45703,591.0404053,48.0,10.66800022,59.13119888,2000.0,90.36720276,33.15039825,231.4234467,0.495296061,3.0,-1.188167572
173.0,0.0,1264.0,11296.71875,370.3721924,32.0,-5.181600094,24.07920074,1000.0,26.5135994,2.434400558,269.6521301,0.194816262,3.0,-6.01559639
174.0,0.0,1232.0,29274.23828,688.5371704,42.0,-2.43840003,38.40480042,1000.0,62.72640228,16.32159996,315.0414124,1.554416776,7.0,-1.927961349
175.0,0.0,1292.0,20987.93945,1236.075684,72.0,7.315199852,60.35039902,1000.0,101.2608032,41.21520233,260.3343811,15.8160696,3.0,65.01298523
176.0,0.0,1217.0,24318.06641,134.0036316,20.0,-2.43840003,42.06240082,1000.0,56.27120209,13.5991993,226.8548126,0.072300784,7.0,0.349317551
177.0,0.0,1223.0,47559.625,484.2970886,24.0,-4.267199993,62.78879929,1000.0,97.45680237,34.66799927,358.8016052,0.40073663,7.0,-5.321500778
178.0,0.0,1241.0,25498.31445,1581.784058,45.0,-0.609600008,12.49680042,6000.0,30.97919846,18.48239899,238.8262177,0.207928672,3.0,-0.397342682
179.0,0.0,1231.0,34919.89453,615.4113159,38.0,2.133599997,16.76399994,2000.0,41.96239853,22.89360046,343.8746338,1.385733485,3.0,-0.918708801
180.0,0.0,1238.0,23715.99023,360.7655334,54.0,-0.304800004,17.67840004,1000.0,55.8288002,38.15039825,230.4785767,0.233864263,3.0,9.018260956
181.0,0.0,1278.0,19465.83203,179.6177673,42.0,5.791200161,44.50080109,1000.0,51.14400101,4.643199921,230.8085022,0.182153836,3.0,-2.658195496
182.0,0.0,1281.0,12031.50781,761.0953979,44.0,13.10640049,59.74079895,1000.0,68.38400269,9.643199921,389.6192322,1.140806198,3.0,-3.713577271
183.0,0.0,1282.0,20732.97656,192.0180664,46.0,14.32560062,93.26879883,1000.0,111.8367996,18.56799889,259.5362854,0.540249765,3.0,7.039058685
184.0,0.0,1222.0,55741.57031,4999.776855,33.0,3.352800131,87.4776001,1000.0,114.0767975,24.5991993,252.8529968,0.162044585,7.0,-0.928106308
185.0,0.0,1227.0,36194.20313,284.1373901,17.0,-3.96239996,40.84320068,2000.0,68.81600189,27.66799927,321.8390808,0.075822406,7.0,-1.59167099
186.0,0.0,1224.0,32379.91602,384.3983154,32.0,-5.181600094,25.90800095,1000.0,45.41120148,19.50320053,306.182312,0.720664859,7.0,-4.761520386
187.0,0.0,1249.0,18379.46289,161.7940674,45.0,2.133599997,21.64080048,1000.0,29.76000023,8.119197845,297.6445313,0.876669824,3.0,1.995666504
188.0,0.0,1225.0,42044.74609,484.7458801,27.0,-3.352800131,41.14799881,3000.0,81.86399841,37.7159996,323.0927124,0.397246659,7.0,0.458307266
189.0,0.0,1283.0,25484.56836,362.0027466,42.0,13.71600056,102.717598,6000.0,110.8848038,8.167198181,241.5674591,0.01865893,3.0,-3.565727234
190.0,0.0,1224.0,49613.16797,4139.690918,29.0,6.096000195,71.32320404,1000.0,103.9808044,33.04800034,274.9407654,0.252476752,7.0,2.778974533
191.0,0.0,1229.0,27527.58789,175.0894775,31.0,1.828799963,19.50720024,6000.0,43.80160141,24.29439926,234.0662231,0.187743679,7.0,1.07970047
192.0,0.0,1221.0,39759.82422,2253.778809,35.0,0.0,44.50080109,6000.0,108.1520004,63.65119934,266.5964966,0.028722715,7.0,-0.61501503
193.0,0.0,1238.0,31136.58984,503.7820129,44.0,1.524000049,7.924799919,1000.0,27.54080009,20.61599922,228.7973175,0.151383325,3.0,-2.356513977
194.0,0.0,1237.0,35145.97266,1194.100098,34.0,-2.43840003,45.41519928,3000.0,79.72000122,34.30479813,321.0630188,1.244888425,7.0,-0.826019287
195.0,0.0,1241.0,27137.38281,306.5531006,38.0,3.657599926,41.14799881,2000.0,62.68880081,21.54080009,259.5456848,0.305611789,7.0,-4.109064102
196.0,0.0,1250.0,22142.19336,1390.953979,45.0,0.0,12.80160046,6000.0,28.23600006,17.43440056,223.8529358,0.065927967,3.0,-0.29006958
197.0,0.0,1284.0,18884.82422,980.7748413,50.0,13.71600056,103.9367981,1000.0,121.6279984,17.69120026,303.9547729,0.311570942,3.0,9.148628235
198.0,0.0,1243.0,23481.78906,956.2473755,44.0,2.133599997,14.32560062,2000.0,30.58879852,16.26319885,239.2423553,0.582090378,3.0,-1.507362366
199.0,0.0,1274.0,11238.58594,94.70376587,66.0,9.448800087,31.39439964,1000.0,56.24639893,24.85200119,235.3843689,0.97401464,3.0,19.22713089
200.0,0.0,1241.0,27578.11523,95.0349884,36.0,3.96239996,40.84320068,1000.0,62.21279907,20.4552002,232.3559113,0.12708053,7.0,-3.879827499
201.0,0.0,1284.0,20599.70508,753.9730225,45.0,15.23999977,54.86400223,1000.0,73.95600128,18.09199905,307.5606995,1.180765986,3.0,1.802707672
202.0,0.0,1238.0,30909.35547,161.7947998,34.0,5.181600094,42.67200089,2000.0,67.52799988,24.85599899,258.5328369,1.495536804,7.0,3.24654007
203.0,0.0,1237.0,25947.91016,1390.988281,51.0,3.048000097,7.315199852,6000.0,36.36959839,29.05439949,345.448761,0.00474805,3.0,-1.449558258
204.0,0.0,1223.0,27944.23242,299.3647156,16.0,-2.743200064,50.90159988,6000.0,69.03520203,18.13360023,279.4742737,0.044491433,7.0,-1.457259178
205.0,0.0,1246.0,23412.29297,212.1483154,39.0,0.304800004,14.93519974,2000.0,23.15040016,8.215200424,236.9739838,0.160046652,3.0,0.646808624
206.0,0.0,1283.0,6779.361328,1408.904297,41.0,8.83920002,49.68239975,1000.0,63.55519867,13.87279892,296.8808289,1.33833766,3.0,-7.327064514
207.0,0.0,1219.0,24460.45703,1149.326416,23.0,-1.219200015,51.81600189,2000.0,73.29199982,22.47599983,272.2453613,0.478328615,7.0,1.81120491
208.0,0.0,1239.0,32758.23047,721.1878662,30.0,3.352800131,45.11040115,1000.0,70.84320068,25.73279953,290.4360352,0.820742607,7.0,0.244205475
209.0,0.0,1281.0,6264.448242,782.2323608,44.0,7.010400295,49.98720169,1000.0,67.46960449,16.48239899,296.8808289,1.737387657,3.0,-2.573455811
211.0,0.0,1225.0,46944.41797,831.3945313,30.0,4.87680006,68.58000183,6000.0,91.87440491,22.68479919,247.7626495,0.082171455,7.0,1.036371231
212.0,0.0,1240.0,28621.91406,761.0577393,45.0,2.743200064,29.56559944,2000.0,71.82240295,41.95199966,340.5380249,0.541782796,3.0,6.646209717
213.0,0.0,1246.0,20771.81836,541.982666,35.0,1.219200015,27.73680115,2000.0,44.75360107,15.01679993,334.3682556,0.470855355,3.0,-2.369789124
214.0,0.0,1283.0,26858.05469,1712.999268,44.0,15.84959984,104.2416,1000.0,113.799202,10.55759811,309.8266602,1.316533566,3.0,-4.118236542
215.0,0.0,1281.0,17698.66211,1550.502808,44.0,10.97280025,91.1352005,1000.0,106.7888031,15.65359879,303.2049255,1.2125386,3.0,5.345436096
216.0,0.0,1241.0,19777.61719,318.8408813,48.0,1.828799963,16.45919991,1000.0,48.0,28.54080009,217.4773865,1.278101087,3.0,3.181453705
217.0,0.0,1269.0,18065.61719,1428.502319,32.0,-7.010400295,82.60079956,1000.0,91.74079895,9.13999939,241.249176,0.707454145,7.0,-11.10864639
218.0,0.0,1277.0,3623.097168,590.5123291,38.0,3.657599926,14.6303997,6000.0,20.62639999,5.995998383,238.8661804,0.126084581,3.0,-1.961669922
219.0,0.0,1285.0,9408.293945,574.3537598,58.0,21.03120041,61.26480103,1000.0,86.65119934,25.69120026,411.7185364,1.925532937,3.0,7.85451889
220.0,0.0,1230.0,36381.64453,59.87250519,22.0,-6.096000195,46.02479935,5000.0,70.15840149,26.13360023,406.1658325,0.202572614,7.0,-6.870742798
221.0,0.0,1246.0,28526.31055,514.5551758,38.0,0.0,14.93519974,1000.0,20.62639999,5.995998383,238.3848724,0.485387594,3.0,-0.035087585
222.0,0.0,1229.0,40533.1875,3352.863281,26.0,-1.219200015,49.37760162,3000.0,82.38800049,33.01039886,222.7099915,0.025884164,7.0,0.802652359
223.0,0.0,1216.0,61083.45703,6852.869141,25.0,-0.914399981,97.84079742,1000.0,124.3647995,26.52400017,226.46875,0.015139559,7.0,-1.51858139
224.0,0.0,1282.0,21323.14648,511.0266724,50.0,14.93519974,93.57360077,1000.0,116.1416016,23.56799889,259.5362854,1.080572367,3.0,7.616218567
225.0,0.0,1275.0,7081.460449,257.8764648,58.0,14.93519974,25.29840088,2000.0,46.41759872,22.72879791,534.987915,0.761183262,3.0,9.180927277
226.0,0.0,1283.0,10946.64355,335.8165588,37.0,-1.524000049,0.0,1000.0,16.57839966,14.57839966,332.0615234,0.14253746,4.0,-2.395174026
227.0,0.0,1231.0,31720.89648,615.5875244,33.0,-2.743200064,33.52799988,2000.0,68.96640015,34.43840027,349.9557495,0.551378012,7.0,-5.317501068
228.0,0.0,1251.0,22567.13477,234.236496,41.0,1.219200015,11.27760029,1000.0,24.23600006,13.95839882,247.6625977,0.786578357,3.0,3.512386322
229.0,0.0,1235.0,24912.59375,90.1910553,42.0,0.914399981,12.19200039,2000.0,35.5992012,23.40719986,264.7198181,0.262927026,3.0,-1.225517273
230.0,0.0,1222.0,44502.30078,1104.82959,18.0,-1.828799963,49.68239975,3000.0,76.21679688,26.53440094,239.8529968,0.079189904,7.0,0.82550621
231.0,0.0,1270.0,15925.26367,1563.204346,33.0,-6.096000195,81.68640137,6000.0,90.30239868,14.27359962,278.9849548,0.236656517,7.0,-13.96720695
232.0,0.0,1230.0,40858.58984,686.3832397,21.0,-2.133599997,45.11040115,3000.0,78.30239868,33.19200134,200.4704437,0.200393796,7.0,1.556316376
233.0,0.0,1288.0,20012.9043,108.2484741,46.0,16.15439987,88.39199829,1000.0,103.3023987,15.91040039,245.2294769,0.4930906,3.0,1.891788483
234.0,0.0,1231.0,38381.40625,1656.377319,24.0,-3.657599926,45.11040115,2000.0,75.20640564,30.09600067,251.414978,0.090782143,7.0,-2.476631165
235.0,0.0,1266.0,15338.00488,1531.49353,35.0,-0.609600008,0.0,3000.0,6.653598785,6.653598785,244.6865692,0.014942623,4.0,-0.703454971
236.0,0.0,1244.0,29914.54297,925.9078979,37.0,1.828799963,40.53839874,2000.0,69.61360168,27.85599899,275.4390259,0.52700913,7.0,0.568622589
237.0,0.0,1254.0,19198.64453,360.491333,53.0,1.828799963,23.77440071,1000.0,45.38000107,19.60560036,327.9555664,0.248992786,3.0,7.256072998
238.0,0.0,1217.0,53598.67969,7544.905273,24.0,3.657599926,81.38159943,1000.0,109.953598,28.5720005,331.5066833,0.169686496,7.0,0.101640701
239.0,0.0,1254.0,28124.79492,1278.497437,77.0,12.49680042,34.44240189,2000.0,101.0792007,66.63680267,798.5236206,1.496887684,3.0,37.80747986
240.0,0.0,1221.0,49708.89063,1939.308105,20.0,-1.219200015,66.4464035,6000.0,86.14160156,20.69519997,200.1758575,0.122178555,7.0,-0.472009659
241.0,0.0,1230.0,33557.19141,966.2077026,28.0,-0.914399981,41.45280075,1000.0,52.38400269,10.01679993,238.2189789,0.356289357,7.0,-2.251247406
242.0,0.0,1237.0,27723.67969,495.6792908,43.0,1.828799963,10.66800022,6000.0,31.1128006,21.74959946,226.9230804,1.859673262,3.0,-0.970802307
243.0,0.0,1222.0,26762.38477,2225.022705,17.0,-0.914399981,49.98720169,2000.0,64.85359955,14.86639977,232.5483398,0.143152297,7.0,2.939479828
244.0,0.0,1282.0,9106.313477,644.9317627,36.0,0.304800004,0.0,3000.0,14.96879959,14.96879959,267.1317139,0.075398557,3.0,0.482736588
245.0,0.0,1250.0,20860.94531,108.0701141,45.0,3.352800131,32.91839981,1000.0,58.10639954,25.18799973,356.4342041,0.873797715,3.0,-1.337947845
246.0,0.0,1272.0,14528.35938,1773.974365,44.0,-0.304800004,0.0,6000.0,15.65359879,15.65359879,257.2518311,0.264092416,4.0,-0.557701111
247.0,0.0,1237.0,28067.5957,390.6035156,48.0,1.828799963,10.05840015,1000.0,35.50320053,25.74959946,226.9230804,0.977012038,3.0,4.573554993
248.0,0.0,1283.0,13469.6543,2240.661377,48.0,11.88720036,82.29599762,1000.0,91.89120483,9.595199585,293.7119446,0.044962388,3.0,-2.922447205
249.0,0.0,1271.0,15602.12695,605.4880981,30.0,-0.304800004,0.0,3000.0,1.653598785,1.653598785,242.3998566,0.16496785,4.0,-0.329135895
250.0,0.0,1286.0,20291.80664,119.7449341,41.0,7.315199852,67.66560364,1000.0,80.92880249,12.34879875,332.3027649,0.284843534,3.0,-4.995121002
251.0,0.0,1219.0,45366.28906,588.3443604,31.0,-6.096000195,57.60720062,6000.0,107.5047989,51.89759827,379.7876892,0.271673918,7.0,-5.914991379
252.0,0.0,1229.0,32090.95898,161.2979889,30.0,-4.572000027,42.36719894,6000.0,54.07920074,11.71199989,352.8325195,0.457452476,7.0,-2.068208694
253.0,0.0,1240.0,22593.73828,211.7060394,46.0,1.524000049,15.23999977,6000.0,38.98960114,23.74959946,228.1309357,0.064811513,3.0,-2.821140289
254.0,0.0,1290.0,10487.00781,596.6820068,71.0,22.86000061,45.11040115,1000.0,83.49680328,38.38639832,339.1856689,0.214498773,3.0,17.82053757
255.0,0.0,1265.0,14638.92676,976.9888916,63.0,6.096000195,78.02880096,2000.0,113.9015961,35.87279892,390.9075317,1.116633177,3.0,12.67765045
256.0,0.0,1263.0,6555.51416,120.2541656,49.0,6.096000195,14.6303997,1000.0,28.27359962,13.64319992,268.9059753,1.947512388,3.0,3.046604156
257.0,0.0,1239.0,27846.45313,550.0958252,41.0,0.0,11.58240032,6000.0,23.32159996,11.73920059,233.8677521,0.009510296,3.0,-0.531223297
258.0,0.0,1282.0,15327.33301,546.3618164,54.0,9.753600121,92.96400452,1000.0,116.1791992,23.21520042,322.3817139,1.484421134,3.0,9.046203613
259.0,0.0,1279.0,6433.359375,269.4261475,47.0,16.45919991,69.49440002,6000.0,86.62400055,17.12960052,239.0735779,0.96807611,3.0,0.649429321
260.0,0.0,1258.0,15696.2666,871.8687134,48.0,14.93519974,47.54880142,1000.0,75.12719727,27.57839966,237.39505,0.318757981,3.0,5.220752716
261.0,0.0,1251.0,22833.37695,661.3273926,49.0,14.6303997,48.76800156,1000.0,86.79519653,38.02719879,261.7499084,0.047321092,3.0,2.888866425
262.0,0.0,1282.0,4987.129883,1408.296631,50.0,4.572000027,56.99760056,1000.0,78.34640503,21.56799889,237.3463745,0.255749971,3.0,-0.57485199
263.0,0.0,1285.0,23583.52734,258.2321472,42.0,4.267199993,69.18959808,1000.0,87.11039734,17.92079926,276.26297,0.766599655,3.0,-0.311447144
264.0,0.0,1257.0,16226.47949,242.1447601,40.0,-3.352800131,22.55520058,1000.0,32.07519913,7.910400391,235.3245544,0.03400629,3.0,-0.606300354
265.0,0.0,1271.0,11018.76855,1475.415039,42.0,0.0,0.0,4000.0,13.65359879,9.653598785,278.8901367,0.044784263,3.0,-1.40306282
266.0,0.0,1231.0,33653.14063,511.0841675,33.0,1.524000049,41.45280075,1000.0,57.68880081,17.23600006,259.8306274,0.69996959,7.0,1.515920639
267.0,0.0,1283.0,13313.91211,675.2721558,45.0,14.6303997,73.45680237,1000.0,80.66160583,7.204799652,276.6081848,0.056715935,3.0,-2.964893341
268.0,0.0,1264.0,12984.76465,218.0227509,40.0,1.828799963,3.048000097,6000.0,12.26319885,9.215200424,220.2352448,0.155946568,3.0,-0.447654724
269.0,0.0,1228.0,26587.01758,2266.708008,26.0,-5.486400127,27.43200111,6000.0,48.25040054,20.81839943,308.0507813,0.093798146,7.0,-4.785097122
270.0,0.0,1276.0,1885.921875,647.1842041,42.0,-5.791200161,37.18560028,6000.0,53.58240128,16.39679909,262.0807495,1.084989071,3.0,-9.176612854
271.0,0.0,1238.0,29707.21094,300.6335754,41.0,1.828799963,7.315199852,6000.0,28.19839859,20.88319969,275.4283752,0.009634108,3.0,-1.190776825
272.0,0.0,1220.0,61039.30469,1925.035522,18.0,-1.219200015,88.69680023,3000.0,105.4776001,17.78079987,235.6115417,0.093341224,7.0,-0.508453369
273.0,0.0,1226.0,58730.26953,5985.434082,26.0,-0.609600008,97.23120117,1000.0,115.0016022,17.770401,240.0139771,0.146288559,7.0,-1.884807587
274.0,0.0,1256.0,19446.45313,95.03226471,42.0,0.609600008,7.924799919,2000.0,23.10239983,14.87279892,238.4343262,0.103896692,3.0,0.337249756
275.0,0.0,1283.0,12972.00781,573.2819214,81.0,35.96640015,43.28160095,1000.0,85.87680054,43.50959778,308.4439697,0.487962961,3.0,27.57001114
276.0,0.0,1264.0,14371.08496,30.06399918,51.0,14.32560062,55.16880035,6000.0,82.69920349,27.53039932,299.0663452,0.546364725,3.0,0.788139343
277.0,0.0,1247.0,21679.0332,29.93624687,33.0,5.791200161,35.96640015,6000.0,54.64080048,18.67440033,276.2908936,0.493004411,3.0,-4.784694672
278.0,0.0,1282.0,10795.21289,1197.814331,51.0,19.20240021,75.5904007,6000.0,90.62400055,15.03359985,254.8040771,0.552067518,3.0,6.06187439
279.0,0.0,1237.0,23049.44141,200.977356,39.0,0.914399981,16.76399994,6000.0,39.91439819,23.15040016,334.6016235,0.5620628,3.0,-1.855506897
280.0,0.0,1246.0,22988.58594,149.8991547,41.0,2.43840003,41.14799881,1000.0,56.84960175,18.70159912,445.0522766,5.053481102,3.0,9.219554901
281.0,0.0,1280.0,20389.64258,29.93626022,44.0,14.93519974,94.48799896,5000.0,106.4840012,12.69120026,322.0563049,0.31817922,3.0,1.085670471
282.0,0.0,1223.0,57920.73047,150.1038666,20.0,-3.352800131,75.28559875,6000.0,99.2480011,23.96240044,261.6332397,0.028528882,7.0,-2.766683578
283.0,0.0,1247.0,24841.58594,30.06399345,33.0,6.705600262,34.74720001,5000.0,53.1167984,18.3696003,357.5173035,0.004798119,3.0,-3.263950348
284.0,0.0,1276.0,18620.44336,276.04599,35.0,3.657599926,94.48799896,1000.0,103.2751999,8.78719902,297.805542,0.589474201,3.0,-2.078388214
285.0,0.0,1269.0,16802.20508,1268.454346,35.0,-1.219200015,0.0,4000.0,7.263198853,7.263198853,334.6084595,0.099156022,4.0,-0.670530319
286.0,0.0,1252.0,15617.89453,179.6178436,38.0,1.828799963,25.60320091,2000.0,49.58240128,25.2840004,246.2297821,0.278221279,3.0,-3.460723877
287.0,0.0,1223.0,33765.375,408.7833557,22.0,-3.048000097,42.97679901,2000.0,73.81600189,30.83919907,214.1022339,0.077549577,7.0,0.52904129
288.0,0.0,1265.0,17722.06445,1143.966797,45.0,-2.133599997,0.0,6000.0,17.56799889,20.56799889,348.1893616,0.075987935,4.0,-1.91582489
289.0,0.0,1298.0,18479.00781,3792.290283,39.0,10.05840015,90.83039856,1000.0,93.5592041,2.728797913,245.1177063,0.032944698,3.0,13.99733734
290.0,0.0,1246.0,24455.9707,700.322998,47.0,0.0,15.5447998,6000.0,36.63679886,19.09199905,235.9878693,0.059930373,3.0,-0.535400391
291.0,0.0,1226.0,47006.22266,60.12796783,37.0,10.97280025,71.0184021,1000.0,96.74079895,25.72240067,248.0886993,0.311192781,7.0,8.737710953
292.0,0.0,1278.0,20152.23242,268.6568298,35.0,-0.304800004,29.56559944,3000.0,31.03759956,1.472000122,227.699585,1.356357574,3.0,-3.738571167
293.0,0.0,1285.0,19372.81445,0.0,45.0,15.5447998,87.78240204,5000.0,101.0832062,12.30080032,273.7268372,0.090973511,3.0,-1.155761719
294.0,0.0,1225.0,34741.25781,1597.568237,19.0,-3.352800131,41.45280075,2000.0,68.98719788,29.53440094,235.536499,0.066006728,7.0,0.044029236
295.0,0.0,1226.0,27808.85938,1920.45813,22.0,-4.87680006,46.32960129,2000.0,57.35680008,11.11279964,212.6159668,0.161475763,7.0,-2.679281235
296.0,0.0,1273.0,8896.550781,900.8145142,35.0,-2.743200064,83.21040344,2000.0,87.73040009,3.520000458,247.9431152,0.252177149,7.0,-12.34310913
297.0,0.0,1239.0,33352.90625,787.5984497,38.0,4.267199993,46.32960129,2000.0,81.58639526,35.25680161,230.1267242,0.292010903,7.0,7.616142273
298.0,0.0,1229.0,29044.88867,530.8010254,39.0,-1.219200015,25.60320091,2000.0,56.98320007,31.38000107,227.379837,1.096496224,7.0,1.30890274
299.0,0.0,1237.0,26312.51758,182.8442078,42.0,0.914399981,11.88720036,2000.0,32.85599899,20.96879959,226.0944366,1.113220453,3.0,3.836940765
300.0,0.0,1261.0,6051.035645,1186.362793,47.0,-2.133599997,35.35680008,6000.0,57.36320114,22.00639915,252.0582581,0.065701254,3.0,-5.328733444
301.0,0.0,1256.0,17896.15625,966.2441406,36.0,6.400800228,67.66560364,1000.0,82.93920135,18.27359962,225.2612,0.421806097,3.0,-6.241394043
302.0,0.0,1275.0,3302.950195,666.5961304,52.0,5.181600094,19.81200027,2000.0,37.36959839,17.55759811,302.0588379,0.393873215,3.0,1.036518097
303.0,0.0,1219.0,24228.66797,190.0484467,23.0,-2.43840003,43.28160095,6000.0,59.57600021,16.29439926,234.3030701,0.027900854,7.0,-1.455820084
304.0,0.0,1263.0,11088.73438,271.1001282,44.0,3.96239996,7.315199852,2000.0,19.92079926,12.30080032,244.440033,0.106801309,3.0,1.125312805
305.0,0.0,1223.0,50206.61719,2060.675293,21.0,0.609600008,67.05599976,4000.0,85.92240143,18.86639977,226.3521423,0.208427951,7.0,1.149959564
306.0,0.0,1231.0,37065.86719,1714.702026,34.0,-2.43840003,36.57600021,1000.0,84.59680176,45.02080154,293.3539124,0.411797553,7.0,1.492231369
307.0,0.0,1250.0,17983.51563,375.4933167,54.0,2.743200064,22.55520058,2000.0,43.63679886,21.08160019,303.4644165,0.376415968,3.0,7.493309021
308.0,0.0,1221.0,54109.78516,1676.269165,25.0,-1.828799963,71.93280029,4000.0,97.84719849,25.9144001,237.2499695,0.29865092,7.0,-1.483428955
309.0,0.0,1226.0,31440.16211,152.6778107,34.0,-3.96239996,21.94560051,1000.0,46.80160141,24.85599899,261.0009766,0.81851989,7.0,-3.791416168
310.0,0.0,1247.0,27017.38477,384.0406494,32.0,0.609600008,10.66800022,1000.0,14.62639999,3.958398819,238.9647369,0.396304101,3.0,-0.051795959
311.0,0.0,1235.0,28385.78125,403.6680298,42.0,1.828799963,9.448800087,6000.0,29.80799866,21.35919952,233.6403656,0.129443422,3.0,-1.819641113
312.0,0.0,1232.0,27751.19336,375.4995117,57.0,1.828799963,10.66800022,1000.0,44.50320053,34.83519745,348.0809631,1.438883781,3.0,15.4921608
313.0,0.0,1241.0,25553.08203,1446.758301,47.0,1.828799963,29.26079941,2000.0,58.8871994,28.71199989,529.8997803,1.750024796,3.0,13.65942764
314.0,0.0,1242.0,30674.50977,246.9328003,31.0,4.87680006,43.28160095,2000.0,64.83280182,21.55120087,273.992981,0.286539882,7.0,2.154930115
315.0,0.0,1253.0,21618.62305,848.2174072,40.0,-0.304800004,9.753600121,2000.0,21.40719986,14.65359879,299.6950378,0.111567594,3.0,0.016269684
316.0,0.0,1247.0,18940.94141,30.06388664,40.0,1.828799963,17.67840004,6000.0,44.5719986,23.89360046,286.9257813,0.237867355,3.0,-0.760845184
317.0,0.0,1264.0,14511.17188,134.3427582,48.0,2.743200064,17.67840004,1000.0,29.40719986,10.72879791,275.1221313,0.244612277,3.0,5.368553162
318.0,0.0,1277.0,1967.220581,29.93623734,43.0,3.048000097,60.95999908,1000.0,74.69920349,13.73920059,295.3467102,1.512666821,3.0,-8.619796753
319.0,0.0,1239.0,27010.04492,247.8614349,33.0,1.828799963,41.75759888,2000.0,56.7743988,17.01679993,234.6678009,0.492108852,7.0,-2.385784149
320.0,0.0,1263.0,14512.02344,557.7194824,46.0,0.914399981,6.400800228,2000.0,22.83519936,17.12960052,230.1520691,0.069380328,3.0,0.961486816
321.0,0.0,1223.0,54045.41797,1914.151855,22.0,0.914399981,79.85759735,4000.0,95.15200043,14.68480015,234.9080505,0.223827913,7.0,-3.90675354
322.0,0.0,1228.0,24005.16406,4234.953613,23.0,8.534399986,54.55920029,2000.0,115.3544006,61.79520035,229.8946381,0.008463746,7.0,3.040212631
323.0,0.0,1230.0,8198.987305,268.686615,20.0,3.352800131,27.73680115,2000.0,75.47360229,47.73680115,242.115799,0.229561314,7.0,-0.652284622
324.0,0.0,1228.0,76337.53125,562.9337158,21.0,0.304800004,41.75759888,1000.0,99.63839722,56.96640015,232.8487091,0.118171349,7.0,0.589076996
325.0,0.0,1221.0,14854.14355,0.0,30.0,-5.181600094,20.42160034,6000.0,53.16480255,32.43840027,232.7461395,0.041325316,7.0,-3.544158936
326.0,0.0,1217.0,63281.5625,2754.099854,23.0,0.304800004,69.18959808,2000.0,104.3815994,36.19200134,217.5042419,0.101830974,7.0,0.973363876
327.0,0.0,1221.0,63277.06641,2809.282471,20.0,3.96239996,43.89120102,2000.0,93.76160431,49.87039948,221.6499176,0.077593468,7.0,-1.035097122
328.0,0.0,1222.0,26834.02734,2588.421387,21.0,-1.219200015,57.3024025,2000.0,84.09359741,25.18160057,228.6242371,0.029929819,7.0,-0.670791626
329.0,0.0,1222.0,16514.28906,30.0635376,29.0,1.828799963,53.03520203,6000.0,92.39839935,34.36320114,238.8242798,0.371223837,7.0,-0.853054047
330.0,0.0,1245.0,10033.92676,2024.030151,26.0,4.87680006,30.17519951,6000.0,81.47360229,51.29840088,235.0193176,0.083986789,7.0,0.201879501
331.0,0.0,1213.0,60539.19531,1433.623413,19.0,0.0,40.53839874,2000.0,82.70320129,42.16480255,231.8744507,0.064924508,7.0,1.085499763
332.0,0.0,1217.0,11796.66406,67.17185974,20.0,-2.133599997,34.74720001,1000.0,56.27120209,20.52400017,600.0,0.374380767,7.0,-1.031362534
333.0,0.0,1222.0,27001.12109,4571.490723,21.0,5.791200161,63.70320129,2000.0,123.1080017,58.40480042,235.0381317,0.017279373,7.0,1.180459976
334.0,0.0,1227.0,22313.09766,2939.323486,24.0,7.010400295,47.24399948,2000.0,114.2208023,65.06240082,232.2725067,0.095586784,7.0,1.54391098
335.0,0.0,1227.0,24702.98633,671.6222534,34.0,-5.791200161,16.15439987,6000.0,44.36320114,28.20879936,243.8076019,0.004104956,7.0,-5.352462769
336.0,0.0,1223.0,9526.003906,721.5202026,22.0,1.219200015,39.01440048,2000.0,65.28160095,27.26720047,255.310379,0.252210557,7.0,-0.222486496
337.0,0.0,1285.0,21409.31055,430.3585815,29.0,3.352800131,69.18959808,1000.0,77.4631958,7.273599625,243.8236389,0.23136352,7.0,-7.868215561
338.0,0.0,1277.0,6250.820313,482.7318726,16.0,-8.83920002,36.57600021,2000.0,40.68880081,7.112799644,303.9157715,0.549991786,7.0,-10.83458233
339.0,0.0,1280.0,9795.173828,134.3302155,12.0,-2.743200064,0.0,8000.0,22.36320114,22.36320114,224.1386414,0.214801773,7.0,-1.883449078
340.0,0.0,1285.0,23181.98242,365.9103088,29.0,8.229599953,81.38159943,2000.0,93.00800323,11.62639999,304.6158142,0.10597565,3.0,4.235530853
341.0,0.0,1302.0,7329.974609,218.0055084,11.0,-0.914399981,0.0,1000.0,25.93519974,24.93519974,233.8659668,0.19958362,7.0,-1.318802834
342.0,0.0,1303.0,12945.35938,59.87358475,28.0,3.96239996,0.0,2000.0,21.5991993,21.5991993,235.8425293,0.105315119,7.0,2.163257599
343.0,0.0,1287.0,4725.101074,1437.415039,26.0,-1.219200015,0.0,1000.0,7.711999893,7.711999893,485.5946655,1.234725833,3.0,-1.552154541
344.0,0.0,1284.0,21004.56836,539.9605713,25.0,1.828799963,61.56959915,2000.0,64.92880249,3.663999557,298.355896,0.517579019,7.0,-10.80499458
345.0,0.0,1273.0,9350.634766,421.9600525,12.0,-0.914399981,6.400800228,1000.0,18.70560074,15.30480003,233.3334198,0.348511606,7.0,-2.878782272
346.0,0.0,1270.0,5990.197754,60.12797165,8.0,0.609600008,9.448800087,1000.0,16.53440094,7.085599899,218.4013519,0.481937736,6.0,-3.081239223
348.0,0.0,1285.0,12074.20898,640.0791626,34.0,2.743200064,0.0,6000.0,25.16080093,29.68479919,264.7243652,0.104744159,7.0,-0.980176926
349.0,0.0,1267.0,10517.33789,636.4338989,9.0,-0.304800004,48.15840149,4000.0,59.29199982,11.13360023,249.4795074,0.248898461,2.0,-5.656822681
350.0,0.0,1307.0,11223.15039,89.80982971,9.0,0.914399981,0.0,1000.0,17.53440094,17.53440094,234.7173767,0.086601384,7.0,-0.50793457
351.0,0.0,1284.0,13222.17578,332.0523987,46.0,3.657599926,34.13759995,6000.0,53.31520081,19.17759895,283.6188354,0.682487667,7.0,0.851125717
352.0,0.0,1289.0,7497.23877,1574.496704,40.0,-1.219200015,13.41120052,6000.0,27.50320053,14.09199905,276.2089539,0.133625939,4.0,-0.741233826
353.0,0.0,1287.0,11708.22559,216.1451721,27.0,3.657599926,0.0,1000.0,19.38000107,24.38000107,247.9943085,0.313796431,7.0,0.195047379
354.0,0.0,1308.0,12280.05371,89.81013489,21.0,3.657599926,0.0,1000.0,14.90399933,15.90399933,223.9135742,0.198042333,7.0,0.767807007
355.0,0.0,1318.0,6271.753418,381.8210449,22.0,3.048000097,0.0,4000.0,20.78079987,19.78079987,254.3839111,0.212652922,7.0,3.099424362
356.0,0.0,1294.0,16852.35742,407.3116455,61.0,23.16480064,42.97679901,1000.0,78.67839813,36.70159912,393.2958679,0.233967304,3.0,22.3091011
358.0,0.0,1281.0,10589.5332,30.06395721,24.0,-1.828799963,27.43200111,2000.0,38.02080154,8.588799477,315.1116028,0.490687907,3.0,-6.411447525
359.0,0.0,1267.0,4594.491699,516.4711914,11.0,1.828799963,0.914399981,1000.0,14.6576004,13.7432003,287.5866699,0.055001155,4.0,-1.348516464
360.0,0.0,1289.0,9227.023438,1040.915527,34.0,-1.219200015,15.84959984,2000.0,20.89360046,3.043998718,236.5738525,0.158614427,4.0,-1.135416031
361.0,0.0,1269.0,13514.16797,161.3000793,20.0,4.572000027,62.78879929,1000.0,89.18959808,26.4008007,313.7413635,0.103742443,7.0,0.083314896
362.0,0.0,1282.0,5469.263184,606.4950562,27.0,3.048000097,48.46319962,2000.0,59.91839981,13.4552002,306.7966919,0.82477355,7.0,-4.222166061
363.0,0.0,1285.0,14348.65332,241.5943298,34.0,9.144000053,58.52159882,2000.0,76.97679901,18.4552002,271.8353271,0.27967757,3.0,3.097990036
364.0,0.0,1288.0,5830.331055,1231.203003,32.0,-1.524000049,0.0,4000.0,21.33200073,24.33200073,228.8870087,0.118529014,4.0,-1.036785126
365.0,0.0,1287.0,11803.44336,169.7164154,23.0,0.0,0.0,1000.0,13.24639988,15.24639988,267.5391235,0.070926636,7.0,-1.606853485
366.0,0.0,1297.0,8645.064453,174.746994,25.0,4.267199993,0.0,6000.0,23.1711998,24.1711998,226.4835358,0.424568474,7.0,1.087960243
367.0,0.0,1279.0,1827.634766,300.6400146,17.0,-13.41120052,21.64080048,6000.0,32.5447998,10.90399933,299.8146973,0.416835189,7.0,-15.72978783
368.0,0.0,1291.0,13444.04688,84.8577652,24.0,0.0,0.0,6000.0,16.07519913,17.07519913,249.0233459,0.245621085,7.0,-2.51255703
369.0,0.0,1284.0,9810.317383,980.6391602,49.0,0.914399981,27.12720108,6000.0,44.73279953,17.60560036,226.8307953,0.207653761,3.0,-3.144155502
370.0,0.0,1283.0,11450.99121,59.8724556,34.0,3.048000097,30.47999954,1000.0,40.70560074,9.225599289,294.8691101,0.278354555,3.0,0.186790466
372.0,0.0,1282.0,18124.42773,29.93630219,34.0,-7.619999886,17.37360001,6000.0,30.03759956,12.66399956,236.666153,0.318292588,7.0,-10.70048523
373.0,0.0,1275.0,18403.75,753.4604492,16.0,-3.657599926,58.52159882,6000.0,77.56959534,21.04800034,239.9981842,0.115784138,2.0,-0.898326397
374.0,0.0,1289.0,11839.4082,134.3417816,33.0,3.048000097,0.0,1000.0,31.1711998,30.1711998,267.4913025,0.056948621,7.0,1.623182297
376.0,0.0,1284.0,19848.5293,561.4868774,15.0,-7.315199852,68.58000183,6000.0,75.95999908,7.380000114,227.9284668,0.46407637,7.0,-10.70121002
377.0,0.0,1274.0,5977.847168,180.3841248,25.0,12.80160046,56.69280243,1000.0,71.93920135,17.85599899,229.8926697,0.036425162,7.0,4.384979248
378.0,0.0,1281.0,1800.309326,67.16481781,23.0,7.315199852,10.05840015,1000.0,29.09600067,21.03759956,242.8921661,0.112587988,7.0,2.759308815
379.0,0.0,1297.0,7848.880859,714.4326782,27.0,-0.914399981,0.0,6000.0,27.9144001,27.9144001,273.6842957,0.064098202,4.0,-5.002169609
380.0,0.0,1271.0,4594.128418,90.19206238,23.0,11.88720036,41.45280075,1000.0,58.35680008,16.90399933,235.0397034,0.367195785,7.0,5.537177086
381.0,0.0,1297.0,14943.7334,42.42887878,26.0,-0.914399981,0.0,6000.0,16.85599899,14.85599995,255.6207733,0.333353251,7.0,-4.138573647
382.0,0.0,1281.0,10810.73438,67.16474915,44.0,21.64080048,79.55280304,1000.0,108.3127975,27.76000023,331.3824768,0.2279329,3.0,11.57861519
383.0,0.0,1283.0,12072.06836,218.789566,38.0,2.743200064,28.34640121,2000.0,36.47600174,8.129600525,231.2929382,0.227697119,3.0,-0.642471313
384.0,0.0,1285.0,22425.44531,817.8485718,26.0,4.572000027,73.76160431,3000.0,76.59680176,4.663999557,236.911499,0.193811789,7.0,-7.677347183
385.0,0.0,1293.0,10423.5957,89.80996704,22.0,0.914399981,0.0,4000.0,19.2567997,20.2567997,237.7406616,0.107300952,7.0,-2.09430027
386.0,0.0,1268.0,9769.145508,89.80866241,9.0,0.609600008,45.72000122,4000.0,55.32960129,9.609600067,246.0155945,0.197273642,2.0,-4.470515251
387.0,0.0,1287.0,19039.48633,209.5536804,45.0,10.05840015,50.59680176,1000.0,71.21279907,19.70159912,318.4837036,2.242381811,3.0,3.677505493
388.0,0.0,1287.0,16851.57227,84.84764862,44.0,9.448800087,30.47999954,6000.0,45.52399826,15.04399872,279.2382202,0.666644394,3.0,2.524383545
389.0,0.0,1285.0,2758.981445,1279.283691,33.0,-3.96239996,0.0,4000.0,16.84560013,16.84560013,235.8233032,0.452339113,4.0,-3.283836365
390.0,0.0,1284.0,5039.357422,1172.477905,27.0,-3.048000097,0.0,3000.0,14.19839954,15.19839954,230.6152191,0.096944079,4.0,-1.995264053
391.0,0.0,1272.0,7259.596191,94.70391846,12.0,-1.828799963,7.619999886,1000.0,19.61999893,11.0,288.8619385,0.30057013,6.0,-3.427365065
392.0,0.0,1287.0,6164.779785,751.3125,40.0,-0.914399981,0.0,1000.0,22.62639999,20.62639999,521.7528687,0.316169947,4.0,33.99858093
393.0,0.0,1281.0,3109.89624,67.1713028,26.0,-1.828799963,34.44240189,1000.0,42.76399994,8.32159996,244.6782837,0.128558829,3.0,2.852157593
394.0,0.0,1279.0,15132.54688,174.7438965,38.0,1.828799963,22.25040054,2000.0,35.56159973,13.31119919,225.5062408,0.384317249,3.0,4.80471611
395.0,0.0,1320.0,7663.287109,1122.388794,17.0,3.048000097,0.0,2000.0,12.12319946,10.12319946,239.5555878,0.285027593,7.0,0.29766655
396.0,0.0,1284.0,8381.265625,992.5499878,34.0,0.609600008,11.88720036,2000.0,16.62639999,4.739200592,227.8762054,0.178602725,3.0,-0.183208466
397.0,0.0,1285.0,11803.35938,419.107666,35.0,-5.181600094,26.21280098,2000.0,43.53440094,17.32159996,267.1383362,0.171322972,3.0,0.54608345
398.0,0.0,1285.0,17982.22656,42.4289856,28.0,8.83920002,56.99760056,1000.0,84.69280243,26.69519997,281.9610596,0.150134981,7.0,6.70930481
399.0,0.0,1282.0,9469.052734,239.490448,31.0,-3.657599926,31.69919968,4000.0,44.10639954,12.71199989,239.0320892,0.207790554,7.0,-5.834178925
400.0,0.0,1288.0,5454.812012,390.7807617,37.0,-2.43840003,0.0,4000.0,22.67440033,21.67440033,259.9147644,0.014050968,4.0,-1.690160751
401.0,0.0,1287.0,15247.41406,361.182312,46.0,10.97280025,38.40480042,1000.0,59.41120148,21.00639915,353.7973633,1.94900775,3.0,6.586303711
402.0,0.0,1278.0,5133.379883,240.5111847,24.0,1.219200015,27.12720108,1000.0,38.63040161,11.50319958,316.2535095,0.840491533,7.0,-2.085894585
403.0,0.0,1280.0,19572.9668,691.1626587,14.0,-3.657599926,69.18959808,3000.0,73.13119507,6.246399879,252.4229279,0.113017581,7.0,-10.73935795
404.0,0.0,1290.0,23504.43164,1676.435913,33.0,12.19200039,67.97039795,6000.0,75.67199707,7.701599121,235.9542236,0.669642091,3.0,-4.491456985
405.0,0.0,1267.0,8974.161133,94.70391083,3.0,-3.657599926,7.010400295,6000.0,11.83920002,6.524000168,581.1200562,0.101173885,2.0,-5.828572273
406.0,0.0,1301.0,13061.28125,0.0,27.0,5.181600094,0.0,1000.0,19.68479919,19.68479919,233.5912476,0.043127403,7.0,2.510738373
407.0,0.0,1274.0,17091.48828,169.7158051,20.0,7.010400295,48.76800156,1000.0,76.99760437,28.229599,236.6313934,0.311491013,7.0,4.486268997
408.0,0.0,1283.0,16128.92188,473.9579163,51.0,8.83920002,38.70960236,1000.0,63.49679947,23.78719902,259.776001,0.329711258,3.0,4.53155899
409.0,0.0,1277.0,10199.07617,929.0438232,25.0,-14.02080059,21.33600044,6000.0,34.14400101,11.80799961,240.3943634,0.620373189,7.0,-15.72597885
410.0,0.0,1291.0,3851.808105,1186.312866,46.0,8.534399986,0.0,2000.0,55.44879913,55.44879913,276.0735779,3.03797698,3.0,25.3079071
411.0,0.0,1267.0,4730.831543,182.8538971,9.0,1.219200015,0.914399981,1000.0,12.6576004,11.7432003,304.6177063,1.132494688,4.0,-2.111057281
412.0,0.0,1268.0,6260.679688,669.4759521,11.0,3.352800131,4.572000027,8000.0,18.31520081,13.7432003,294.7601624,0.258653402,7.0,0.265900135
413.0,0.0,1290.0,10155.12695,134.3409119,24.0,2.133599997,0.0,4000.0,16.38000107,16.38000107,236.9539795,0.322837174,7.0,-0.566116333
414.0,0.0,1262.0,10216.01172,29.93621826,5.0,-3.048000097,14.6303997,5000.0,24.20240021,9.572000504,278.5805664,0.197775573,4.0,-2.097215891
415.0,0.0,1277.0,4470.136719,1451.82019,15.0,-14.02080059,31.39439964,2000.0,34.20240021,2.807999611,272.5046082,1.464566112,7.0,-10.18853855
416.0,0.0,1275.0,1887.480591,408.2894592,32.0,-6.705600262,32.00400162,4000.0,49.98320007,17.97919846,307.1453552,1.44991672,7.0,2.08956337
417.0,0.0,1284.0,6834.862793,169.6980133,19.0,-4.267199993,0.0,6000.0,34.84960175,32.84960175,229.4051514,0.179706112,7.0,-2.89851594
418.0,0.0,1283.0,1957.820557,365.9117737,10.0,-0.914399981,0.0,1000.0,22.80160141,22.80160141,333.5794983,1.542530775,7.0,-5.850762367
419.0,0.0,1283.0,17130.81641,1349.115601,34.0,0.609600008,49.68239975,1000.0,53.20240021,8.091999054,306.1925354,2.668732405,3.0,-4.606098175
420.0,0.0,1282.0,19096.17969,933.4394531,15.0,-5.791200161,67.3608017,2000.0,74.13119507,7.684800148,300.1166382,0.517975986,7.0,-12.03129101
421.0,0.0,1258.0,6989.682617,239.4898224,6.0,-0.914399981,5.791200161,1000.0,16.36320114,9.876800537,223.0256195,0.045446735,4.0,0.166950464
422.0,0.0,1268.0,17183.65039,60.12781525,2.0,-6.400800228,53.34000015,6000.0,60.21680069,7.87680006,275.5540771,0.049070552,2.0,-4.183154583
423.0,0.0,1275.0,2908.814453,359.2365417,16.0,5.791200161,12.19200039,1000.0,26.36320114,13.86639977,327.4064941,0.462649882,7.0,0.074054718
424.0,0.0,1289.0,12712.75195,702.697998,38.0,5.791200161,0.0,1000.0,48.36320114,48.36320114,290.0526733,0.681827128,3.0,-0.662649155
425.0,0.0,1280.0,5037.561035,664.7550659,35.0,10.05840015,32.00400162,2000.0,48.7159996,17.01679993,272.4469299,0.024037033,3.0,8.625980377
426.0,0.0,1279.0,16744.80078,1206.829956,31.0,3.352800131,53.94960022,1000.0,62.39440155,8.444799423,285.1838074,0.083045252,3.0,0.542074203
427.0,0.0,1266.0,20818.88477,255.901474,6.0,-6.096000195,47.85359955,6000.0,58.73040009,8.876800537,243.6931152,0.075589113,2.0,-3.409036875
429.0,0.0,1284.0,8483.8125,189.4096222,15.0,-1.828799963,0.0,6000.0,28.7159996,27.7159996,220.6303406,0.150642201,7.0,-2.665942907
430.0,0.0,1282.0,12563.96973,212.1187439,35.0,-11.27760029,24.99360085,1000.0,41.70560074,16.71199989,305.3110657,1.708258867,3.0,-7.809146881
431.0,0.0,1297.0,7292.29541,95.02611542,29.0,-0.914399981,0.0,6000.0,31.13360023,30.13360023,245.2680664,0.156992108,4.0,-5.2101717
432.0,0.0,1291.0,8745.572266,483.9453735,31.0,0.304800004,18.59280014,2000.0,20.9416008,1.043998718,323.6582947,0.11299102,4.0,-0.126495361
433.0,0.0,1279.0,3129.855469,67.17131042,28.0,1.524000049,33.83280182,4000.0,44.459198,12.62639999,244.4583435,0.599301219,3.0,-1.121311188
434.0,0.0,1292.0,5212.405762,174.7460022,17.0,0.0,0.0,6000.0,25.83919907,25.83919907,214.347702,0.018540371,4.0,-5.226362705
435.0,0.0,1289.0,11136.8125,67.17086792,25.0,3.352800131,0.0,2000.0,21.64719963,23.64719963,294.3042603,0.29535839,7.0,1.698331833
436.0,0.0,1284.0,7543.97998,684.3878174,48.0,0.914399981,24.99360085,2000.0,40.07519913,15.08160019,276.0331726,0.129817903,3.0,-4.041538239
437.0,0.0,1281.0,14782.06934,200.9792633,29.0,0.914399981,34.44240189,1000.0,36.01039886,2.567998886,255.306488,1.001008272,3.0,-6.06060791
438.0,0.0,1288.0,11166.03711,89.81010437,20.0,2.43840003,0.0,6000.0,12.98959923,11.98959923,215.7354736,0.534706771,7.0,0.233194351
439.0,0.0,1284.0,14820.16113,958.427002,43.0,8.534399986,37.79520035,2000.0,56.10639954,18.31119919,388.447937,0.614904821,3.0,1.202529907
440.0,0.0,1285.0,15050.88965,1255.025146,37.0,11.58240032,48.15840149,1000.0,61.68880081,13.13999939,244.3575287,0.165740907,3.0,5.550777435
441.0,0.0,1288.0,25393.75586,1820.886841,42.0,14.93519974,70.10400391,2000.0,89.85359955,19.74959946,230.4942932,0.443439454,3.0,2.464817047
442.0,0.0,1281.0,20797.33789,1074.799927,29.0,1.219200015,58.52159882,1000.0,64.05200195,5.530399323,238.7641602,0.256220639,3.0,-12.90253639
443.0,0.0,1284.0,7040.979492,272.2234497,33.0,3.352800131,36.88080215,3000.0,49.76399994,15.88319969,246.1797638,0.023962041,3.0,-1.8145504
444.0,0.0,1283.0,18771.22656,580.2824707,33.0,1.828799963,59.74079895,2000.0,70.49040222,8.749599457,314.0357971,0.465478152,3.0,-1.233032227
445.0,0.0,1269.0,21839.39844,234.2301788,4.0,-5.181600094,45.41519928,2000.0,54.90159988,7.486400127,229.9463806,0.098613121,2.0,-2.255632162
446.0,0.0,1288.0,16930.51758,1144.496216,56.0,14.93519974,43.89120102,1000.0,73.67839813,29.78719902,357.5282288,0.011377737,3.0,18.97056961
447.0,0.0,1278.0,8840.614258,149.6819763,9.0,-3.657599926,0.0,1000.0,21.80160141,21.80160141,221.4069672,0.146530405,7.0,-3.462759018
448.0,0.0,1268.0,23387.46875,89.80883789,8.0,-2.743200064,46.93920135,1000.0,59.20640182,12.26720047,255.5197449,0.009631125,2.0,-0.378537178
449.0,0.0,1291.0,9652.766602,242.1393738,19.0,1.219200015,0.0,1000.0,23.87680054,23.87680054,236.5206146,0.975858271,7.0,-0.539528847
450.0,0.0,1281.0,15105.91602,209.5554504,40.0,3.657599926,28.65120125,2000.0,40.91439819,13.26319885,238.8485413,0.10857217,3.0,-2.581579208
451.0,0.0,1283.0,14457.5,857.4267578,37.0,4.572000027,36.88080215,2000.0,49.49679947,12.61599922,388.447937,0.797224939,3.0,-1.690479279
452.0,0.0,1303.0,10700.18555,446.0944519,16.0,3.048000097,0.0,1000.0,26.0583992,26.0583992,234.2558136,0.673603773,7.0,2.073850632
453.0,0.0,1285.0,12518.81543,487.3905945,36.0,1.828799963,25.60320091,2000.0,32.95199966,11.34879875,278.2052917,0.340378225,3.0,-0.470773697
454.0,0.0,1281.0,18168.10352,246.930069,37.0,4.87680006,56.38800049,1000.0,69.0039978,12.61599922,309.9727783,0.249139652,3.0,3.422357559
455.0,0.0,1282.0,22698.2207,200.9801941,28.0,4.87680006,78.63839722,6000.0,89.87440491,11.23600006,279.3113403,1.320498347,3.0,0.378709793
456.0,0.0,1292.0,5602.136719,342.2113037,27.0,-1.828799963,0.0,6000.0,19.38000107,21.38000107,277.5482178,0.14905104,4.0,-2.850791931
457.0,0.0,1277.0,2972.474121,544.4614868,27.0,-6.096000195,32.00400162,6000.0,48.64080048,16.63679886,320.6303711,1.584104657,7.0,-11.04142094
458.0,0.0,1282.0,9219.761719,152.6743469,33.0,0.914399981,31.39439964,2000.0,51.28800201,20.89360046,271.9033813,0.368317962,7.0,3.877838135
459.0,0.0,1288.0,11053.36523,60.12746048,25.0,1.524000049,0.0,1000.0,14.94159985,10.94159985,256.3492432,0.164371863,7.0,-0.963249207
460.0,0.0,1287.0,12328.71484,459.8262634,40.0,17.06879997,60.04560089,1000.0,81.45280457,21.40719986,229.476593,0.130626857,3.0,5.577465057
461.0,0.0,1266.0,8874.701172,30.06402206,11.0,0.609600008,48.15840149,5000.0,57.02479935,10.69519997,255.450058,2.06785512,7.0,-6.31095314
462.0,0.0,1288.0,7034.195801,1348.482666,28.0,0.304800004,0.0,2000.0,21.90399933,19.90399933,266.4410706,0.252961069,4.0,0.78742981
463.0,0.0,1278.0,8857.107422,200.9825134,8.0,-3.048000097,0.0,1000.0,20.49679947,20.49679947,221.4069672,0.075988576,7.0,-3.669737101
464.0,0.0,1274.0,559.4089966,246.9156494,23.0,0.0,14.32560062,1000.0,30.01040077,16.29439926,252.6118622,0.591287494,7.0,-1.787200928
465.0,0.0,1294.0,6494.497559,90.19132233,7.0,-3.657599926,0.0,6000.0,23.45919991,23.45919991,230.6224823,0.245998651,7.0,-3.233484745
466.0,0.0,1283.0,17485.49805,416.362915,43.0,13.71600056,38.40480042,1000.0,44.52399826,6.119197845,211.3006439,0.090585373,3.0,5.433521271
467.0,0.0,1285.0,6974.825684,1179.335815,42.0,0.0,0.0,4000.0,23.71199989,23.71199989,278.4780579,0.420942634,3.0,0.04201889
468.0,0.0,1260.0,4747.251465,282.7434998,11.0,1.828799963,3.352800131,1000.0,18.31520081,14.96240044,258.874054,0.090406612,4.0,-0.283985615
469.0,0.0,1282.0,7074.991211,701.1101685,25.0,1.219200015,34.13759995,2000.0,38.10639954,3.968799591,233.8884888,0.642295361,7.0,-3.594623566
470.0,0.0,1284.0,7702.112305,763.7282715,53.0,0.914399981,23.77440071,6000.0,44.16080093,20.99599838,314.4920959,0.451665729,3.0,-3.960842133
472.0,0.0,1260.0,4205.065918,60.12791443,7.0,-3.048000097,3.96239996,1000.0,15.22959995,10.5720005,333.8617859,0.396949172,4.0,-3.837773085
473.0,0.0,1281.0,3084.871094,1313.183228,36.0,5.486400127,18.59280014,1000.0,40.87680054,22.2840004,330.9024353,1.299288392,7.0,14.09591675
474.0,0.0,1295.0,7144.418457,179.6194305,21.0,5.181600094,0.0,1000.0,20.0855999,20.0855999,231.2163086,0.317424834,7.0,2.095741272
475.0,0.0,1285.0,14225.75098,182.1197052,33.0,9.144000053,60.35039902,2000.0,78.41519928,19.06480026,271.8353271,0.400640547,3.0,2.885463715
476.0,0.0,1285.0,20076.04688,1660.259644,33.0,8.534399986,60.04560089,1000.0,67.74720001,7.701599121,312.8108826,0.092392094,3.0,-2.55201149
477.0,0.0,1277.0,3135.826904,680.0097656,22.0,0.914399981,24.68880081,1000.0,31.44879913,7.760000229,292.1957397,0.972273886,7.0,-5.051239014
478.0,0.0,1285.0,17769.37891,464.8810425,31.0,10.36320019,60.04560089,1000.0,89.52159882,29.47599983,288.6702576,0.308694273,7.0,7.534727097
479.0,0.0,1260.0,2766.539795,537.3214722,11.0,-0.304800004,1.219200015,1000.0,17.09600067,15.87680054,284.0925598,0.341570079,4.0,-1.02688241
480.0,0.0,1286.0,8582.582031,965.3973999,35.0,-0.609600008,16.76399994,2000.0,23.1128006,7.348798752,297.973999,0.0890444,4.0,-0.779029846
481.0,0.0,1296.0,7870.614746,149.9198456,29.0,-1.524000049,0.0,6000.0,30.52400017,27.52400017,292.2367249,0.219441608,4.0,-5.113794327
482.0,0.0,1269.0,627.5140381,246.9293213,14.0,1.828799963,17.06879997,1000.0,25.8871994,8.818399429,266.1905212,0.852544069,7.0,-2.259819031
483.0,0.0,1262.0,7943.301758,657.8292847,9.0,-0.914399981,7.924799919,1000.0,21.49679947,11.87680054,238.5454254,0.600777984,4.0,1.115884781
484.0,0.0,1302.0,5625.400879,149.9180603,5.0,-3.352800131,0.0,1000.0,21.76399994,24.76399994,236.7712402,0.218376264,7.0,-4.262658119
485.0,0.0,1299.0,11572.08789,84.85717773,6.0,2.43840003,0.0,1000.0,13.31519985,9.315199852,228.6941376,0.240569517,7.0,1.876661301
486.0,0.0,1271.0,7241.422363,484.7279968,24.0,2.743200064,5.791200161,8000.0,31.61999893,25.8288002,242.6292877,0.117050596,7.0,-0.11133194
487.0,0.0,1281.0,11550.67871,272.2306824,42.0,19.20240021,45.72000122,2000.0,66.688797,21.96879959,233.2697754,0.641080737,3.0,9.874055862
488.0,0.0,1286.0,16685.09961,299.8033142,40.0,3.352800131,42.97679901,4000.0,55.23999786,13.26319885,238.9912872,0.191437632,3.0,5.220516205
489.0,0.0,1272.0,14387.51465,269.4261475,19.0,4.572000027,62.17919922,4000.0,88.79920197,26.61999893,233.168808,0.328951955,7.0,0.467726707
490.0,0.0,1272.0,6418.91748,60.1278801,25.0,4.87680006,14.02080059,4000.0,34.14400101,18.81839943,342.4641113,0.280602366,7.0,0.736846924
491.0,0.0,1282.0,15410.53809,302.1228638,32.0,8.534399986,60.65520096,2000.0,81.37760162,20.72240067,255.9672852,0.876206279,7.0,-1.128362656
492.0,0.0,1279.0,6796.452148,430.3592529,28.0,-7.619999886,37.79520035,1000.0,54.82240295,17.02719879,303.9157715,1.466004729,7.0,-7.013885498
493.0,0.0,1282.0,894.5750732,390.3268433,26.0,-9.448800087,32.30879974,1000.0,42.459198,10.15040016,316.2305908,3.082826853,7.0,-2.686267853
495.0,0.0,1282.0,12322.81641,403.7263794,38.0,-10.36320019,27.12720108,1000.0,45.01039886,18.88319969,319.848999,1.171788335,3.0,-7.580896378
496.0,0.0,1267.0,8837.033203,150.0978241,14.0,-0.304800004,3.657599926,1000.0,18.87680054,15.21920013,235.7921448,0.124781989,6.0,-3.944396019
497.0,0.0,1268.0,9590.355469,240.5121002,12.0,-3.657599926,10.66800022,1000.0,24.19200134,13.52400017,413.5061951,7.485167503,2.0,3.046926498
498.0,0.0,1281.0,11939.28418,161.3136749,32.0,-12.49680042,25.60320091,1000.0,39.01039886,14.10239983,305.3110657,1.480701447,3.0,-4.441114426
499.0,0.0,1299.0,11279.03418,216.1686707,23.0,5.181600094,0.0,2000.0,15.07520008,17.07519913,237.0907288,0.726462066,7.0,3.551012039
501.0,0.0,1260.0,6093.357422,59.87262726,5.0,-0.914399981,4.87680006,8000.0,13.53439999,8.962400436,282.8979797,0.48190999,4.0,-2.778577566
502.0,0.0,1307.0,12473.91211,169.6979828,25.0,2.743200064,0.0,6000.0,28.04800034,27.04800034,254.052002,0.215425208,7.0,0.094367981
503.0,0.0,1295.0,14762.07422,60.12689209,21.0,2.43840003,0.0,1000.0,9.417599678,9.417599678,253.1471252,0.293614179,7.0,0.94461441
504.0,0.0,1282.0,16997.97852,742.7265625,35.0,-7.924799919,36.27120209,2000.0,43.53440094,7.263198853,300.1824646,0.760307431,3.0,-0.873540878
505.0,0.0,1295.0,6728.304199,90.19102478,31.0,-0.609600008,0.0,6000.0,34.04800034,33.04800034,245.2680664,0.065865755,7.0,-5.479935169
506.0,0.0,1283.0,22424.66406,1125.90564,46.0,8.229599953,65.22720337,6000.0,85.62400055,18.39679909,233.9162598,0.205864534,3.0,-6.211734772
507.0,0.0,1281.0,5401.546387,634.6154175,32.0,2.743200064,12.49680042,2000.0,12.79759979,2.300800323,240.4238129,0.153790191,3.0,-0.703979492
508.0,0.0,1281.0,15404.96973,66.99342346,37.0,3.657599926,29.26079941,1000.0,38.21920013,8.958398819,234.7740173,0.170448348,3.0,-1.825965881
509.0,0.0,1267.0,7402.731934,30.0639801,11.0,-0.304800004,6.705600262,1000.0,17.70560074,10.0,238.4613953,0.18887414,6.0,-3.209280491
510.0,0.0,1268.0,8063.999512,269.4267883,11.0,0.0,3.352800131,1000.0,15.87680054,12.52400017,379.3599854,0.72672987,7.0,-4.805921555
511.0,0.0,1286.0,7374.150391,318.9753723,43.0,1.828799963,29.56559944,4000.0,53.97280121,23.40719986,257.2584534,0.099652983,3.0,9.673017502
512.0,0.0,1287.0,7823.811523,269.427887,9.0,-2.743200064,0.0,1000.0,23.32559967,23.32559967,225.413147,0.314688593,7.0,-2.408354521
513.0,0.0,1285.0,12755.37012,443.48703,30.0,9.144000053,69.79920197,6000.0,97.97039795,28.78079987,301.3763123,1.03494215,7.0,1.524017334
514.0,0.0,1284.0,22690.97656,932.4093628,29.0,4.87680006,73.45680237,3000.0,78.98719788,7.05439949,286.5999146,0.06022412,7.0,-8.63634491
515.0,0.0,1265.0,5728.345215,59.87244797,21.0,9.448800087,34.13759995,1000.0,50.87039948,18.73279953,305.8036804,0.114767231,7.0,5.207489967
516.0,0.0,1293.0,8093.885742,191.9934387,36.0,2.133599997,0.0,1000.0,29.5991993,30.5991993,208.586731,0.556519985,4.0,3.184440613
517.0,0.0,1285.0,11524.00293,216.4978943,36.0,-1.524000049,27.43200111,2000.0,46.97280121,19.54080009,264.7747192,0.224738449,7.0,5.383449554
518.0,0.0,1287.0,12128.86035,60.12704468,24.0,2.133599997,0.0,1000.0,15.16079998,15.16079998,247.7529602,0.269681305,7.0,1.287665367
519.0,0.0,1267.0,17560.00781,42.42885208,9.0,-5.181600094,52.12080002,1000.0,68.74079895,16.61999893,234.4251099,0.265845031,2.0,-5.937531471
520.0,0.0,1270.0,5232.137695,485.3937073,25.0,3.657599926,16.45919991,1000.0,33.83919907,16.38000107,316.1241455,0.515450776,7.0,3.543087006
521.0,0.0,1291.0,13078.7793,282.7416992,33.0,4.572000027,0.0,6000.0,32.39039993,35.39039993,237.0343323,0.132188737,7.0,0.788658142
522.0,0.0,1272.0,21887.05273,84.84857178,12.0,-1.828799963,48.76800156,6000.0,65.33999634,16.5720005,292.6376343,0.372100145,2.0,1.043465137
523.0,0.0,1288.0,5908.120605,1193.382935,30.0,-1.524000049,0.0,6000.0,20.24639893,20.24639893,228.8870087,0.130653948,4.0,-0.454145432
524.0,0.0,1310.0,10077.60156,276.4847717,18.0,3.048000097,0.0,4000.0,19.8288002,19.8288002,231.7641296,0.453661472,7.0,1.344667435
525.0,0.0,1286.0,4359.270508,218.0195007,30.0,-4.572000027,0.0,6000.0,19.9416008,19.9416008,255.4035339,0.519458592,4.0,-6.014084816
526.0,0.0,1285.0,6653.689941,283.2658691,41.0,-0.609600008,0.0,6000.0,23.62639999,23.62639999,463.6496277,3.667021513,4.0,-0.835184097
527.0,0.0,1283.0,11038.53223,649.5703125,33.0,-2.43840003,22.86000061,1000.0,38.79119873,15.93120003,276.6130676,0.760848045,7.0,-2.775960922
528.0,0.0,1267.0,6195.94873,42.42897797,22.0,9.144000053,43.89120102,6000.0,61.62400055,17.73279953,233.4589539,0.098128617,7.0,1.347988129
529.0,0.0,1278.0,22133.81836,268.6593018,18.0,-7.315199852,54.86400223,1000.0,72.5592041,15.0,230.3238831,1.546600938,2.0,-6.089696884
530.0,0.0,1287.0,10930.09863,473.5565491,30.0,0.304800004,0.0,4000.0,20.24639893,20.24639893,237.9783936,0.453962892,7.0,-3.784536362
531.0,0.0,1311.0,13651.39746,84.84882355,23.0,3.657599926,0.0,1000.0,17.5135994,15.5135994,217.6838531,0.304782629,7.0,2.719353676
532.0,0.0,1281.0,6928.192383,648.5059204,27.0,6.705600262,52.12080002,2000.0,61.13759995,11.32159996,328.0068665,0.60575676,7.0,-0.911027908
533.0,0.0,1284.0,16758.11328,682.8744507,32.0,7.924799919,61.26480103,2000.0,84.42559814,23.16080093,289.4762268,0.229176283,3.0,3.854236603
534.0,0.0,1285.0,10266.4375,598.7681885,32.0,5.486400127,29.56559944,3000.0,38.09600067,9.530399323,277.3820496,0.155128509,3.0,-1.941217422
535.0,0.0,1283.0,17466.4668,1227.672485,37.0,7.010400295,54.86400223,1000.0,66.26080322,11.39679909,292.5488892,0.198108435,3.0,5.527645111
536.0,0.0,1289.0,10455.10449,30.06356812,19.0,1.524000049,0.0,1000.0,13.81839943,13.81839943,215.7354736,0.360342413,7.0,0.684656143
537.0,0.0,1271.0,10009.50684,89.8090744,6.0,-3.657599926,9.144000053,5000.0,19.10639954,8.962400436,285.9714355,0.194220886,4.0,-3.964471102
538.0,0.0,1302.0,27495.3125,1315.310425,55.0,19.50720024,86.86800385,1000.0,111.0832062,24.21520042,237.1432037,0.219217762,3.0,16.7080307
539.0,0.0,1278.0,7037.540527,242.371582,22.0,-7.315199852,34.13759995,2000.0,43.33599854,9.198399544,280.8320618,0.175453931,7.0,1.312168121
540.0,0.0,1286.0,6805.597656,210.4480896,42.0,5.486400127,30.17519951,4000.0,53.58240128,23.71199989,257.2584534,0.097283527,3.0,8.945455551
541.0,0.0,1281.0,17892.89258,576.5889282,28.0,-0.609600008,20.72640038,2000.0,21.29439926,0.567998886,273.0757751,0.256988347,7.0,-6.021057129
542.0,0.0,1279.0,22312.94336,389.4324036,7.0,-6.400800228,55.47360229,2000.0,64.30239868,8.828800201,234.7574463,0.449561894,2.0,-2.954751015
543.0,0.0,1271.0,8078.012695,29.93622208,22.0,9.448800087,56.38800049,1000.0,75.94960022,17.56159973,314.0747375,0.570308805,7.0,1.575702667
544.0,0.0,1283.0,8053.790039,258.2640686,27.0,2.133599997,29.56559944,6000.0,35.229599,7.663999557,239.2132721,1.157835126,7.0,-4.568239212
545.0,0.0,1268.0,9273.423828,364.2259216,9.0,-1.219200015,3.96239996,2000.0,14.18160057,10.21920013,235.7921448,0.046230648,6.0,-4.097807407
546.0,0.0,1284.0,564.3884888,29.93644142,12.0,1.219200015,19.20240021,1000.0,24.80160141,9.903999329,291.8156128,0.858678043,7.0,-5.051172733
547.0,0.0,1289.0,9983.963867,0.0,18.0,0.609600008,0.0,5000.0,23.79120064,22.4864006,235.7819214,0.519773841,7.0,-2.257843018
548.0,0.0,1291.0,10857.7002,89.81004333,20.0,1.524000049,0.0,1000.0,15.12319946,14.12319946,234.3408356,0.089868419,7.0,-0.062976837
549.0,0.0,1261.0,7991.858887,375.4507141,3.0,-2.43840003,7.924799919,1000.0,15.80160046,8.486400604,311.8664856,0.275066972,4.0,-0.53128469
550.0,0.0,1281.0,15906.6377,30.0640049,41.0,5.181600094,38.40480042,2000.0,53.19200134,14.78719902,272.8796082,0.195765674,3.0,3.56255722
551.0,0.0,1282.0,19770.47266,522.9464722,36.0,0.0,51.20640182,6000.0,64.04160309,9.396799088,227.7855988,0.683840334,3.0,-13.81914711
552.0,0.0,1299.0,8781.464844,182.1154633,25.0,5.486400127,0.0,1000.0,18.90399933,17.90399933,212.4726563,0.213616744,7.0,3.884298325
553.0,0.0,1297.0,12623.64355,541.1428223,27.0,-1.524000049,0.0,6000.0,19.68479919,17.68479919,227.6181641,9.49e-06,7.0,-5.728134155
554.0,0.0,1285.0,7913.636719,242.1167145,41.0,-2.133599997,29.56559944,1000.0,51.66799927,25.40719986,212.7830048,0.009431704,3.0,8.465114594
556.0,0.0,1284.0,25136.37109,998.7160645,41.0,14.02080059,79.55280304,6000.0,91.90159607,12.34879875,301.3742981,0.163184449,3.0,2.009010315
557.0,0.0,1283.0,18747.11523,1079.389893,22.0,-1.524000049,65.22720337,2000.0,82.04560089,15.4279995,338.1079407,0.731065214,7.0,-2.261316299
558.0,0.0,1286.0,13294.56641,573.0266724,34.0,14.32560062,69.18959808,3000.0,99.53199768,29.3423996,261.014801,0.196178064,3.0,6.823822021
559.0,0.0,1277.0,1786.136841,350.2274475,24.0,5.791200161,29.56559944,8000.0,41.37360001,11.80799961,259.9690552,0.260011852,7.0,1.433526993
560.0,0.0,1290.0,5841.450195,66.99972534,23.0,5.791200161,0.0,6000.0,23.30480003,24.60960007,251.7361145,0.187155798,7.0,2.187988281
561.0,0.0,1284.0,13947.31055,714.1450806,32.0,-2.743200064,28.34640121,6000.0,39.61999893,11.27359962,257.3939209,0.182087362,7.0,-14.66424751
562.0,0.0,1282.0,22337.14063,234.2042694,32.0,4.267199993,78.02880096,2000.0,94.17919922,15.15040016,269.7574463,0.030062776,3.0,4.502758026
563.0,0.0,1289.0,5213.92041,1620.762695,25.0,-1.828799963,0.0,4000.0,15.24639988,15.24639988,219.7562561,0.186535165,4.0,-2.212444305
564.0,0.0,1281.0,1050.570068,309.2015381,15.0,-0.914399981,20.42160034,8000.0,27.80160141,7.075200081,368.3209229,0.8175475,7.0,-4.059486389
565.0,0.0,1292.0,6655.416504,95.02547455,26.0,2.133599997,0.0,2000.0,16.85599899,14.85599995,262.9047241,0.088255674,7.0,0.91242218
566.0,0.0,1266.0,19722.20703,123.4584961,2.0,-6.096000195,48.46319962,6000.0,55.94960022,6.486400127,231.2436523,0.043165978,2.0,-4.136800289
567.0,0.0,1268.0,9052.631836,389.4013367,9.0,-2.743200064,5.181600094,3000.0,15.70560074,11.52400017,311.1324158,0.132389098,2.0,-4.004971504
568.0,0.0,1290.0,6044.144531,174.7616425,12.0,-4.267199993,0.0,1000.0,28.76399994,27.76399994,307.4549866,0.499287039,7.0,-4.239743233
569.0,0.0,1283.0,5400.632813,1249.406982,46.0,2.133599997,17.67840004,4000.0,31.97919846,14.30080032,238.2894135,0.349080354,3.0,-2.860069275
570.0,0.0,1289.0,11852.72656,60.12739182,30.0,2.743200064,0.0,1000.0,22.68479919,22.68479919,231.4123077,0.268751413,7.0,0.789228439
571.0,0.0,1282.0,10561.24609,561.4522705,31.0,-9.144000053,29.26079941,6000.0,39.53440094,12.27359962,328.0581665,0.256312221,7.0,-7.525150299
572.0,0.0,1285.0,12337.17676,432.3390503,37.0,4.572000027,0.0,2000.0,35.1711998,35.1711998,236.4859924,0.309586018,7.0,-0.519266129
573.0,0.0,1302.0,12027.32129,66.99981689,21.0,3.96239996,0.0,1000.0,17.03759956,16.03759956,233.9073486,0.277238935,7.0,0.425304413
574.0,0.0,1285.0,12462.68555,192.1952362,29.0,3.96239996,0.0,2000.0,29.60960007,28.60960007,274.0436707,0.20697175,7.0,0.173521042
575.0,0.0,1292.0,5782.44873,200.9817657,30.0,-1.219200015,0.0,6000.0,35.4864006,34.4864006,247.750824,0.032836389,4.0,-6.008943081
576.0,0.0,1269.0,21075.03906,29.93624496,4.0,-4.267199993,42.97679901,5000.0,53.68239975,10.70560074,222.3250427,0.230514243,2.0,-4.139666557
577.0,0.0,1262.0,10153.7373,150.0974426,4.0,-2.133599997,15.5447998,1000.0,24.42160034,8.876800537,231.0522003,0.027094947,4.0,-1.320918202
578.0,0.0,1282.0,16734.54883,750.8931274,36.0,2.743200064,50.90159988,1000.0,57.03120041,5.434400558,315.6580811,1.015760422,3.0,2.654590607
579.0,0.0,1284.0,10635.88379,806.9407959,31.0,-7.619999886,29.56559944,1000.0,39.53440094,9.968799591,328.0581665,0.692881346,3.0,-2.797405243
580.0,0.0,1264.0,21340.83008,149.6812439,4.0,-5.181600094,41.14799881,6000.0,51.24399948,10.09600067,265.614624,0.123131759,2.0,-3.537649632
581.0,0.0,1278.0,23396.49805,108.0728912,3.0,-9.144000053,53.34000015,6000.0,58.16880035,5.828800201,270.9107666,0.123676464,2.0,-7.764033318
582.0,0.0,1259.0,2813.092285,841.7915039,10.0,-1.219200015,1.524000049,1000.0,16.4008007,16.87680054,238.4356842,0.148541167,7.0,-1.641688824
583.0,0.0,1285.0,2040.606567,84.85752106,25.0,6.705600262,0.0,1000.0,31.70560074,28.70560074,221.4554291,0.371379733,7.0,1.708031654
584.0,0.0,1288.0,3754.941895,778.8764038,29.0,-5.791200161,0.0,4000.0,17.72240067,18.72240067,260.7355347,0.372431308,4.0,-6.577924728
585.0,0.0,1286.0,23346.74609,1746.553467,29.0,6.096000195,76.80960083,1000.0,84.16880035,7.359199524,339.8983765,0.47098431,7.0,-8.783676147
586.0,0.0,1279.0,22630.33789,242.1181335,8.0,-7.315199852,48.76800156,1000.0,59.51119995,10.7432003,294.7333069,0.289077818,7.0,-4.928338528
587.0,0.0,1281.0,8141.758789,565.5446777,20.0,-7.619999886,34.74720001,1000.0,40.1167984,7.369600296,312.6239014,0.374398261,3.0,-7.713853836
588.0,0.0,1308.0,12623.14648,149.6833954,24.0,5.181600094,0.0,4000.0,22.47599983,22.47599983,259.8343506,0.534316778,7.0,2.63257885
589.0,0.0,1289.0,3071.413086,210.446167,18.0,1.524000049,17.98320007,4000.0,29.8871994,11.90399933,222.6651764,0.900708556,4.0,-3.83987236
590.0,0.0,1285.0,22020.88086,1717.838623,33.0,3.657599926,63.70320129,6000.0,73.53839874,9.835199356,217.1140137,0.44162789,7.0,-9.003503799
591.0,0.0,1284.0,8508.598633,522.9158936,25.0,-13.71600056,24.99360085,4000.0,37.19200134,14.19839954,226.982605,2.483105898,7.0,-8.829820633
592.0,0.0,1286.0,17731.91016,402.0005188,43.0,3.048000097,45.72000122,6000.0,62.81200027,17.09199905,296.1196289,0.58684361,3.0,-8.524021149
593.0,0.0,1260.0,8683.563477,375.4828796,5.0,-0.914399981,9.144000053,1000.0,19.02080154,9.876800537,227.2677612,0.112608157,4.0,0.45373702
594.0,0.0,1269.0,22762.92188,450.0463867,9.0,-1.219200015,47.54880142,2000.0,61.42560196,10.87680054,292.6376343,0.149206758,2.0,1.790085316
595.0,0.0,1287.0,18351.79883,1597.719849,37.0,9.144000053,54.25440216,1000.0,63.51760101,11.26319885,300.9416199,0.528545916,3.0,2.598190308
596.0,0.0,1268.0,6171.644043,704.737793,12.0,2.133599997,4.572000027,8000.0,19.61999893,15.04800034,260.4696045,0.326540411,4.0,-0.636416912
597.0,0.0,1285.0,10335.41309,123.4660645,19.0,0.0,0.0,2000.0,11.98959923,11.98959923,239.315033,0.189065441,7.0,-1.095724106
598.0,0.0,1252.0,3123.489502,66.99933624,5.0,-0.914399981,0.304800004,1000.0,10.18160057,10.87680054,229.1987152,0.464246631,7.0,-1.196212292
599.0,0.0,1282.0,4053.0271,380.1063843,27.0,11.88720036,14.32560062,1000.0,38.58240128,25.2567997,342.6197815,0.589488626,7.0,8.628651619
600.0,0.0,1261.0,1003.047363,211.6964111,14.0,1.828799963,0.304800004,1000.0,18.26720047,16.96240044,350.8089905,0.095392212,4.0,0.060374737
601.0,0.0,1282.0,15258.42676,1041.735596,30.0,-11.27760029,22.86000061,6000.0,37.61999893,16.4552002,264.3512268,0.410094351,7.0,-15.61174774
602.0,0.0,1279.0,15419.52441,42.42378616,38.0,3.657599926,30.47999954,1000.0,39.52399826,9.043998718,219.5393524,0.126215115,3.0,-2.303417206
603.0,0.0,1280.0,24069.4707,30.06390381,10.0,-5.486400127,59.13119888,5000.0,68.52159882,7.390399933,231.3156586,0.159671992,7.0,-4.647665024
604.0,0.0,1274.0,1467.1875,120.2559967,17.0,-3.96239996,25.90800095,1000.0,29.19200134,3.283999443,303.1314697,0.973922908,7.0,-3.746805191
605.0,0.0,1286.0,12183.53027,152.6683807,29.0,1.828799963,0.0,1000.0,19.24639893,21.24639893,235.3080597,0.426976264,7.0,0.752317429
606.0,0.0,1271.0,18954.66602,150.0817261,17.0,-0.609600008,39.62400055,1000.0,63.93920135,19.31520081,239.9314728,0.136375219,7.0,-0.616425514
607.0,0.0,1269.0,22696.22852,384.0289307,10.0,-1.524000049,47.54880142,1000.0,62.42560196,12.87680054,232.9965363,0.042092107,2.0,0.483228207
608.0,0.0,1285.0,18034.86914,574.3345337,32.0,9.448800087,38.10000229,1000.0,32.60960007,0.0,268.8173828,0.053430881,3.0,3.046550751
609.0,0.0,1278.0,11822.38477,150.3200378,23.0,11.58240032,67.97039795,1000.0,94.32320404,29.35280037,301.0482788,0.391082078,7.0,4.608413696
610.0,0.0,1284.0,15799.57129,191.9924774,48.0,15.5447998,37.79520035,1000.0,51.6576004,13.86240005,236.9417725,0.361485362,3.0,8.089668274
611.0,0.0,1293.0,8444.749023,1394.521729,19.0,1.219200015,0.0,4000.0,18.69519997,19.69519997,238.6603394,0.175116956,7.0,-1.347388268
612.0,0.0,1268.0,21462.04883,67.1651001,3.0,-5.486400127,46.93920135,1000.0,55.12080002,8.181600571,259.0383911,0.09621194,2.0,-3.537461758
613.0,0.0,1292.0,4491.393066,211.7033081,5.0,-3.96239996,0.0,1000.0,23.28800011,24.28800011,233.9106903,0.085095555,7.0,-3.426767111
614.0,0.0,1296.0,9319.491211,788.8484497,29.0,-1.828799963,0.0,6000.0,26.56159973,26.56159973,234.3083191,0.166370481,7.0,-5.248478889
615.0,0.0,1267.0,9630.674805,30.06402206,14.0,0.609600008,53.64480209,8000.0,68.5592041,14.9144001,280.0436096,0.074794121,7.0,-5.666321754
616.0,0.0,1287.0,23340.77539,1862.147583,29.0,6.096000195,77.11440277,1000.0,84.47360229,7.663999557,322.7216492,0.691182196,7.0,-4.883066177
617.0,0.0,1283.0,11113.50586,169.6952515,32.0,5.791200161,29.87039948,2000.0,38.09600067,9.225599289,247.5139618,0.844696045,3.0,-1.332622528
618.0,0.0,1283.0,11860.80371,241.365921,37.0,16.45919991,72.84719849,1000.0,93.08320618,20.23600006,297.7214661,1.930341959,3.0,6.519388199
619.0,0.0,1302.0,27624.41992,1253.012573,55.0,19.50720024,86.86800385,1000.0,112.9120026,24.21520042,325.1758423,0.04457894,3.0,16.61377716
620.0,0.0,1294.0,6765.343262,336.0825806,30.0,-0.914399981,0.0,6000.0,31.21920013,32.21920013,229.7074738,0.593325198,7.0,-5.558568954
621.0,0.0,1250.0,4083.246338,510.6770325,12.0,0.609600008,0.609600008,1000.0,17.4864006,17.18160057,224.3073578,0.073427029,7.0,0.256810188
622.0,0.0,1268.0,19204.33203,66.99388123,6.0,-6.096000195,51.20640182,3000.0,61.47360229,9.26720047,273.5886536,0.206509247,2.0,-3.442270041
623.0,0.0,1281.0,11482.8584,445.9216003,32.0,-0.304800004,21.94560051,2000.0,38.09600067,17.15040016,278.3564453,0.341857463,7.0,-0.983379364
624.0,0.0,1283.0,17617.18164,898.0880737,34.0,5.791200161,55.77840042,1000.0,65.08959961,9.311199188,309.9727783,0.469847172,3.0,2.912246704
625.0,0.0,1284.0,748.6832886,210.446701,15.0,-1.828799963,17.67840004,6000.0,28.10639954,9.427999496,291.8156128,0.941878438,7.0,-3.21376133
626.0,0.0,1292.0,14639.26953,90.19035339,26.0,2.743200064,0.0,1000.0,14.41759968,11.41759968,228.1569366,0.339294732,7.0,1.862186432
627.0,0.0,1293.0,9224.458008,228.1505127,27.0,-0.609600008,0.0,2000.0,20.90399933,20.90399933,235.0281677,0.138386771,7.0,-2.057752609
628.0,0.0,1281.0,16071.67969,1715.124023,33.0,6.705600262,52.73040009,1000.0,64.69920349,13.96879959,288.0949097,0.270716697,3.0,2.156074524
629.0,0.0,1276.0,14564.61035,484.2365417,17.0,5.486400127,61.56959915,4000.0,86.49440002,24.61999893,304.3013611,0.036574207,7.0,2.078673363
630.0,0.0,1303.0,11187.19434,216.1678467,32.0,3.657599926,0.0,6000.0,26.5135994,26.5135994,231.3137817,0.101363808,7.0,-0.425792694
631.0,0.0,1290.0,9116.558594,108.248848,27.0,1.828799963,0.0,1000.0,18.46559906,18.46559906,238.8996735,0.125914529,7.0,2.035814285
632.0,0.0,1283.0,2473.852051,649.565918,19.0,3.048000097,0.0,1000.0,30.8871994,30.8871994,353.2747803,2.102547646,7.0,-0.881890297
633.0,0.0,1274.0,11916.37598,29.9362278,19.0,7.010400295,64.92240143,1000.0,88.49440002,23.5720005,271.7332153,0.184621781,7.0,1.586528778
634.0,0.0,1271.0,3684.149414,123.4582748,20.0,0.0,14.02080059,1000.0,29.44879913,15.4279995,252.6919708,0.648974299,7.0,-1.298970222
635.0,0.0,1292.0,27444.05078,361.1828613,55.0,18.89760017,91.74480438,1000.0,114.740799,22.99599838,344.4677429,2.891872883,3.0,15.57056427
636.0,0.0,1265.0,6125.585938,330.7036133,13.0,2.743200064,10.36320019,1000.0,21.229599,10.86639977,229.068924,0.280120164,7.0,-0.660009384
637.0,0.0,1291.0,3655.242188,657.0565796,35.0,5.791200161,0.0,1000.0,43.83919907,46.83919907,349.8247681,0.923965931,7.0,16.59240723
638.0,0.0,1269.0,1869.884155,90.19197083,19.0,3.96239996,15.5447998,1000.0,30.27759933,13.73279953,250.7328033,0.103163145,7.0,-0.616523743
639.0,0.0,1281.0,7135.789063,30.06384659,9.0,-3.352800131,0.0,1000.0,24.23999977,24.23999977,262.2709045,0.267635822,7.0,-2.239958763
640.0,0.0,1282.0,8978.178711,1171.018677,32.0,-6.400800228,32.30879974,1000.0,49.06880188,16.76000023,298.5149841,0.706586182,7.0,-0.007116318
641.0,0.0,1275.0,10786.38672,390.7802429,21.0,6.096000195,62.48400116,1000.0,86.22720337,23.7432003,273.1703186,0.598671019,7.0,-0.347369194
642.0,0.0,1276.0,2580.522461,189.4073029,20.0,3.96239996,19.20240021,6000.0,27.61999893,8.417599678,228.2105713,0.624929667,7.0,-0.634712219
643.0,0.0,1273.0,20017.13867,212.5696411,7.0,-1.219200015,45.11040115,8000.0,56.68239975,11.87680054,305.7380676,0.169213504,2.0,-0.826244354
644.0,0.0,1290.0,12680.74023,402.9860229,30.0,4.267199993,0.0,1000.0,30.60960007,29.60960007,274.0436707,0.149604872,7.0,0.320011139
645.0,0.0,1284.0,15501.16992,1213.77771,53.0,16.45919991,38.70960236,4000.0,67.63040161,26.31119919,470.2645874,0.331834972,3.0,6.510818481
646.0,0.0,1283.0,9586.31543,487.3860779,40.0,-2.133599997,28.95600128,1000.0,54.63040161,26.67440033,224.8023834,0.206226066,7.0,4.788171768
647.0,0.0,1271.0,19362.91211,30.06396675,12.0,-0.609600008,40.53839874,1000.0,58.02479935,19.4864006,239.9314728,0.193292484,7.0,-0.299697876
648.0,0.0,1279.0,4819.137207,1286.772217,23.0,-11.88720036,32.61360168,4000.0,41.89759827,5.283999443,308.98703,0.867501259,7.0,-6.779372215
649.0,0.0,1288.0,8620.22168,870.2514648,46.0,-1.524000049,16.15439987,6000.0,32.2840004,17.65359879,279.2025452,0.065449886,4.0,-2.32790947
650.0,0.0,1268.0,6506.689453,468.8217773,11.0,3.96239996,4.87680006,1000.0,16.4864006,12.60960007,288.7499695,0.256807983,6.0,-1.017535686
651.0,0.0,1302.0,10619.36914,350.2221069,7.0,1.828799963,0.0,6000.0,16.75360107,16.75360107,272.0678406,0.742163479,7.0,0.826273918
652.0,0.0,1261.0,3483.679199,182.8538818,11.0,2.133599997,1.219200015,1000.0,16.18160057,14.96240044,238.3126984,0.155980274,4.0,0.592761993
653.0,0.0,1308.0,24662.91211,1345.373169,40.0,12.80160046,68.58000183,2000.0,86.02479553,17.44479942,249.6815796,1.429832578,3.0,-0.439598083
654.0,0.0,1288.0,10028.53613,511.8031006,36.0,-1.219200015,17.98320007,6000.0,26.55120087,12.56799889,273.9772949,0.086424895,4.0,-2.40404129
655.0,0.0,1280.0,11130.68457,268.6849976,36.0,0.304800004,28.04160118,6000.0,43.92480087,16.88319969,294.5673828,0.704021752,7.0,-5.563081741
656.0,0.0,1273.0,5635.209961,277.1270752,21.0,6.400800228,17.67840004,1000.0,31.36320114,14.68480015,338.7376099,0.402707368,7.0,3.892749786
657.0,0.0,1280.0,15920.62305,67.00016785,47.0,-4.572000027,25.90800095,1000.0,47.0,21.09199905,225.0141907,1.667102218,3.0,-1.212274551
658.0,0.0,1284.0,7311.997559,552.9602661,33.0,2.43840003,34.74720001,3000.0,46.7159996,8.968799591,233.8884888,0.26499486,3.0,-2.146722794
659.0,0.0,1269.0,12706.56934,240.5121765,8.0,-4.572000027,48.15840149,3000.0,60.42560196,12.26720047,232.9920959,0.182920933,2.0,-8.695225716
660.0,0.0,1287.0,25575.77344,1122.410522,42.0,15.84959984,78.33360291,1000.0,92.29199982,13.95839882,313.669281,0.675035238,3.0,6.044116974
661.0,0.0,1269.0,7351.419434,848.578186,2.0,-2.133599997,11.88720036,1000.0,13.88720036,2.0,327.6286011,0.086071886,6.0,-5.932592392
662.0,0.0,1289.0,12166.69336,84.85798645,24.0,1.828799963,0.0,6000.0,16.98959923,17.98959923,238.0568237,0.200284541,7.0,-0.229949951
663.0,0.0,1273.0,3186.586914,457.6369934,20.0,1.219200015,22.25040054,8000.0,32.80160141,10.55119991,302.2245178,0.280996203,7.0,0.62160778
664.0,0.0,1275.0,2083.213867,247.8591461,24.0,-0.609600008,24.99360085,1000.0,34.36320114,4.369600296,316.9277039,0.601977468,7.0,-4.142002106
665.0,0.0,1267.0,7582.940918,59.87244034,20.0,8.229599953,48.15840149,1000.0,65.72000122,16.56159973,306.2399902,0.210131615,7.0,1.945842743
666.0,0.0,1291.0,10644.9834,29.93680573,28.0,3.657599926,0.0,1000.0,18.24639893,18.24639893,237.6629181,0.290229827,7.0,1.560314178
667.0,0.0,1285.0,11680.00098,380.1321411,28.0,2.743200064,0.0,1000.0,17.63679886,14.63679981,247.9943085,0.475329697,7.0,-0.204133987
668.0,0.0,1290.0,9287.984375,686.3938599,34.0,-2.43840003,0.0,6000.0,29.73279953,29.73279953,353.1599121,0.035450615,7.0,-7.012285233
669.0,0.0,1294.0,8672.047852,190.0516663,23.0,1.524000049,0.0,2000.0,17.5135994,17.5135994,271.8495789,0.336830556,4.0,0.970956802
670.0,0.0,1285.0,22673.43359,2174.070068,17.0,-8.229599953,69.49440002,4000.0,79.17919922,9.684800148,301.842865,0.60508126,7.0,-6.045370102
671.0,0.0,1303.0,12031.96191,149.9187317,22.0,2.743200064,0.0,6000.0,19.86639977,19.86639977,212.9328156,0.723280609,7.0,1.954567909
672.0,0.0,1286.0,8293.043945,703.451416,42.0,-1.219200015,14.02080059,4000.0,27.06480026,12.04399872,235.928009,0.128371209,4.0,-3.04017067
673.0,0.0,1266.0,4459.479004,525.2880249,13.0,1.828799963,2.743200064,1000.0,17.5720005,14.8288002,236.9616699,0.026924994,4.0,-1.918041229
674.0,0.0,1274.0,16224.33984,108.2611771,26.0,8.229599953,56.99760056,1000.0,87.87440491,31.87680054,278.7918701,0.129981458,7.0,4.346176147
675.0,0.0,1303.0,10259.69824,66.99952698,6.0,1.524000049,0.0,2000.0,16.0583992,16.0583992,233.892395,0.410722047,7.0,0.642472744
676.0,0.0,1291.0,7478.383789,378.8464966,40.0,1.524000049,0.0,6000.0,32.68479919,35.68479919,247.8355408,0.11501319,4.0,1.23308754
677.0,0.0,1289.0,5451.568848,901.1417236,31.0,-1.524000049,0.0,4000.0,14.84560013,14.84560013,262.9111023,0.27351287,4.0,-0.505716324
678.0,0.0,1267.0,8322.176758,216.1678162,8.0,0.304800004,37.79520035,2000.0,45.49040222,10.69519997,282.4786072,0.160379902,2.0,-4.218953133
679.0,0.0,1268.0,12194.12402,247.8587646,14.0,4.267199993,59.74079895,1000.0,78.31279755,15.5720005,243.0872955,0.28245011,7.0,-0.854300499
680.0,0.0,1281.0,13599.56445,330.7032166,33.0,2.133599997,18.59280014,1000.0,29.64719963,10.05439949,277.9454041,0.754425645,3.0,-0.441066742
681.0,0.0,1267.0,23141.84375,295.0571899,6.0,-3.352800131,46.02479935,1000.0,56.90159988,11.87680054,237.0816956,0.178952128,2.0,-0.817257881
682.0,0.0,1288.0,19500.92188,1160.66333,30.0,1.524000049,62.17919922,4000.0,71.45280457,9.578399658,243.2888336,0.262066305,7.0,-5.57510376
683.0,0.0,1282.0,8195.130859,191.9935455,20.0,1.524000049,0.0,1000.0,27.31520081,25.31520081,260.6850586,0.260109693,7.0,-4.775512695
684.0,0.0,1293.0,6290.71582,169.6965485,15.0,0.609600008,0.0,8000.0,20.18160057,20.18160057,224.4771729,0.330447286,7.0,-2.622239113
685.0,0.0,1287.0,9681.359375,641.6356812,26.0,0.609600008,0.0,1000.0,24.1711998,24.1711998,238.8169861,0.304297745,7.0,-3.939496994
686.0,0.0,1292.0,7129.369629,108.0728607,30.0,-0.304800004,0.0,4000.0,30.9144001,30.9144001,298.849823,0.030043969,4.0,-5.216460228
687.0,0.0,1287.0,17455.08789,924.803772,47.0,15.84959984,43.89120102,1000.0,65.59280396,19.78719902,349.3804932,1.11601615,3.0,5.490318298
688.0,0.0,1297.0,8725.985352,201.5107727,26.0,6.400800228,0.0,1000.0,20.81839943,19.81839943,216.8789215,0.424333364,7.0,3.933171272
689.0,0.0,1281.0,8414.871094,693.8355713,33.0,4.87680006,29.26079941,6000.0,40.61999893,11.35919952,220.7019043,0.047845468,3.0,0.198507309
690.0,0.0,1266.0,6122.004395,119.7449112,14.0,-0.914399981,22.86000061,1000.0,36.25040054,10.0855999,268.5259399,1.36776042,2.0,-4.594776154
691.0,0.0,1266.0,4698.172852,95.03353119,15.0,0.914399981,17.67840004,1000.0,29.6303997,12.86639977,226.4549255,0.240422294,6.0,-4.897389412
692.0,0.0,1283.0,8937.635742,417.1754761,42.0,17.37360001,53.34000015,2000.0,75.22320557,23.88319969,271.1142883,0.116602682,3.0,9.225767136
693.0,0.0,1289.0,10695.66992,268.6834717,32.0,3.352800131,0.0,1000.0,28.64719963,28.64719963,239.6465302,0.203711241,7.0,1.879297256
694.0,0.0,1287.0,15360.09277,84.85865021,38.0,10.05840015,39.31919861,6000.0,52.32559967,13.00639915,353.7973633,1.434047818,3.0,4.529331207
695.0,0.0,1287.0,4276.254883,1318.238892,34.0,-0.609600008,0.0,1000.0,14.49279976,14.49279976,485.5946655,0.698616505,3.0,-0.000537872
696.0,0.0,1291.0,22718.43945,1221.939209,33.0,10.36320019,68.88480377,1000.0,79.3296051,12.44479942,312.8259583,1.225966454,3.0,-0.033744812
697.0,0.0,1294.0,5346.41748,94.70497131,31.0,5.181600094,0.0,1000.0,33.43840027,31.43840027,234.8734436,0.186239988,7.0,1.415958405
698.0,0.0,1274.0,1334.071289,189.4209137,27.0,-3.352800131,28.95600128,4000.0,44.67839813,16.02719879,271.2376709,1.2016294,7.0,-6.99685955
699.0,0.0,1298.0,19392.1582,1591.124023,35.0,9.753600121,58.52159882,1000.0,67.30879974,9.78719902,300.4389343,0.994196355,3.0,3.074436188
700.0,0.0,1281.0,21977.4668,1432.819702,31.0,2.743200064,66.75119781,1000.0,70.92880249,4.177598953,229.6867828,0.423734456,7.0,-10.51916504
701.0,0.0,1283.0,18615.69531,364.2399597,43.0,7.315199852,56.99760056,1000.0,75.0039978,18.00639915,290.3859253,0.305788577,3.0,6.132217407
702.0,0.0,1294.0,13811.78027,120.2538147,25.0,1.524000049,0.0,2000.0,17.38000107,19.38000107,254.6571045,0.899850428,7.0,-1.113469124
704.0,0.0,1282.0,22597.58984,1294.141113,26.0,1.524000049,77.41920471,6000.0,85.13119507,7.711999893,237.0181732,0.257485658,7.0,-9.833341599
705.0,0.0,1295.0,6713.675781,108.073616,23.0,4.267199993,0.0,8000.0,22.0855999,21.0855999,236.2441254,0.233951494,7.0,0.544342041
706.0,0.0,1268.0,12886.79688,94.7038269,16.0,4.267199993,61.56959915,1000.0,83.3608017,18.79120064,322.3051758,0.065995649,7.0,-0.63657093
707.0,0.0,1292.0,4491.393066,228.1472321,7.0,-3.96239996,0.0,1000.0,25.28800011,30.28800011,233.9106903,0.085095555,7.0,-3.939844847
708.0,0.0,1281.0,7428.708496,42.42856979,5.0,-3.352800131,0.0,8000.0,20.84959984,20.84959984,229.1217957,0.232825011,7.0,-2.577658653
709.0,0.0,1283.0,15039.21973,484.2312622,37.0,4.572000027,29.87039948,2000.0,40.04800034,10.17759895,232.867691,0.092507526,3.0,0.235813141
710.0,0.0,1287.0,16415.23242,67.16436005,37.0,10.05840015,29.26079941,1000.0,37.30479813,8.043998718,279.2382202,0.392008305,3.0,2.745407104
711.0,0.0,1291.0,10724.75488,423.3973999,30.0,-0.304800004,0.0,6000.0,25.4279995,23.4279995,285.553772,0.317801386,7.0,-3.067429543
712.0,0.0,1270.0,4267.601074,829.5354004,27.0,10.97280025,3.96239996,1000.0,32.18159866,28.21920013,264.7444153,0.302247256,7.0,6.328149796
713.0,0.0,1289.0,2328.089355,720.9873657,24.0,-2.743200064,0.0,2000.0,6.016799927,9.016799927,238.3330536,0.112355731,3.0,-3.03254509
714.0,0.0,1281.0,8440.894531,1155.567261,40.0,12.80160046,44.80559921,3000.0,64.38400269,18.57839966,355.6751099,0.233996883,3.0,6.35492897
715.0,0.0,1271.0,428.6917114,66.99342346,15.0,-6.096000195,15.5447998,1000.0,26.58240128,11.64719963,240.7136993,1.690814137,7.0,-8.852611542
716.0,0.0,1270.0,8294.768555,42.42900085,24.0,13.71600056,64.00800323,1000.0,84.04560089,23.03759956,231.4868011,0.400416315,7.0,5.603179932
717.0,0.0,1285.0,14347.28125,174.7436523,32.0,2.133599997,36.27120209,1000.0,43.58240128,7.311199188,380.8202515,0.94716543,7.0,-5.894699097
718.0,0.0,1291.0,5027.45459,1760.021484,34.0,-0.609600008,0.0,6000.0,24.55120087,22.55120087,222.0533905,0.380898178,7.0,-2.684093475
719.0,0.0,1277.0,9209.416016,30.06396294,22.0,-5.791200161,34.13759995,4000.0,44.86000061,11.72239971,305.8692932,0.797748387,3.0,-8.935274124
720.0,0.0,1271.0,8589.035156,95.03363037,23.0,12.80160046,61.87440109,8000.0,82.13119507,23.2567997,228.2398529,0.209604934,7.0,5.90395546
721.0,0.0,1285.0,5892.116211,780.6593628,17.0,3.048000097,0.0,2000.0,24.01040077,24.92480087,297.4982605,0.45788762,7.0,0.878046036
722.0,0.0,1280.0,17250.18359,393.7965698,39.0,0.304800004,41.45280075,1000.0,52.41120148,11.95839882,303.3359375,0.146874383,3.0,0.079799652
723.0,0.0,1273.0,6562.219727,324.7809143,11.0,2.43840003,5.791200161,1000.0,16.4864006,12.69519997,219.1367798,0.11801964,7.0,0.878593445
724.0,0.0,1299.0,8360.128906,189.422348,30.0,7.619999886,0.0,1000.0,24.81839943,24.81839943,232.2906647,0.212080136,7.0,3.817122459
725.0,0.0,1283.0,15858.46484,90.19147491,48.0,10.97280025,42.36719894,1000.0,54.09600067,12.11919785,232.006958,0.05609148,3.0,4.216999054
726.0,0.0,1267.0,22639.79102,234.2306824,7.0,-3.96239996,45.41519928,1000.0,57.59680176,12.18160057,236.3879089,0.119187318,2.0,-2.854527712
727.0,0.0,1283.0,13131.11914,738.882019,25.0,7.010400295,68.58000183,2000.0,93.88480377,24.69519997,301.3763123,0.662717164,7.0,1.516141891
728.0,0.0,1281.0,4131.369141,247.8594055,27.0,-0.914399981,34.44240189,4000.0,41.93519974,8.711999893,253.6255798,0.604034662,3.0,-0.960344315
729.0,0.0,1265.0,22212.82813,0.0,2.0,-4.87680006,42.97679901,1000.0,51.68239975,8.096000671,218.5062408,0.148592889,2.0,-2.953310966
730.0,0.0,1284.0,7190.972168,66.99323273,29.0,3.96239996,38.40480042,1000.0,47.59280014,9.187999725,246.1797638,0.088772804,3.0,-2.003890991
731.0,0.0,1262.0,9775.975586,299.3621826,4.0,-2.43840003,13.41120052,6000.0,22.28800011,8.876800537,236.8167419,0.056939255,4.0,-1.746301174
732.0,0.0,1288.0,11634.53613,557.6433105,44.0,13.10640049,32.91839981,2000.0,51.31520081,19.92079926,298.2915955,0.242558286,3.0,9.367471695
733.0,0.0,1291.0,6307.101563,820.5263672,24.0,-2.743200064,0.0,2000.0,17.90399933,17.90399933,278.4595947,0.060171165,4.0,-3.728800774
734.0,0.0,1273.0,3055.004883,254.574173,29.0,12.80160046,39.62400055,1000.0,60.08959961,21.46559906,257.0629883,0.583783329,7.0,7.57170105
735.0,0.0,1275.0,18698.06445,760.2643433,11.0,-3.352800131,57.60720062,3000.0,71.95999908,11.04800034,239.9981842,0.08377903,2.0,0.736855984
736.0,0.0,1267.0,4445.056152,42.4289856,21.0,5.486400127,32.30879974,5000.0,47.21279907,12.90399933,297.4342651,1.513223886,7.0,2.705452919
737.0,0.0,1274.0,18848.73828,150.0817413,23.0,0.609600008,39.62400055,6000.0,66.89120483,27.26720047,239.8948669,0.062400628,7.0,-0.017085075
738.0,0.0,1270.0,5921.152344,190.0668793,20.0,5.486400127,14.32560062,8000.0,28.83919907,14.5135994,338.3994141,1.513909817,7.0,1.867554665
739.0,0.0,1284.0,24214.09766,1031.73584,40.0,10.66800022,77.11440277,6000.0,88.76800537,9.653598785,327.0155029,0.338704407,3.0,0.605667114
740.0,0.0,1268.0,5573.637695,29.93622208,20.0,10.66800022,42.67200089,6000.0,57.79520035,16.12319946,233.4589539,0.414409816,7.0,3.910210609
741.0,0.0,1267.0,4675.903809,694.0636597,20.0,5.791200161,3.048000097,1000.0,26.09600067,22.04800034,238.2494202,0.200893044,7.0,2.780688286
742.0,0.0,1288.0,13233.87988,1205.638672,38.0,-2.43840003,24.99360085,1000.0,42.5719986,18.49279976,254.6357269,1.419155121,3.0,11.24144554
743.0,0.0,1285.0,20868.45313,1156.932617,21.0,-2.133599997,70.71360016,3000.0,81.95999908,11.24639988,319.027832,0.431686699,7.0,-5.479362488
744.0,0.0,1273.0,21871.32813,150.3196411,14.0,-3.048000097,53.34000015,1000.0,70.38800049,17.04800034,263.7281189,0.103655249,2.0,0.999149799
745.0,0.0,1304.0,12009.19141,228.1321106,13.0,2.743200064,0.0,1000.0,18.79120064,18.79120064,231.260849,0.652906597,7.0,-0.379499435
746.0,0.0,1269.0,3781.022217,300.6396179,28.0,2.133599997,16.15439987,1000.0,33.4864006,16.33200073,286.0935059,0.693188429,7.0,-0.780308723
747.0,0.0,1267.0,4749.185547,240.5110474,13.0,4.87680006,5.181600094,1000.0,19.09600067,13.9144001,263.4479675,0.186398357,7.0,0.480098724
748.0,0.0,1279.0,18240.98633,42.42409897,19.0,7.924799919,47.85359955,1000.0,73.5592041,24.79120064,225.1781921,0.132000342,7.0,6.87087059
749.0,0.0,1295.0,7655.512207,300.1949463,14.0,0.609600008,0.0,4000.0,16.13360023,16.13360023,219.4156494,0.063847765,7.0,-2.22177124
750.0,0.0,1271.0,1787.560669,179.6173859,18.0,4.572000027,27.43200111,1000.0,37.50720215,10.07520008,352.08078,0.692068279,7.0,1.722419739
751.0,0.0,1281.0,23821.11914,1191.100708,43.0,7.315199852,77.41920471,2000.0,92.07279968,14.65359879,370.9502869,0.565369248,3.0,-0.820270538
752.0,0.0,1286.0,21288.82227,999.2949219,28.0,0.914399981,67.66560364,1000.0,77.37760162,10.71199989,243.8236389,0.23470597,7.0,-10.22434998
753.0,0.0,1282.0,9288.055664,501.9994202,39.0,0.609600008,25.29840088,3000.0,32.90399933,6.605600357,237.1260071,0.166467533,3.0,-1.615959167
755.0,0.0,1308.0,12652.14063,150.0823364,19.0,2.743200064,0.0,6000.0,19.9144001,18.9144001,231.4120789,0.214092776,7.0,1.21572113
756.0,0.0,1286.0,3245.686768,1289.733765,23.0,-4.572000027,0.0,2000.0,10.19839954,10.19839954,260.7355347,0.361278117,4.0,-4.421724319
757.0,0.0,1279.0,20269.68359,269.4266052,14.0,0.304800004,47.54880142,2000.0,64.59680176,18.04800034,335.9655151,0.686817229,7.0,0.694655418
758.0,0.0,1279.0,13425.3291,90.19199371,22.0,7.315199852,68.58000183,1000.0,95.76160431,23.18160057,246.7397614,0.072389275,7.0,1.458471298
759.0,0.0,1282.0,17012.60352,657.9015503,27.0,12.49680042,61.87440109,2000.0,87.35040283,26.47599983,337.4379272,0.534763038,7.0,7.053474426
760.0,0.0,1282.0,9031.334961,1147.224365,30.0,-6.096000195,31.69919968,2000.0,47.06880188,14.3696003,298.5149841,0.300964087,7.0,0.538549423
761.0,0.0,1279.0,8826.246094,284.1142273,10.0,-2.43840003,0.0,1000.0,22.19200134,21.19200134,221.7168274,0.104681805,7.0,-2.759607792
762.0,0.0,1300.0,11162.06543,29.93661118,18.0,3.352800131,0.0,5000.0,17.69519997,17.69519997,231.1849976,0.276979119,7.0,1.649970055
764.0,0.0,1299.0,11927.5752,119.7462616,17.0,2.133599997,0.0,2000.0,18.8288002,18.8288002,256.0570068,0.352746159,7.0,1.042206764
765.0,0.0,1268.0,8426.383789,305.3475647,20.0,4.87680006,53.94960022,1000.0,72.42559814,18.47599983,318.517395,0.281728238,7.0,-0.247153282
766.0,0.0,1284.0,17845.18555,306.5502319,46.0,7.010400295,37.79520035,1000.0,46.30479813,8.509597778,249.7193298,0.135431588,3.0,4.421386719
767.0,0.0,1276.0,2592.14624,153.2682953,24.0,-3.96239996,34.74720001,1000.0,41.37360001,7.236000061,232.1112976,0.848527431,7.0,-0.720541
768.0,0.0,1287.0,4899.502441,916.0162354,23.0,-3.048000097,0.0,2000.0,13.24639988,14.85599995,284.3213196,0.251818299,7.0,-3.477024078
769.0,0.0,1290.0,19430.25977,2098.906494,47.0,11.27760029,56.99760056,1000.0,75.65119934,19.87279892,246.4104309,0.548510194,3.0,-2.17552948
770.0,0.0,1291.0,3851.808105,1133.432495,43.0,8.83920002,0.0,7000.0,51.83919907,54.83919907,276.0735779,3.03797698,3.0,25.75877571
771.0,0.0,1267.0,2823.64502,272.2304688,11.0,-0.304800004,21.33600044,1000.0,27.76399994,6.732800007,232.5444641,0.36866647,7.0,-6.229935169
772.0,0.0,1279.0,21324.21484,240.5113831,20.0,3.352800131,60.65520096,2000.0,76.08320618,15.4279995,235.6581726,0.439071208,7.0,0.182065964
773.0,0.0,1304.0,13412.65137,216.5195923,21.0,3.657599926,0.0,4000.0,24.6576004,24.6576004,242.7325134,0.580240548,7.0,3.398031235
774.0,0.0,1260.0,8794.260742,667.4685059,3.0,-2.43840003,9.753600121,1000.0,17.6303997,5.87680006,235.4510498,0.110033594,4.0,-0.329719186
775.0,0.0,1269.0,22068.86523,309.2032166,7.0,-0.304800004,47.85359955,2000.0,59.73040009,13.87680054,292.6376343,0.148407236,2.0,2.65791893
776.0,0.0,1275.0,2657.816406,491.740387,21.0,-7.924799919,34.44240189,6000.0,41.1167984,6.674399376,237.5714722,1.0638026,7.0,-13.5913496
777.0,0.0,1292.0,8016.057617,218.0044403,33.0,1.219200015,19.20240021,1000.0,23.85599899,4.653598785,273.7780151,0.131615803,4.0,1.324829102
778.0,0.0,1260.0,4238.953613,94.70429993,7.0,-3.048000097,3.96239996,1000.0,15.22959995,11.26720047,329.1650696,0.249748379,4.0,-4.014925957
779.0,0.0,1276.0,14212.06543,90.19197845,22.0,7.315199852,65.53199768,1000.0,94.23760223,28.70560074,263.3020325,0.462195307,7.0,3.048395157
780.0,0.0,1287.0,4610.302734,1240.557373,37.0,6.705600262,0.0,2000.0,45.229599,43.229599,317.8330078,1.112615943,3.0,15.02187061
781.0,0.0,1281.0,10880.78516,474.6714172,46.0,18.59280014,46.32960129,8000.0,71.29840088,24.96879959,248.0548553,0.188959315,3.0,12.00820351
782.0,0.0,1292.0,7714.992188,774.7894287,33.0,0.0,16.76399994,2000.0,22.33200073,1.567998886,275.9427795,0.042734064,4.0,0.126262665
783.0,0.0,1289.0,4053.420654,1460.344971,30.0,-2.743200064,0.0,3000.0,13.84560013,10.84560013,232.4766083,0.178688303,4.0,-2.032651901
784.0,0.0,1286.0,23656.29688,1527.589355,32.0,11.58240032,71.0184021,1000.0,76.19599915,5.177598953,255.5581207,0.403770477,3.0,-2.795318604
785.0,0.0,1285.0,15155.65723,246.9163055,52.0,13.71600056,38.10000229,2000.0,56.5719986,18.86240005,250.5193634,0.831895769,3.0,5.543190002
786.0,0.0,1274.0,4316.036621,407.3149414,24.0,0.914399981,26.51760101,1000.0,38.02080154,11.50319958,241.7975922,0.903691947,7.0,0.183912277
787.0,0.0,1260.0,6090.075195,426.5821228,8.0,-0.304800004,4.87680006,8000.0,16.229599,11.6576004,282.8979797,0.301307946,4.0,-2.30351615
789.0,0.0,1262.0,9166.366211,296.9706116,4.0,-2.43840003,9.448800087,4000.0,18.6303997,11.18160057,292.6079102,0.066639364,4.0,-0.810873151
790.0,0.0,1281.0,24044.20898,578.2210083,12.0,-6.705600262,58.82640076,6000.0,70.82640076,12.0,229.2713013,0.1560013,2.0,-6.48269558
791.0,0.0,1290.0,9555.663086,637.7006226,28.0,-0.914399981,0.0,6000.0,21.29439926,22.29439926,298.6741638,0.065393336,4.0,-3.905945778
792.0,0.0,1297.0,6856.512695,190.064621,33.0,4.87680006,0.0,1000.0,32.08560181,30.0855999,218.4722748,0.65890646,7.0,3.560995102
793.0,0.0,1282.0,8507.191406,42.42908478,19.0,1.828799963,0.0,1000.0,26.31520081,27.31520081,307.1175537,0.052839629,7.0,-4.680021286
794.0,0.0,1284.0,7227.490723,450.0449219,35.0,3.048000097,35.96640015,3000.0,50.23999786,16.27359962,233.8884888,0.035269246,3.0,-1.624809265
795.0,0.0,1282.0,11483.74805,360.7670898,27.0,0.914399981,29.87039948,2000.0,35.229599,4.359199524,294.5673828,0.245240733,7.0,-1.1945858
796.0,0.0,1285.0,21152.44141,751.5985718,20.0,1.219200015,64.92240143,1000.0,63.58639908,0.0,226.4862366,0.156728506,7.0,-9.292451859
797.0,0.0,1270.0,17287.72656,153.2744141,10.0,-2.43840003,55.16880035,8000.0,68.82640076,12.35280037,311.1349487,0.276654959,2.0,1.414352417
798.0,0.0,1288.0,16168.49512,256.7212524,45.0,9.144000053,39.62400055,1000.0,57.49679947,19.87279892,239.2172546,1.114812493,3.0,9.920402527
799.0,0.0,1279.0,5532.014648,254.5423126,44.0,2.743200064,14.6303997,2000.0,26.93120003,14.30080032,238.9078827,0.120963804,3.0,-1.248703003
800.0,0.0,1284.0,19929.23047,558.3549805,45.0,0.304800004,32.00400162,1000.0,40.73279953,7.728797913,269.1009521,0.273270667,3.0,2.931037903
801.0,0.0,1289.0,7006.216797,283.2973328,24.0,1.219200015,0.0,1000.0,15.16079998,15.16079998,271.3813782,0.408083111,7.0,-0.663734436
802.0,0.0,1283.0,11248.89453,254.5754547,31.0,7.315199852,30.17519951,1000.0,36.79119873,4.615999222,247.5139618,0.473007232,3.0,-1.697999954
803.0,0.0,1283.0,19797.80273,1184.964478,40.0,3.96239996,56.69280243,1000.0,69.87039948,13.17759895,317.9439697,1.247908354,7.0,-8.802970886
804.0,0.0,1278.0,23723.69727,330.7033691,1.0,-5.791200161,48.76800156,8000.0,53.12080002,3.352800131,277.9235535,0.321061671,7.0,-3.355001926
805.0,0.0,1286.0,11201.62793,29.93657875,21.0,-1.828799963,0.0,6000.0,12.77040005,11.46560001,238.2140961,0.309833556,7.0,-4.412865639
806.0,0.0,1274.0,2834.645752,234.4109192,17.0,5.791200161,12.49680042,1000.0,27.0583992,14.56159973,299.7416382,0.310965955,7.0,-0.656384468
807.0,0.0,1292.0,7145.937988,889.7127686,25.0,-1.524000049,0.0,2000.0,20.12319946,20.12319946,230.5269318,0.130494505,4.0,-3.369931221
808.0,0.0,1283.0,15914.07227,256.7426453,42.0,4.267199993,22.25040054,2000.0,36.20880127,13.95839882,265.0184937,0.246899128,3.0,4.585510254
809.0,0.0,1284.0,13104.17285,313.7785645,34.0,-4.267199993,33.52799988,3000.0,44.36320114,16.83519936,311.4916687,0.980153084,3.0,-7.568813324
810.0,0.0,1284.0,7460.323242,1219.663452,33.0,-4.267199993,31.39439964,6000.0,46.41120148,15.01679993,286.0304871,0.812923789,3.0,4.54091835
811.0,0.0,1284.0,17856.66797,1685.949707,26.0,3.352800131,63.39839935,2000.0,86.04560089,22.64719963,361.72229,0.742362916,7.0,4.418149948
812.0,0.0,1269.0,2396.586426,149.6811676,21.0,4.267199993,23.77440071,1000.0,38.06880188,16.5991993,352.0795898,0.60863018,7.0,-2.669994354
813.0,0.0,1281.0,19314.05273,468.8266602,32.0,4.267199993,53.03520203,1000.0,58.82240295,5.78719902,332.5571899,0.180786371,3.0,-5.650196075
814.0,0.0,1286.0,11527.05078,662.9241943,37.0,1.219200015,27.12720108,1000.0,48.27759933,21.15040016,283.5905457,0.170998245,3.0,3.155981064
815.0,0.0,1286.0,16884.54297,691.4719849,34.0,4.267199993,42.67200089,4000.0,50.15439987,7.263198853,357.3049622,1.933481455,3.0,-2.571687698
816.0,0.0,1282.0,9008.979492,309.200531,33.0,-12.49680042,28.04160118,4000.0,43.66799927,15.62639999,338.1787415,0.771811604,7.0,-1.776599884
817.0,0.0,1286.0,16062.31055,1430.374146,36.0,-9.753600121,30.17519951,1000.0,40.5719986,10.39679909,322.3597412,0.323848128,3.0,2.206853867
818.0,0.0,1291.0,5387.336914,29.93643188,8.0,-4.572000027,0.0,1000.0,25.67840004,25.67840004,248.0718994,0.07436575,7.0,-3.932955742
819.0,0.0,1289.0,26623.38281,2228.426025,52.0,19.50720024,71.93280029,1000.0,99.2440033,27.31119919,328.960144,3.807152271,3.0,17.29898834
820.0,0.0,1279.0,16269.7373,675.5541382,40.0,-3.96239996,25.60320091,4000.0,39.08560181,11.48239899,225.0141907,0.281797647,3.0,0.084009171
821.0,0.0,1279.0,3307.124756,284.1123352,18.0,0.304800004,25.29840088,1000.0,32.02080154,6.722399712,419.348175,0.751907706,7.0,-4.010754585
822.0,0.0,1285.0,8399.422852,29.93651581,18.0,0.0,0.0,1000.0,14.3423996,10.3423996,354.9330444,0.817167163,7.0,-4.093297958
823.0,0.0,1268.0,5196.544922,108.0724564,22.0,12.49680042,42.97679901,1000.0,59.49040222,16.5135994,235.0397034,0.40458855,7.0,6.522567749
824.0,0.0,1266.0,5094.272461,127.2868271,12.0,0.914399981,17.98320007,1000.0,28.15439987,10.1711998,223.8633881,0.099410892,6.0,-2.992371082
825.0,0.0,1300.0,11850.93848,89.81023407,28.0,-1.524000049,0.0,6000.0,20.68479919,20.68479919,251.7710419,0.881514132,7.0,-4.367074013
826.0,0.0,1275.0,845.7198486,554.2562256,14.0,-9.448800087,19.81200027,6000.0,27.7159996,7.903999805,237.4637604,0.234115094,7.0,-13.93573761
827.0,0.0,1286.0,17216.10938,428.9211426,42.0,6.705600262,43.58639908,1000.0,59.67839813,16.09199905,298.0558472,0.649579465,3.0,6.172962189
828.0,0.0,1289.0,9050.587891,937.9113159,38.0,-1.219200015,15.84959984,4000.0,24.2840004,9.043998718,287.7493591,0.261933506,4.0,-1.016191483
829.0,0.0,1283.0,8253.148438,276.6605225,26.0,6.096000195,0.0,1000.0,24.47599983,24.47599983,245.4343109,1.055827618,7.0,3.355642319
830.0,0.0,1273.0,20564.34961,180.3838501,15.0,0.914399981,44.50080109,1000.0,63.46319962,18.96240044,317.9335022,0.469407499,2.0,2.655790806
831.0,0.0,1271.0,6452.425781,239.4907227,19.0,7.924799919,5.486400127,1000.0,25.09600067,19.60960007,295.7391663,0.927257359,7.0,3.23329258
832.0,0.0,1280.0,7607.745605,1447.478638,28.0,-5.181600094,31.08959961,1000.0,42.63040161,10.54080009,263.125946,1.03394568,3.0,2.08306694
833.0,0.0,1283.0,6219.246582,189.4070282,31.0,0.609600008,36.57600021,3000.0,48.06880188,10.49279976,226.4499512,0.055477474,3.0,0.333471298
834.0,0.0,1267.0,6589.111328,95.02709198,8.0,-1.219200015,17.98320007,8000.0,25.37360001,6.390399933,235.8663635,0.179840341,6.0,-4.975607872
835.0,0.0,1269.0,6471.67627,257.9063416,18.0,0.0,10.36320019,1000.0,25.92480087,13.56159973,230.2358246,0.184477776,7.0,-0.697795868
836.0,0.0,1285.0,22376.60742,552.9595337,39.0,4.572000027,69.79920197,1000.0,86.85359955,16.05439949,288.8693848,1.157610774,7.0,-8.360258102
837.0,0.0,1288.0,12948.0293,832.7232666,36.0,-4.572000027,25.60320091,1000.0,41.79119873,17.10239983,228.6562958,0.380917102,3.0,8.47530365
838.0,0.0,1292.0,11957.66895,42.42416763,25.0,0.609600008,0.0,1000.0,17.98959923,15.98959923,231.1772766,0.266452342,7.0,-1.078509331
839.0,0.0,1267.0,20753.67383,150.3199921,2.0,-4.267199993,41.75759888,7000.0,51.07279968,8.705600739,198.1274261,0.081719868,2.0,-4.084952831
840.0,0.0,1293.0,7646.808105,701.1737061,19.0,-3.657599926,0.0,2000.0,13.5135994,19.5135994,294.4793396,0.250463933,4.0,-4.995189667
841.0,0.0,1297.0,9878.890625,180.3816223,20.0,-0.304800004,0.0,6000.0,19.0855999,19.0855999,277.0101013,0.550525844,7.0,-4.275148392
842.0,0.0,1283.0,14092.18164,175.1135406,32.0,4.572000027,28.34640121,6000.0,34.13359833,5.78719902,227.964447,0.156509504,3.0,-1.503210068
843.0,0.0,1272.0,18666.24414,256.7228394,11.0,1.828799963,46.93920135,1000.0,63.73040009,18.79120064,306.9856262,0.333737671,2.0,1.706755638
844.0,0.0,1285.0,21908.40625,1446.723389,27.0,-7.010400295,69.79920197,4000.0,89.17919922,20.38000107,301.842865,0.897799492,7.0,-3.830257416
845.0,0.0,1287.0,2250.708496,675.2623291,23.0,4.572000027,0.0,2000.0,34.58240128,34.58240128,326.0022583,0.612443984,7.0,1.846333504
846.0,0.0,1284.0,12044.74316,191.9925385,39.0,6.096000195,31.39439964,1000.0,44.79119873,14.39679909,359.3686829,0.448053569,3.0,5.724609375
847.0,0.0,1275.0,4639.740723,67.17115021,27.0,11.58240032,49.37760162,1000.0,67.53839874,18.16080093,234.9539795,0.250419557,7.0,4.255897522
848.0,0.0,1268.0,6405.524902,212.1206818,11.0,-0.609600008,8.534399986,1000.0,18.92480087,11.39039993,231.4537964,0.026256433,6.0,-1.642841816
849.0,0.0,1283.0,22482.16211,1249.491577,33.0,2.43840003,67.66560364,6000.0,75.97679901,9.78719902,239.8509369,0.641254902,7.0,-12.16820335
850.0,0.0,1280.0,13218.41992,234.2330017,31.0,1.219200015,32.61360168,1000.0,37.09600067,6.482398987,294.8810425,0.245508343,3.0,0.145721436
851.0,0.0,1289.0,7097.803711,127.2731705,15.0,3.657599926,5.791200161,1000.0,15.9144001,10.12319946,237.2286987,0.359168857,7.0,1.320918083
852.0,0.0,1282.0,12927.5918,123.4581985,44.0,5.181600094,38.70960236,2000.0,47.6576004,12.94799805,353.8947144,0.237215281,3.0,-2.270298004
853.0,0.0,1284.0,9498.577148,810.1490479,38.0,-0.304800004,20.72640038,6000.0,28.55120087,8.824800491,266.8988342,0.044664398,3.0,-1.16129303
854.0,0.0,1278.0,852.4490967,360.4966431,18.0,4.572000027,10.97280025,1000.0,26.53440094,16.56159973,226.3330383,0.148947179,7.0,-1.525528908
855.0,0.0,1287.0,11070.07617,60.12753296,31.0,2.43840003,0.0,1000.0,29.78079987,31.30480003,244.5549927,0.054088093,7.0,-1.48585701
856.0,0.0,1280.0,11896.58789,89.80870819,18.0,7.010400295,69.18959808,6000.0,89.62799835,20.43840027,302.0043945,1.021679759,7.0,-1.718460083
857.0,0.0,1311.0,13645.6709,29.93674469,23.0,3.352800131,0.0,1000.0,17.5135994,15.5135994,217.6838531,0.078142516,7.0,2.328024864
858.0,0.0,1268.0,9861.363281,300.1636353,9.0,-3.352800131,39.01440048,3000.0,50.14799881,10.52400017,256.7297974,0.148737714,2.0,-7.822212219
859.0,0.0,1269.0,8794.84082,94.71022034,7.0,-3.048000097,30.78479958,1000.0,39.00400162,8.609600067,264.7030334,0.404703856,2.0,-6.984336853
860.0,0.0,1293.0,7033.21582,182.845108,36.0,0.609600008,0.0,2000.0,27.770401,27.770401,247.8355408,0.556684136,4.0,0.484235764
861.0,0.0,1287.0,13785.33105,1388.809326,35.0,-3.657599926,25.29840088,1000.0,39.5719986,16.27359962,219.5318146,0.053031854,3.0,7.671321869
862.0,0.0,1284.0,7021.579102,277.1123962,25.0,2.133599997,0.0,2000.0,35.0583992,35.0583992,308.1213074,0.719442308,7.0,-4.090373039
863.0,0.0,1282.0,11057.57227,605.4923096,26.0,-3.96239996,21.03120041,1000.0,28.7432003,8.931200027,276.6130676,0.989427209,7.0,-6.313875198
864.0,0.0,1282.0,8297.683594,300.1965332,22.0,0.914399981,0.0,1000.0,29.31520081,28.31520081,260.6850586,0.269255877,7.0,-4.68157196
865.0,0.0,1281.0,3461.047607,1418.498535,34.0,6.096000195,20.42160034,1000.0,39.18159866,19.76000023,235.2593689,0.518597662,7.0,9.377569199
866.0,0.0,1283.0,12374.28125,671.6477661,34.0,12.49680042,73.15200043,4000.0,100.1416016,27.98959923,260.4214172,0.634235382,3.0,5.399871826
867.0,0.0,1285.0,18350.93945,691.46875,50.0,13.41120052,36.88080215,1000.0,50.0,8.509597778,216.3080902,0.927913547,3.0,5.28748703
868.0,0.0,1279.0,5130.421387,269.4309387,39.0,3.048000097,14.32560062,6000.0,21.32159996,6.995998383,238.9078827,0.039717492,3.0,-0.80764389
869.0,0.0,1280.0,20090.4043,267.9741821,18.0,-2.133599997,56.08320236,1000.0,70.42559814,14.3423996,262.2506409,0.354374588,7.0,-1.08065033
870.0,0.0,1279.0,3337.518311,174.7629852,23.0,0.609600008,14.32560062,6000.0,34.58240128,19.2567997,238.0132294,0.087955028,4.0,-5.111270428
871.0,0.0,1291.0,7986.098145,30.06366539,17.0,1.524000049,0.0,4000.0,20.6576004,20.6576004,232.0590668,0.673441947,7.0,-2.536882401
872.0,0.0,1282.0,5986.432129,228.1488953,30.0,-7.924799919,31.39439964,4000.0,45.5447998,14.4552002,351.4725342,0.376792699,7.0,-3.829135895
873.0,0.0,1276.0,22986.49023,296.969574,8.0,-3.657599926,51.20640182,8000.0,62.25440216,12.04800034,281.3798828,0.684958577,2.0,0.129912376
874.0,0.0,1283.0,7975.238281,302.1279907,21.0,3.048000097,0.0,1000.0,21.30480003,21.30480003,336.8240051,0.688345432,7.0,-2.676909447
875.0,0.0,1287.0,10384.07227,152.6668091,32.0,1.219200015,29.87039948,2000.0,46.32559967,20.2840004,277.2145081,0.095883667,3.0,4.004751205
876.0,0.0,1288.0,19450.32031,1581.139893,34.0,9.144000053,59.13119888,1000.0,67.52799988,8.78719902,231.2473907,0.021701545,3.0,1.126796722
877.0,0.0,1281.0,9131.750977,60.12795639,24.0,-0.609600008,35.96640015,1000.0,49.29840088,14.33199978,345.9264526,0.847323477,3.0,-1.644525528
878.0,0.0,1253.0,5076.71582,512.449646,8.0,-0.914399981,2.43840003,1000.0,15.92479992,13.4864006,295.5536499,0.270242751,7.0,0.11172986
879.0,0.0,1295.0,9806.291016,573.0300903,23.0,-1.828799963,0.0,6000.0,19.64719963,17.64719963,234.3083191,0.043880466,7.0,-5.293305397
880.0,0.0,1270.0,1764.200562,127.2722168,13.0,4.267199993,17.98320007,1000.0,26.41120148,10.4279995,230.5496826,0.320217967,7.0,0.212526321
881.0,0.0,1283.0,22431.16797,2090.459473,30.0,7.010400295,64.61759949,1000.0,70.53839874,5.920799255,340.5999146,0.178589791,7.0,-4.861362457
882.0,0.0,1283.0,11750.92383,330.7011108,51.0,5.181600094,33.52799988,1000.0,51.60960007,18.08160019,227.9837952,0.198427334,3.0,4.176868439
883.0,0.0,1284.0,7606.734863,991.8699951,29.0,-10.97280025,29.87039948,4000.0,42.7159996,12.84560013,282.0460205,1.175078154,7.0,-6.42029953
884.0,0.0,1286.0,13136.0791,569.5862427,40.0,8.229599953,37.18560028,1000.0,50.97280121,13.78719902,256.4634399,0.410956979,3.0,6.314250946
885.0,0.0,1282.0,21989.97852,342.2123108,34.0,0.914399981,75.28559875,1000.0,92.82640076,17.54080009,320.1315613,0.576041341,3.0,1.977546692
886.0,0.0,1281.0,15692.39941,1988.070313,33.0,8.534399986,49.68239975,1000.0,58.90800095,10.22559929,275.9806519,0.183460757,3.0,3.501367569
887.0,0.0,1288.0,12060.6377,192.1952362,26.0,3.96239996,0.0,1000.0,28.7432003,28.7432003,248.0866852,0.192756593,7.0,-1.633886337
888.0,0.0,1275.0,1654.082642,134.3299103,23.0,3.048000097,6.096000195,4000.0,29.09600067,23.0,275.5663147,0.286741853,7.0,-2.261060238
889.0,0.0,1282.0,14840.84961,95.03334808,41.0,3.352800131,30.47999954,1000.0,42.8288002,12.34879875,219.5393524,0.46881333,3.0,-1.987709045
890.0,0.0,1285.0,12742.9375,67.16464233,37.0,18.59280014,44.19599915,2000.0,57.72640228,17.96879959,257.3720703,0.318254203,3.0,5.919879913
891.0,0.0,1288.0,9493.039063,389.4024353,41.0,2.133599997,21.33600044,6000.0,34.5992012,12.26319885,278.892395,0.078582317,4.0,1.492609024
892.0,0.0,1283.0,14283.42383,674.8253174,35.0,-3.352800131,34.74720001,6000.0,46.27759933,8.530399323,227.3854828,1.316789627,7.0,-11.85021019
893.0,0.0,1275.0,20971.82813,60.12794495,16.0,-0.304800004,44.50080109,1000.0,64.76800537,20.26720047,317.9335022,0.803292871,2.0,1.131848335
894.0,0.0,1280.0,9361.670898,606.8929443,30.0,15.5447998,69.79920197,2000.0,94.31279755,24.5135994,278.2523804,0.121347353,7.0,4.203941345
895.0,0.0,1296.0,8058.188477,349.5274658,17.0,0.0,0.0,3000.0,17.0,15.0,300.2367249,0.112221316,7.0,-3.43881321
896.0,0.0,1268.0,19789.93945,192.193634,0.0,-6.400800228,51.20640182,6000.0,54.55920029,4.572000027,236.4302979,0.179392606,2.0,-4.632539749
897.0,0.0,1307.0,13354.55371,60.12701416,23.0,3.96239996,0.0,1000.0,17.20879936,17.20879936,213.846344,0.854093134,7.0,2.235513687
898.0,0.0,1277.0,13234.50684,59.87248611,16.0,3.657599926,68.58000183,1000.0,88.84719849,19.26720047,246.7397614,0.177316979,7.0,0.173877716
899.0,0.0,1268.0,1932.237183,127.2871094,18.0,0.914399981,12.80160046,1000.0,23.79120064,9.989599228,305.4268188,0.860263109,7.0,-1.1238451
900.0,0.0,1287.0,15591.79492,201.4931183,49.0,9.448800087,22.25040054,1000.0,43.81840134,21.17759895,310.1873474,0.234811634,3.0,8.273448944
901.0,0.0,1283.0,18409.18359,395.3976135,24.0,6.096000195,60.04560089,2000.0,81.30239868,21.2567997,288.6702576,0.247319341,7.0,1.106826782
902.0,0.0,1266.0,7214.199219,180.3841248,25.0,5.791200161,42.67200089,1000.0,64.92880249,22.2567997,317.0991211,0.424365342,7.0,0.450769424
903.0,0.0,1282.0,18325.47852,389.1715698,30.0,0.914399981,58.21680069,2000.0,67.18560028,9.968799591,239.5439453,1.412230253,7.0,-7.130067825
904.0,0.0,1275.0,4977.240723,282.7721558,19.0,-12.80160046,31.39439964,6000.0,39.72640228,5.112799644,244.8838196,0.737866402,7.0,-12.02722549
905.0,0.0,1286.0,20705.82031,1124.122681,23.0,2.133599997,67.66560364,1000.0,70.85359955,3.187999725,257.9844666,0.201280594,7.0,-8.963144302
906.0,0.0,1303.0,12368.81934,153.2675018,14.0,2.43840003,0.0,1000.0,19.4864006,19.4864006,231.260849,0.744325876,7.0,1.353784561
907.0,0.0,1309.0,11697.51465,510.7281799,19.0,2.43840003,0.0,6000.0,22.35280037,22.35280037,242.3770905,0.170433402,7.0,-1.295598984
908.0,0.0,1261.0,685.3803711,503.7585144,11.0,1.828799963,0.304800004,1000.0,15.26720047,16.26720047,303.5664368,0.098675042,4.0,0.508895874
909.0,0.0,1288.0,9215.149414,190.0657806,34.0,1.828799963,0.0,1000.0,28.5135994,28.5135994,236.6689758,0.072854377,7.0,1.167835236
910.0,0.0,1282.0,19666.52148,458.3953552,21.0,-3.048000097,68.58000183,2000.0,78.30239868,11.72239971,413.2002869,0.434956551,7.0,-3.430078506
911.0,0.0,1271.0,7640.380371,161.2998962,20.0,8.534399986,54.86400223,1000.0,72.12080383,17.2567997,324.055481,0.330254257,7.0,1.526161194
912.0,0.0,1282.0,3892.743896,468.9527893,27.0,-3.96239996,32.91839981,3000.0,47.72640228,13.80799961,233.1692505,1.637198925,7.0,-6.334665298
913.0,0.0,1289.0,18312.45313,513.4425049,40.0,11.27760029,55.16880035,6000.0,67.73680115,12.56799889,239.919342,0.769826174,3.0,3.30490303
914.0,0.0,1272.0,2626.561035,329.2999268,15.0,0.304800004,14.32560062,1000.0,25.36320114,10.03759956,230.4165955,0.078695372,7.0,-4.911701202
915.0,0.0,1273.0,7325.589844,481.9561768,11.0,2.133599997,5.486400127,8000.0,18.92480087,13.43840027,257.7368164,0.185850829,4.0,-0.373267651
916.0,0.0,1286.0,14633.28711,152.6674957,47.0,10.36320019,42.67200089,1000.0,53.4007988,10.72879791,230.2724915,0.126013353,3.0,4.884315491
917.0,0.0,1287.0,12363.83105,282.741394,39.0,4.572000027,27.73680115,2000.0,39.91439819,11.17759895,282.1598206,0.456487596,3.0,3.147489548
918.0,0.0,1287.0,9725.157227,442.4513245,19.0,1.524000049,0.0,2000.0,15.3423996,15.3423996,238.8169861,0.709275007,7.0,-3.11835289
919.0,0.0,1269.0,671.7109985,67.16483307,20.0,-1.524000049,16.45919991,1000.0,32.49679947,17.03759956,266.1905212,2.29193306,7.0,-4.417114258
920.0,0.0,1288.0,7739.933594,161.3134155,34.0,3.96239996,29.87039948,3000.0,44.0583992,14.18799973,307.3148804,0.138388142,3.0,6.445781708
921.0,0.0,1279.0,21403.09766,1539.629028,30.0,2.43840003,60.35039902,1000.0,65.96640015,6.615999222,279.813385,0.774667442,3.0,-11.23415565
922.0,0.0,1282.0,7684.8125,191.9935608,25.0,0.609600008,0.0,1000.0,33.53440094,34.53440094,260.6850586,0.185781509,7.0,-5.78383255
923.0,0.0,1290.0,9453.507813,530.8109741,37.0,-0.914399981,20.72640038,2000.0,27.55120087,6.824800491,231.919342,0.188442916,4.0,-1.134395599
924.0,0.0,1266.0,6362.476074,210.4477844,17.0,1.524000049,8.83920002,1000.0,24.61999893,15.78079987,233.1880341,0.247028619,7.0,-1.260382175
925.0,0.0,1318.0,6402.861328,341.8604126,24.0,3.96239996,0.0,4000.0,23.69519997,22.69519997,254.3839111,0.155929655,7.0,3.607633591
926.0,0.0,1278.0,9440.797852,242.1192017,8.0,-3.96239996,8.534399986,1000.0,19.27759933,7.743200302,234.5734863,0.294005811,7.0,-3.659064293
927.0,0.0,1283.0,4172.817383,42.4291687,32.0,3.048000097,33.22320175,1000.0,46.93519974,13.71199989,265.4159851,0.854686916,3.0,0.539333344
928.0,0.0,1279.0,7545.289063,300.1980896,30.0,-7.315199852,32.30879974,4000.0,48.89759827,17.58879852,303.0281372,1.940146089,3.0,-1.151975632
929.0,0.0,1303.0,13375.65918,161.3023529,17.0,3.657599926,0.0,4000.0,20.35280037,20.6576004,276.1504822,0.504740834,7.0,2.966876984
930.0,0.0,1285.0,24434.10156,59.87262726,44.0,18.89760017,67.66560364,1000.0,88.50080109,20.53039932,265.9601135,0.321660697,3.0,4.862869263
931.0,0.0,1269.0,15107.69141,59.87244797,1.0,-5.486400127,56.99760056,1000.0,64.70320129,7.705600262,224.7602539,0.114336014,2.0,-7.064685822
932.0,0.0,1273.0,6497.299805,66.99349976,14.0,2.43840003,24.07920074,5000.0,25.58240128,3.503199577,317.3505249,0.581373334,7.0,-5.263617516
933.0,0.0,1290.0,8422.125977,967.2978516,37.0,0.304800004,12.19200039,2000.0,19.93120003,8.043998718,235.928009,0.292584211,4.0,-1.066631317
934.0,0.0,1277.0,2947.66333,615.4981079,20.0,-9.753600121,30.78479958,6000.0,36.76399994,6.979199409,307.0818176,0.636134684,7.0,-11.96889782
935.0,0.0,1294.0,5087.937988,42.42911148,34.0,-5.791200161,0.0,6000.0,25.46559906,25.46559906,230.037735,0.413919359,4.0,-5.920874596
936.0,0.0,1285.0,21223.67188,1003.033875,37.0,9.448800087,61.87440109,1000.0,72.35679626,10.48239899,234.2899933,1.411471963,3.0,-3.875715256
937.0,0.0,1295.0,10927.35938,30.06356812,22.0,-0.304800004,0.0,1000.0,17.73279953,16.73279953,282.3008728,0.173098221,7.0,-2.059412956
938.0,0.0,1293.0,27676.96289,2945.796387,56.0,19.81200027,75.28559875,1000.0,106.5968018,30.09199905,366.2817383,0.229658827,3.0,17.68535233
939.0,0.0,1272.0,4775.67041,180.3834991,14.0,1.524000049,10.05840015,1000.0,21.92480087,11.86639977,265.0622253,1.353159308,6.0,-3.362740993
940.0,0.0,1291.0,3896.716553,1382.40686,48.0,9.144000053,0.0,1000.0,57.44879913,54.44879913,276.0735779,1.489979029,3.0,26.72422218
941.0,0.0,1274.0,6420.224121,174.7631073,26.0,2.133599997,24.07920074,1000.0,37.8871994,13.50319958,236.2019958,0.398551375,7.0,-3.495257378
942.0,0.0,1281.0,13962.45703,234.4128723,37.0,5.486400127,32.91839981,1000.0,39.13359833,6.215200424,298.5776062,0.497882694,3.0,-0.177215576
943.0,0.0,1278.0,23275.43359,123.9224167,13.0,-5.486400127,56.99760056,4000.0,69.38800049,12.39039993,234.0337524,0.28526029,7.0,-5.444850922
945.0,0.0,1290.0,8003.446777,417.2309265,25.0,4.572000027,0.0,1000.0,22.2567997,23.56159973,433.9984436,1.931072235,7.0,2.0483284
946.0,0.0,1282.0,8862.350586,210.447525,25.0,3.352800131,33.83280182,1000.0,39.93519974,7.578399658,327.4066772,0.123958133,3.0,-2.211257935
947.0,0.0,1279.0,15845.60645,216.143692,48.0,0.914399981,21.64080048,4000.0,43.12319946,21.48239899,231.1873169,0.19867152,3.0,3.778671265
948.0,0.0,1285.0,13573.05078,838.2149048,39.0,16.15439987,44.19599915,1000.0,61.25040054,16.05439949,250.9159088,0.13150239,3.0,6.384992599
949.0,0.0,1270.0,5022.388672,108.0842056,21.0,2.133599997,17.06879997,1000.0,29.53440094,12.46560001,251.4592133,0.703869879,7.0,-2.857526779
950.0,0.0,1282.0,14643.1123,960.9822998,38.0,-9.144000053,31.39439964,2000.0,45.92480087,14.53039932,317.4331665,2.493566513,7.0,-2.447809219
951.0,0.0,1284.0,9493.578125,60.12773132,24.0,3.352800131,33.22320175,1000.0,39.23999786,6.016799927,329.9994202,0.239548653,7.0,-4.847839355
952.0,0.0,1274.0,17301.33398,169.7158508,24.0,7.315199852,52.12080002,1000.0,81.60720062,30.4864006,232.7360382,0.26230067,7.0,3.720252991
953.0,0.0,1283.0,4757.432129,571.2163086,31.0,7.315199852,32.61360168,2000.0,44.7159996,12.10239983,248.5629272,0.493745238,3.0,3.07866478
954.0,0.0,1279.0,8017.497559,297.0032959,37.0,19.50720024,67.97039795,3000.0,94.30239868,26.33200073,347.8654175,0.601613224,3.0,10.2747345
955.0,0.0,1287.0,17368.68555,664.1045532,35.0,7.315199852,44.80559921,1000.0,53.89759827,8.091999054,298.0558472,0.332382053,3.0,-4.367673874
956.0,0.0,1257.0,26062.38477,691.4723511,10.0,4.267199993,28.65120125,1000.0,51.45280075,24.80160141,315.3124084,0.653356969,7.0,1.237814426
957.0,0.0,1272.0,12997.32129,209.5536041,6.0,-0.609600008,16.76399994,8000.0,38.91839981,19.15439987,220.2651672,2.821889877,2.0,5.735146523
958.0,0.0,1311.0,9822.852539,871.8440552,17.0,0.609600008,0.0,4000.0,24.61999893,24.61999893,267.1611328,0.100364268,7.0,-0.980153084
959.0,0.0,1267.0,13477.78613,332.059082,10.0,-1.828799963,13.41120052,8000.0,37.12720108,27.02080154,248.7992554,0.829337716,2.0,2.829072952
960.0,0.0,1271.0,18935.41211,192.1761322,5.0,-1.524000049,32.00400162,1000.0,40.96640015,7.96239996,246.5683899,0.178325906,7.0,-4.266746044
962.0,0.0,1306.0,7085.514648,123.9276352,8.0,-2.133599997,0.0,1000.0,14.09600067,14.09600067,237.5389709,0.064738661,7.0,-3.506141663
963.0,0.0,1276.0,12812.85156,212.5692291,9.0,0.304800004,23.16480064,1000.0,48.92879868,25.76399994,225.4525909,0.265951514,2.0,-0.881558895
964.0,0.0,1259.0,16493.1875,149.681076,4.0,-2.43840003,23.16480064,8000.0,29.90800095,9.352800369,229.6595154,0.618005812,2.0,-4.407579422
965.0,0.0,1283.0,8531.357422,42.42464447,12.0,0.304800004,21.94560051,1000.0,40.95600128,17.01040077,310.3005066,0.134803668,2.0,-1.910744667
966.0,0.0,1268.0,15335.41406,108.0828247,5.0,-0.914399981,18.28800011,6000.0,34.26079941,17.19200134,220.8600311,0.312154204,2.0,-2.539410353
967.0,0.0,1308.0,7187.220703,241.5989685,7.0,-3.048000097,0.0,1000.0,13.70560074,13.70560074,300.9129333,0.368838996,7.0,-4.335497379
968.0,0.0,1256.0,25804.27148,478.9795532,9.0,1.524000049,0.0,1000.0,54.11040115,54.11040115,281.3890076,0.049812086,7.0,-1.338863373
969.0,0.0,1295.0,7268.302246,84.85668945,19.0,16.76399994,11.58240032,1000.0,24.18160057,12.5991993,238.9281616,0.090073273,7.0,9.758030891
970.0,0.0,1294.0,10858.3457,550.1395874,17.0,7.619999886,12.80160046,1000.0,24.92480087,10.12319946,412.2424622,0.120649382,7.0,0.883083344
971.0,0.0,1253.0,24566.69727,1339.330933,17.0,10.66800022,18.59280014,1000.0,43.51760101,25.92480087,232.8406067,0.241689891,7.0,9.025094032
972.0,0.0,1286.0,20145.72461,375.4794312,22.0,10.97280025,31.08959961,1000.0,47.29840088,18.20879936,490.3375854,0.228587121,7.0,8.032958984
973.0,0.0,1252.0,27455.28516,247.8468475,8.0,-2.43840003,28.34640121,1000.0,50.67200089,23.5447998,364.6173706,0.371818602,7.0,-5.501911163
974.0,0.0,1280.0,16565.70703,282.7667847,15.0,6.705600262,18.59280014,1000.0,35.72640228,18.13360023,367.721283,0.259509593,7.0,3.433237076
975.0,0.0,1286.0,19413.43945,389.1708679,19.0,10.05840015,28.65120125,1000.0,43.38400269,14.73279953,297.0302124,0.228427172,7.0,6.697681904
977.0,0.0,1277.0,16836.03125,120.2560806,7.0,-0.304800004,23.46960068,1000.0,33.51760101,10.04800034,365.7940674,0.068351045,7.0,-4.526762962
978.0,0.0,1317.0,5075.450195,30.06360435,3.0,-0.914399981,0.0,6000.0,6.96239996,7.96239996,328.869812,0.24563995,7.0,-4.759324074
979.0,0.0,1269.0,20119.30859,90.1920929,8.0,2.43840003,32.00400162,1000.0,45.79520035,15.70560074,261.2897644,0.387787163,7.0,-0.661505699
980.0,0.0,1257.0,26146.26367,378.8180542,10.0,0.304800004,0.0,1000.0,56.32960129,55.32960129,343.5483398,0.425916493,7.0,-2.739844799
981.0,0.0,1271.0,14275.79102,134.3311615,7.0,0.304800004,22.25040054,1000.0,46.31919861,24.06879997,231.7513123,0.05747094,2.0,-1.102181911
982.0,0.0,1308.0,3130.103271,84.84939575,25.0,13.71600056,0.0,1000.0,26.8288002,27.8288002,307.6886292,0.844202876,7.0,10.36161613
983.0,0.0,1297.0,12394.20898,66.99882507,12.0,7.924799919,15.23999977,1000.0,20.53440094,5.208799839,488.6759033,0.760012329,7.0,2.347047806
984.0,0.0,1292.0,6045.420898,313.7589417,23.0,15.23999977,9.448800087,1000.0,26.04800034,17.5991993,304.6124878,0.498805016,7.0,9.445763588
985.0,0.0,1260.0,22371.64648,492.328949,21.0,9.448800087,19.81200027,1000.0,41.42160034,18.52400017,238.7383118,0.128375649,7.0,7.780916214
986.0,0.0,1318.0,7014.516602,152.6751404,13.0,-0.304800004,0.0,6000.0,20.61999893,20.61999893,300.0167542,0.565668583,7.0,-2.064595222
988.0,0.0,1316.0,10388.10645,756.9449463,18.0,0.304800004,0.0,6000.0,26.83919907,26.83919907,252.7900696,0.009135066,7.0,-1.091206551
989.0,0.0,1258.0,23079.30859,633.4423828,20.0,9.753600121,28.34640121,1000.0,55.66160202,27.31520081,324.7842712,0.690084398,7.0,8.000101089
990.0,0.0,1293.0,2243.570068,42.42848969,1.0,-3.96239996,0.0,1000.0,19.89760017,18.89760017,225.6304779,0.338134736,7.0,-6.051695824
991.0,0.0,1255.0,23516.30664,700.416687,16.0,1.524000049,13.71600056,1000.0,37.33599854,23.61999893,484.2267456,0.817181766,7.0,3.323786259
992.0,0.0,1305.0,7904.791016,123.4598694,19.0,-2.133599997,0.0,6000.0,28.75360107,25.75360107,237.5387421,0.386728674,7.0,-3.702612162
993.0,0.0,1279.0,14218.87012,437.6078796,9.0,0.0,20.11680031,6000.0,39.78479767,18.66799927,261.2297058,0.274081558,7.0,-2.798455715
994.0,0.0,1276.0,12496.08105,234.2079468,8.0,0.304800004,21.33600044,1000.0,46.40480042,25.06879997,225.4525909,0.640436113,2.0,-0.946040154
995.0,0.0,1280.0,11341.17383,123.4637909,7.0,1.219200015,27.12720108,1000.0,41.13759995,13.01040077,221.290329,0.038404059,7.0,-2.051203251
997.0,0.0,1302.0,5525.025879,234.3871765,6.0,-1.828799963,0.0,4000.0,22.76399994,21.76399994,235.9891052,0.092127845,7.0,-4.306962967
998.0,0.0,1281.0,10853.20996,189.4092712,9.0,1.219200015,24.38400078,1000.0,37.04160309,13.6576004,213.9577179,0.199060932,7.0,-2.494102478
999.0,0.0,1257.0,26469.42578,161.8095856,6.0,-0.914399981,0.0,1000.0,54.46319962,56.46319962,343.5483398,0.404040694,7.0,-3.812711239
1000.0,0.0,1271.0,16767.11719,381.8554688,10.0,0.609600008,40.23360062,1000.0,56.32960129,16.09600067,233.2995911,0.001784607,2.0,-2.220854044
1001.0,0.0,1287.0,12847.79102,437.5880737,21.0,8.229599953,12.19200039,1000.0,29.53440094,13.38000011,416.2994995,0.393176168,7.0,4.312761307
1002.0,0.0,1258.0,24752.2207,182.1185455,13.0,3.352800131,31.39439964,1000.0,53.23360062,23.75360107,229.7828522,0.327410817,7.0,0.746795177
1003.0,0.0,1255.0,26574.19727,708.5049438,21.0,4.572000027,23.46960068,8000.0,57.27120209,32.80160141,329.0133057,0.904614925,7.0,2.234969616
1004.0,0.0,1274.0,13599.83105,95.027771,9.0,0.609600008,20.11680031,1000.0,48.62400055,26.50720024,224.2016144,0.178928822,2.0,0.077534676
1005.0,0.0,1316.0,5770.59375,59.87355804,9.0,0.609600008,0.0,1000.0,17.53440094,18.53440094,216.0756226,0.075660102,7.0,0.508643627
1006.0,0.0,1316.0,9549.357422,59.87326431,3.0,0.0,0.0,1000.0,12.44880009,15.44880009,237.10849,0.138384715,7.0,-1.172525883
1007.0,0.0,1267.0,12137.46973,30.06400871,6.0,-2.133599997,12.49680042,5000.0,33.43199921,22.93519974,236.7825317,0.322328806,2.0,-3.425466299
1008.0,0.0,1308.0,7386.905762,190.0641479,10.0,-2.133599997,0.0,1000.0,18.83919907,17.83919907,257.7896729,0.469078392,7.0,-4.303767204
1009.0,0.0,1294.0,3831.351563,318.8007813,5.0,-3.96239996,0.0,8000.0,22.98320007,23.28800011,239.2242126,0.268828869,7.0,-5.182572365
1013.0,0.0,1257.0,26189.3125,566.5916748,7.0,3.048000097,28.65120125,1000.0,48.45280075,21.80160141,314.5822144,0.255450428,7.0,-0.038936615
1014.0,0.0,1297.0,4539.491211,179.6187744,11.0,-2.743200064,0.0,1000.0,28.37360001,25.37360001,238.2789612,0.193960503,7.0,-3.040102005
1015.0,0.0,1313.0,2461.436768,277.1130371,10.0,-0.304800004,0.0,1000.0,10.60960007,10.60960007,350.3602905,0.546205282,7.0,-3.988551617
1016.0,0.0,1291.0,2356.726563,295.8779297,10.0,0.914399981,14.32560062,1000.0,20.97280121,5.647199631,381.6535645,1.248785615,7.0,-5.730711937
1017.0,0.0,1277.0,10948.41309,42.42840195,8.0,0.914399981,25.90800095,1000.0,43.35680008,17.14400101,213.6669464,0.148487732,2.0,-0.870963573
1018.0,0.0,1255.0,24593.70313,1124.64563,17.0,8.83920002,17.37360001,1000.0,43.21279907,25.83919907,232.5345917,0.422216833,7.0,7.162991047
1019.0,0.0,1291.0,14419.25586,108.2595749,18.0,8.83920002,17.67840004,1000.0,28.36320114,10.68480015,300.1021729,0.930176318,7.0,3.319578171
1020.0,0.0,1293.0,20247.23242,424.2483215,10.0,2.133599997,22.86000061,1000.0,34.99359894,12.13360023,423.4075012,0.365920752,7.0,-4.343996525
1021.0,0.0,1310.0,4272.446777,108.2594223,16.0,11.58240032,0.0,1000.0,16.0,16.0,239.5486298,1.106606245,7.0,5.951615334
1022.0,0.0,1310.0,3291.095703,407.3207703,23.0,14.02080059,0.0,6000.0,21.47599983,21.47599983,344.2073364,0.480431587,7.0,11.42744255
1023.0,0.0,1261.0,17055.08398,60.12805557,3.0,-2.133599997,17.67840004,1000.0,26.46960068,8.791200638,194.7003021,0.130871534,2.0,-4.101154327
1024.0,0.0,1285.0,6931.336914,210.4476929,6.0,-0.914399981,14.6303997,1000.0,20.02080154,5.390399933,343.1203918,0.403857827,2.0,-5.680981636
1025.0,0.0,1295.0,2187.433105,119.7454681,11.0,2.743200064,14.6303997,1000.0,20.14400101,3.989599705,430.0050659,0.316766173,7.0,-2.078119278
1026.0,0.0,1301.0,4300.061035,123.9280548,32.0,23.77440071,13.71600056,1000.0,37.18159866,22.46559906,393.1557922,0.312739164,7.0,17.37848282
1027.0,0.0,1265.0,20694.6875,498.8391113,15.0,7.010400295,29.56559944,1000.0,49.13759995,19.09600067,327.5942078,0.212609619,7.0,5.600158215
1028.0,0.0,1305.0,6111.140137,90.19126892,7.0,-0.609600008,0.0,6000.0,8.828800201,9.828800201,237.4067078,0.668143511,7.0,2.677250862
1029.0,0.0,1292.0,13353.41895,180.3838806,25.0,14.93519974,14.93519974,1000.0,31.70560074,16.770401,233.1942749,0.51303184,7.0,10.54338169
1030.0,0.0,1287.0,19106.79688,300.6401672,20.0,9.753600121,22.55520058,1000.0,42.86000061,19.30480003,344.77948,0.317874193,7.0,6.108454704
1031.0,0.0,1305.0,6210.991699,134.3399811,9.0,-1.828799963,0.0,1000.0,11.13360023,11.13360023,239.9438324,0.950845838,7.0,-5.840950966
1032.0,0.0,1252.0,27464.51953,349.4937134,9.0,-0.609600008,28.34640121,1000.0,52.89120102,24.5447998,364.6173706,0.561922491,7.0,-4.496274948
1033.0,0.0,1316.0,7684.780762,537.3585205,9.0,2.133599997,0.0,1000.0,15.09600067,16.18160057,259.7737732,0.346613169,7.0,0.633983612
1034.0,0.0,1308.0,6649.355957,59.87306976,11.0,-4.267199993,0.0,6000.0,14.35280037,14.35280037,242.6309052,1.075590253,7.0,-6.694698334
1036.0,0.0,1287.0,12805.7627,268.6807861,14.0,9.448800087,13.71600056,1000.0,20.09600067,8.380000114,416.2994995,0.624319077,7.0,5.403676987
1037.0,0.0,1320.0,5860.182617,777.4244995,7.0,0.609600008,0.0,2000.0,14.31519985,17.31520081,217.5335999,0.086666025,7.0,0.330193043
1039.0,0.0,1283.0,19528.92383,161.8001404,21.0,11.88720036,29.87039948,2000.0,45.99359894,15.12319946,331.6965942,0.664386392,7.0,8.701429367
1041.0,0.0,1253.0,26948.56641,94.70445251,9.0,-0.914399981,26.21280098,1000.0,51.67200089,24.45919991,235.7649384,0.196205497,7.0,-3.811766863
1042.0,0.0,1263.0,22258.52148,351.7256165,8.0,2.43840003,32.30879974,1000.0,47.01440048,14.70560074,239.0726624,0.206759721,7.0,-0.200659752
1043.0,0.0,1282.0,16274.33887,123.9236526,15.0,7.619999886,18.59280014,1000.0,35.72640228,18.13360023,367.721283,0.198687449,7.0,3.342927933
1044.0,0.0,1291.0,2838.602051,59.87267303,11.0,3.352800131,12.80160046,1000.0,20.75360107,4.427999973,443.8961182,2.331666231,7.0,-3.825232506
1045.0,0.0,1271.0,16139.89844,483.9333496,9.0,0.0,34.74720001,1000.0,49.23360062,14.4864006,228.0572968,0.040899616,7.0,-1.35041666
1047.0,0.0,1310.0,919.6398315,201.4962769,7.0,-2.43840003,8.83920002,1000.0,14.92479992,6.085599899,321.7644958,0.1767333,7.0,-9.996826172
1048.0,0.0,1257.0,27843.01563,189.4089508,10.0,-0.609600008,25.60320091,1000.0,51.45280075,25.84959984,332.8371887,0.409200609,7.0,-3.506440639
1049.0,0.0,1323.0,1387.170532,94.70566559,7.0,-1.524000049,0.0,1000.0,12.4864006,14.4864006,275.8905334,0.54990679,7.0,-1.605903625
1050.0,0.0,1255.0,17761.24609,89.80863953,7.0,-2.43840003,21.64080048,1000.0,30.16480064,7.524000168,198.788147,0.20987089,2.0,-4.483573914
1052.0,0.0,1286.0,18989.25,180.3841248,21.0,11.58240032,27.73680115,1000.0,44.7743988,16.03759956,297.0302124,0.50671488,7.0,7.902612209
1053.0,0.0,1280.0,13105.5293,169.6987915,7.0,0.914399981,24.99360085,1000.0,43.27120209,16.0583992,222.019516,0.055680592,7.0,-2.065414906
1054.0,0.0,1263.0,21344.55859,765.8515625,10.0,3.048000097,30.47999954,1000.0,46.88080215,16.4008007,327.5942078,0.19035843,7.0,-0.128550053
1056.0,0.0,1271.0,16998.4082,123.4636765,7.0,0.609600008,39.01440048,1000.0,51.80559921,12.79120064,233.1333466,0.067138307,2.0,-2.286831379
1058.0,0.0,1255.0,27292.26953,577.7755127,12.0,0.304800004,31.69919968,1000.0,58.32960129,28.84959984,332.1478271,0.069145538,7.0,-2.399707794
1059.0,0.0,1290.0,4698.256836,256.7243347,11.0,3.657599926,8.83920002,1000.0,16.18160057,3.12319994,338.8035278,0.947989404,7.0,-2.871902466
1060.0,0.0,1285.0,12285.78613,175.1109009,8.0,-0.914399981,17.37360001,1000.0,25.06879997,7.695199966,332.1270752,1.0356884,7.0,-6.668857574
1061.0,0.0,1224.0,21038.21289,152.675827,30.0,7.924799919,28.34640121,1000.0,45.84960175,17.19839859,225.0491638,0.182608575,7.0,-2.601955414
1062.0,0.0,1238.0,4005.035156,282.7862854,46.0,8.229599953,26.21280098,1000.0,55.14400101,24.93120003,323.9654236,1.456317902,3.0,9.760250092
1063.0,0.0,1230.0,14033.36914,474.7287292,31.0,8.534399986,33.22320175,8000.0,60.56559753,31.03759956,236.622818,0.337952256,7.0,-0.79662323
1064.0,0.0,1268.0,21817.52539,169.7227783,30.0,7.315199852,38.10000229,6000.0,78.4631958,40.36320114,233.4123077,0.099487431,7.0,3.518821716
1065.0,0.0,1251.0,11033.17578,60.12268066,19.0,3.048000097,43.28160095,8000.0,64.72000122,22.43840027,275.9785461,0.333494127,7.0,1.002353668
1066.0,0.0,1254.0,27657.90039,360.5157471,17.0,-2.743200064,72.84719849,2000.0,100.2104034,27.36320114,226.6321869,0.391306341,7.0,-1.434614182
1067.0,0.0,1229.0,14474.81738,108.0892181,38.0,6.096000195,24.68880081,1000.0,47.14400101,21.4552002,336.602417,1.373276353,7.0,0.647712708
1068.0,0.0,1229.0,17701.01953,120.247879,33.0,8.83920002,34.13759995,1000.0,61.95600128,27.5135994,258.7318726,0.257879376,7.0,1.165866852
1069.0,0.0,1267.0,22320.46875,466.645752,30.0,7.924799919,42.97679901,6000.0,85.77839661,43.80160141,215.6418762,0.15941599,7.0,3.449041367
1070.0,0.0,1236.0,9389.814453,127.2693787,44.0,7.315199852,23.16480064,1000.0,50.70560074,28.76000023,300.5554199,0.520632088,3.0,3.986282349
1071.0,0.0,1285.0,10219.52637,538.9024048,24.0,6.096000195,37.18560028,4000.0,66.97679901,29.79120064,237.7961121,0.233581334,7.0,5.715426445
1072.0,0.0,1269.0,22311.0,1018.337158,28.0,7.010400295,38.70960236,2000.0,77.68240356,36.97280121,237.7432709,0.041020032,7.0,4.305131912
1073.0,0.0,1271.0,12449.22852,760.1473389,22.0,-1.828799963,41.45280075,1000.0,68.02479553,26.5720005,246.9861298,1.342017531,7.0,-4.11687088
1074.0,0.0,1232.0,6246.599121,133.9872742,29.0,8.534399986,29.56559944,6000.0,64.35679626,38.79119873,258.8804626,0.213018358,7.0,2.300804138
1075.0,0.0,1225.0,23656.52344,209.5632324,35.0,2.133599997,10.36320019,1000.0,32.86640167,22.50320053,216.1554871,0.634809673,3.0,1.05758667
1076.0,0.0,1222.0,20112.68359,488.4107666,36.0,9.448800087,33.22320175,1000.0,60.38400269,26.16080093,234.0129852,0.31390661,3.0,1.625371933
1077.0,0.0,1267.0,21309.36719,479.0121765,22.0,5.791200161,39.31919861,6000.0,71.98719788,32.66799927,239.6720276,0.0453857,7.0,0.898220062
1078.0,0.0,1240.0,4131.691895,241.401001,37.0,6.400800228,33.52799988,1000.0,47.0583992,13.53039932,252.8343201,1.22389555,3.0,-0.590263367
1079.0,0.0,1242.0,5360.361816,436.0380859,44.0,10.05840015,22.55520058,8000.0,53.75360107,31.19839859,292.4929504,1.97478354,3.0,16.50270271
1080.0,0.0,1252.0,17556.98633,89.81295776,25.0,7.619999886,45.41519928,4000.0,92.3608017,44.94560242,211.305481,0.113292396,7.0,2.21462059
1081.0,0.0,1249.0,9505.515625,108.2606583,32.0,-1.219200015,45.41519928,1000.0,78.93920135,26.60960007,221.1561584,0.5409168,7.0,-0.869829178
1082.0,0.0,1259.0,26692.12305,2085.477051,17.0,-1.219200015,56.08320236,2000.0,86.79920197,30.7159996,238.4144287,0.171595246,7.0,0.914131165
1083.0,0.0,1257.0,22927.32617,2786.121582,20.0,3.048000097,60.65520096,2000.0,95.28559875,34.63040161,233.2437592,0.257092029,7.0,0.782974243
1084.0,0.0,1263.0,19040.28125,234.1981812,22.0,6.400800228,41.45280075,2000.0,77.16880035,34.7159996,227.8576202,0.043639548,7.0,0.886564255
1085.0,0.0,1260.0,1835.753784,634.0980835,26.0,-5.486400127,21.94560051,6000.0,40.32559967,18.38000107,228.8529663,0.0058912,2.0,-10.21958542
1086.0,0.0,1232.0,12790.41504,90.18681335,25.0,7.924799919,32.00400162,8000.0,55.17520142,0.171200037,232.2006378,0.023708766,7.0,-0.052156448
1087.0,0.0,1268.0,20908.41016,846.2757568,19.0,1.828799963,38.40480042,3000.0,66.85359955,28.44879913,236.2479553,0.155345783,7.0,-1.41617012
1088.0,0.0,1268.0,27849.66992,1022.218018,16.0,-3.352800131,53.03520203,6000.0,83.66560364,30.6303997,295.2539063,0.077706583,2.0,-2.586626053
1089.0,0.0,1270.0,3743.656006,558.3256836,54.0,23.46960068,22.55520058,7000.0,67.71600342,45.16080093,295.277832,0.252767563,3.0,21.74367332
1090.0,0.0,1268.0,25694.9043,1836.897705,13.0,-4.267199993,36.88080215,2000.0,67.5592041,30.67840004,289.1347961,0.050034784,2.0,-1.60375309
1091.0,0.0,1279.0,13508.25391,306.53125,19.0,-1.219200015,40.53839874,1000.0,64.72000122,24.18160057,228.5419464,0.973049343,7.0,-3.940958977
1092.0,0.0,1219.0,22251.04297,271.1212158,30.0,8.534399986,32.91839981,1000.0,52.25040054,20.33200073,230.1067505,0.093058534,3.0,-0.170358658
1093.0,0.0,1238.0,10290.3584,503.7591248,45.0,11.27760029,16.15439987,1000.0,50.4864006,32.33200073,323.3123169,0.387324095,3.0,5.879331589
1094.0,0.0,1237.0,15574.55957,149.6944733,34.0,7.619999886,30.47999954,1000.0,56.86000061,28.770401,228.1765137,0.345958173,3.0,1.924478531
1095.0,0.0,1260.0,1268.348755,661.317688,25.0,-4.267199993,22.86000061,4000.0,39.63040161,16.770401,252.0217133,0.241066024,2.0,-8.707611084
1096.0,0.0,1273.0,23967.04102,2913.907959,12.0,-4.267199993,35.05200195,2000.0,63.20640182,29.15439987,276.9785156,0.111043848,2.0,-2.036313057
1097.0,0.0,1223.0,16876.47266,153.2553406,33.0,9.144000053,27.73680115,1000.0,45.49679947,19.4552002,229.67276,0.173771322,3.0,-2.852529526
1098.0,0.0,1247.0,9878.675781,1613.733154,21.0,5.181600094,31.69919968,6000.0,72.81600189,41.1167984,220.8715057,0.045751695,7.0,-0.053152084
1099.0,0.0,1226.0,5614.561035,209.5634766,26.0,5.791200161,28.65120125,4000.0,58.30879974,29.6576004,232.5258331,0.448877603,7.0,2.404729843
1100.0,0.0,1262.0,3224.711182,2529.305664,16.0,1.219200015,25.60320091,4000.0,33.67839813,5.075200081,237.3623352,0.247313306,7.0,2.487301826
1101.0,0.0,1262.0,31679.20508,845.6567993,12.0,-7.315199852,49.98720169,6000.0,78.4464035,29.06879997,229.6980591,0.060234524,2.0,-2.458566666
1102.0,0.0,1229.0,15462.24902,242.1018677,32.0,7.924799919,30.17519951,1000.0,46.02080154,15.84560013,238.230896,0.353878081,3.0,0.173332214
1103.0,0.0,1229.0,21681.02539,456.3208923,39.0,2.743200064,17.98320007,1000.0,46.92480087,32.63679886,269.4292603,0.095025755,7.0,-2.476036072
1104.0,0.0,1252.0,27873.51758,457.568573,15.0,-0.304800004,74.37120056,2000.0,99.42960358,24.0583992,222.1256104,0.2183754,7.0,1.438845634
1105.0,0.0,1239.0,9566.326172,268.6427002,24.0,6.400800228,30.47999954,1000.0,64.53839874,38.0583992,233.4703064,0.773902178,7.0,1.275154114
1106.0,0.0,1227.0,8098.254883,551.3661499,22.0,4.572000027,30.47999954,4000.0,53.69919968,23.21920013,238.5603333,0.100285158,7.0,-1.136516571
1107.0,0.0,1252.0,16238.50684,30.06166077,27.0,6.096000195,37.18560028,1000.0,67.2335968,30.04800034,227.6514893,0.08666613,7.0,2.565246582
1108.0,0.0,1274.0,22193.04492,1640.688599,13.0,-1.219200015,35.96640015,2000.0,62.07279968,26.10639954,231.8828583,0.830883086,7.0,-0.321329117
1109.0,0.0,1267.0,27394.11133,868.2078857,14.0,-4.87680006,41.45280075,6000.0,73.43600464,32.98320007,247.8881378,0.060429722,2.0,-1.733648777
1110.0,0.0,1227.0,16879.35742,108.0893555,39.0,6.400800228,23.16480064,1000.0,48.75360107,25.58879852,281.3060913,0.849239945,7.0,0.274917603
1111.0,0.0,1229.0,11613.20605,330.682312,41.0,4.572000027,34.74720001,8000.0,51.0583992,16.31119919,318.039032,0.878822803,3.0,0.425075531
1112.0,0.0,1251.0,12992.3418,1949.623901,19.0,4.267199993,34.44240189,2000.0,69.29199982,34.84960175,239.7333984,0.209726766,7.0,-1.85259819
1113.0,0.0,1227.0,20784.83398,201.0092773,33.0,2.43840003,17.06879997,6000.0,40.31520081,22.24639893,257.9577637,0.040727038,7.0,-3.256530762
1114.0,0.0,1242.0,32029.125,773.612854,9.0,-5.181600094,60.35039902,3000.0,83.98080444,24.6303997,235.9916992,0.059727296,2.0,-0.921221256
1115.0,0.0,1226.0,16351.26465,133.9905701,29.0,8.534399986,28.95600128,1000.0,42.10639954,15.15040016,278.6726379,0.234473228,3.0,-0.951728821
1116.0,0.0,1235.0,14158.8252,161.7870941,32.0,8.83920002,32.61360168,2000.0,63.69919968,31.0855999,236.849823,0.141353503,7.0,0.991493225
1117.0,0.0,1233.0,15467.01172,551.5935059,37.0,12.80160046,30.78479958,1000.0,56.50720215,25.1128006,293.1525574,0.209719747,3.0,5.874000549
1118.0,0.0,1225.0,19694.81641,120.2470703,38.0,9.144000053,34.44240189,1000.0,59.64080048,25.19839859,293.0702209,0.618034184,3.0,0.10865593
1119.0,0.0,1234.0,9193.890625,247.8440857,37.0,7.315199852,20.72640038,1000.0,43.4007988,22.67440033,223.1970062,1.678046942,3.0,3.109851837
1120.0,0.0,1266.0,24230.2168,1052.17334,24.0,4.87680006,44.50080109,2000.0,81.60720062,35.10639954,276.0866089,0.165430218,7.0,3.388818741
1121.0,0.0,1245.0,11224.96875,119.7520294,25.0,8.229599953,30.17519951,7000.0,62.49040222,32.31520081,231.139801,0.287000835,7.0,2.47851181
1122.0,0.0,1233.0,8918.240234,108.0897827,34.0,6.705600262,30.47999954,1000.0,68.74720001,42.26720047,263.2741699,0.519475698,7.0,2.068546295
1123.0,0.0,1232.0,14365.96387,418.4602966,27.0,8.229599953,28.34640121,1000.0,48.33599854,19.07519913,237.4476929,0.18077597,3.0,3.100259781
1124.0,0.0,1232.0,9618.282227,403.4901123,30.0,3.657599926,28.04160118,1000.0,39.14400101,10.10239983,228.9131012,0.126529858,3.0,-7.25967598
1125.0,0.0,1233.0,10782.10352,240.4950256,40.0,6.705600262,28.34640121,6000.0,49.75360107,20.40719986,314.3352661,1.703766108,3.0,-2.249679565
1126.0,0.0,1266.0,25290.17578,576.3459473,19.0,2.743200064,44.19599915,2000.0,76.60720062,32.41120148,248.2532959,0.34974134,7.0,1.324707031
1127.0,0.0,1257.0,15863.32324,60.12331009,22.0,3.352800131,37.79520035,1000.0,64.06240082,26.26720047,216.5859375,0.182324052,7.0,-0.939344406
1128.0,0.0,1219.0,19469.57031,295.0382385,32.0,9.448800087,32.61360168,1000.0,56.38400269,23.770401,208.5034027,0.074529812,3.0,2.058334351
1129.0,0.0,1244.0,12156.72168,3668.848877,19.0,4.87680006,33.52799988,3000.0,74.77839661,41.25040054,239.3153839,0.140398383,7.0,0.325592041
1130.0,0.0,1224.0,22475.69922,210.4351807,44.0,6.705600262,25.60320091,1000.0,58.63040161,32.41759872,467.5490723,1.054061294,3.0,6.743141174
1131.0,0.0,1266.0,23954.30664,1866.147461,24.0,7.619999886,41.14799881,2000.0,77.33999634,36.19200134,233.7770996,0.048780289,7.0,4.356977463
1132.0,0.0,1226.0,23754.27734,182.1192169,43.0,1.524000049,10.66800022,6000.0,43.30479813,27.63679886,260.6521301,0.380093545,7.0,-1.66583252
1133.0,0.0,1255.0,26937.32031,548.5443726,23.0,-3.048000097,70.40879822,6000.0,104.6864014,32.27759933,230.7880402,0.055084929,7.0,-3.11598587
1134.0,0.0,1232.0,14601.08984,42.42282867,30.0,5.486400127,31.08959961,1000.0,46.15439987,15.06480026,345.5013123,1.599780679,3.0,-3.184696198
1135.0,0.0,1264.0,3923.224854,403.5563965,44.0,10.36320019,17.37360001,2000.0,60.76399994,43.39039993,361.9081116,0.061738621,3.0,14.03723526
1136.0,0.0,1239.0,14730.78223,119.7554474,23.0,0.304800004,35.35680008,8000.0,56.22320175,20.95199966,222.3319397,0.205339342,7.0,-5.479024887
1137.0,0.0,1228.0,16402.63477,180.3722382,34.0,8.83920002,32.91839981,1000.0,63.56559753,30.3423996,242.3178101,0.272740215,7.0,0.741212845
1138.0,0.0,1270.0,8353.709961,872.4088135,25.0,3.048000097,43.58639908,2000.0,72.2440033,27.6576004,270.0031128,0.112957582,7.0,4.029418945
1139.0,0.0,1244.0,6175.430664,378.8425598,43.0,7.010400295,31.39439964,1000.0,53.97280121,22.57839966,310.6781921,0.436588734,3.0,7.421022415
1140.0,0.0,1260.0,16492.43359,29.93855858,22.0,1.828799963,38.70960236,5000.0,66.50080109,28.79120064,237.5626373,0.223088533,7.0,-0.130884171
1141.0,0.0,1237.0,3425.064697,29.93867683,25.0,3.657599926,28.04160118,5000.0,34.44879913,6.102399826,301.7724915,1.568735123,3.0,-5.238019943
1142.0,0.0,1231.0,20825.68164,84.85977936,36.0,3.352800131,11.88720036,1000.0,32.64720154,20.76000023,226.96875,0.124019235,3.0,-0.337432861
1143.0,0.0,1225.0,9550.563477,590.4494019,27.0,2.43840003,30.47999954,6000.0,57.47999954,23.0,237.0775146,0.061645944,7.0,-3.215179443
1144.0,0.0,1264.0,3581.099609,29.94058037,19.0,-9.144000053,25.29840088,6000.0,40.03120041,11.73279953,283.3013306,0.756884634,2.0,-7.338684082
1145.0,0.0,1244.0,3722.019287,234.2041779,44.0,7.315199852,19.81200027,1000.0,54.97280121,35.16080093,382.0904236,2.620640278,8.0,10.47754478
1146.0,0.0,1227.0,3838.94751,282.7383423,27.0,3.352800131,28.04160118,3000.0,61.13759995,33.09600067,210.7644043,0.170149013,7.0,1.813148499
1147.0,0.0,1256.0,2738.044922,2566.32666,12.0,-4.267199993,25.90800095,4000.0,29.67840004,5.465600014,238.0363922,0.29968214,2.0,-5.238442421
1148.0,0.0,1225.0,19554.95703,216.1439667,27.0,6.705600262,31.08959961,1000.0,50.16480255,19.07519913,235.8979797,0.220208183,7.0,-0.026706696
1149.0,0.0,1227.0,13741.61133,108.0897827,26.0,7.924799919,32.30879974,8000.0,56.17520142,25.56159973,226.2726135,0.495890379,7.0,1.843488693
1150.0,0.0,1237.0,5729.703125,272.2003479,31.0,3.352800131,22.86000061,6000.0,39.229599,17.67440033,295.5401306,0.582607925,3.0,-2.47514534
1151.0,0.0,1236.0,10591.26172,283.2947693,33.0,4.572000027,24.38400078,1000.0,46.10639954,21.72240067,293.110199,0.18907167,3.0,0.209392548
1152.0,0.0,1224.0,8346.149414,108.2626419,27.0,3.048000097,29.26079941,1000.0,56.26079941,27.0,217.9667816,0.834547758,7.0,-0.051717758
1153.0,0.0,1247.0,11073.20801,546.3800659,28.0,0.609600008,42.06240082,1000.0,70.06240082,28.0,237.5163116,0.390616357,7.0,0.970415115
1154.0,0.0,1261.0,20472.64453,127.2919693,23.0,4.87680006,39.01440048,6000.0,72.68240356,31.66799927,217.8227692,0.116147652,7.0,0.17224884
1155.0,0.0,1233.0,19237.23438,134.3392487,40.0,12.19200039,33.83280182,1000.0,64.688797,30.85599899,234.8586578,0.162679866,3.0,7.170293808
1156.0,0.0,1228.0,16137.78418,284.1530457,36.0,6.400800228,19.81200027,8000.0,42.4007988,22.58879852,307.0517883,0.600166559,3.0,-4.331384659
1157.0,0.0,1256.0,16739.44922,1220.008179,33.0,7.619999886,31.69919968,4000.0,71.1000061,39.4007988,235.5624542,3.890929461,7.0,2.724061966
1158.0,0.0,1225.0,25059.55078,108.0882263,35.0,3.048000097,13.10640049,1000.0,34.69520187,21.58879852,260.6521301,0.362763584,3.0,0.13992691
1159.0,0.0,1286.0,21648.60547,700.3287964,12.0,-9.144000053,25.60320091,6000.0,56.19599915,30.59280014,305.6845703,0.096103966,2.0,-4.243456841
1160.0,0.0,1226.0,17577.29883,59.87726974,31.0,9.144000053,28.34640121,1000.0,44.10639954,21.76000023,263.5496216,0.505431354,3.0,-2.218997955
1161.0,0.0,1242.0,5102.708496,134.3362885,41.0,1.219200015,18.89760017,1000.0,50.44879913,30.55120087,468.2424927,1.856431961,3.0,-1.710277557
1162.0,0.0,1247.0,848.3726807,421.9153748,39.0,10.66800022,20.42160034,3000.0,52.7159996,34.29439926,333.0162659,0.4019306,3.0,9.494819641
1163.0,0.0,1244.0,5537.130371,389.4700317,44.0,3.96239996,32.91839981,1000.0,56.49679947,28.57839966,344.1955261,2.921627283,3.0,-2.437927246
1164.0,0.0,1254.0,22477.39844,1349.661377,22.0,6.400800228,55.16880035,6000.0,92.40879822,36.63040161,232.2352905,0.126151398,7.0,2.522367477
1165.0,0.0,1266.0,3475.430908,1339.103394,47.0,13.71600056,20.11680031,1000.0,61.93519974,42.12319946,254.9612274,0.521775663,3.0,10.11259842
1166.0,0.0,1247.0,12254.78906,3141.3479,24.0,4.267199993,33.52799988,2000.0,74.59680176,41.06880188,224.6242981,0.116730876,7.0,-1.456798553
1167.0,0.0,1224.0,22581.57617,189.4333954,26.0,4.267199993,30.47999954,8000.0,46.42160034,16.9416008,238.6697845,1.085687757,7.0,4.193498611
1168.0,0.0,1231.0,15320.84668,119.7525482,28.0,7.924799919,33.22320175,8000.0,57.87039948,24.64719963,227.0660553,0.331868321,7.0,0.018993378
1169.0,0.0,1241.0,7435.902832,433.0371399,44.0,9.144000053,29.26079941,1000.0,53.44879913,25.18799973,333.3743591,0.207654625,3.0,12.52105141
1170.0,0.0,1230.0,20675.83789,284.1228638,41.0,9.144000053,34.74720001,1000.0,65.99359894,31.24639893,234.4889374,0.340925425,3.0,4.710693359
1171.0,0.0,1242.0,8133.430664,29.93914604,48.0,9.753600121,18.59280014,1000.0,55.01039886,36.41759872,373.3204651,0.267584324,3.0,16.49482536
1172.0,0.0,1259.0,18833.13477,548.4996338,34.0,7.315199852,33.83280182,4000.0,73.62400055,36.4864006,239.3562317,0.114324309,7.0,2.287307739
1173.0,0.0,1245.0,3537.893066,271.1316223,19.0,-1.219200015,14.93519974,6000.0,30.27759933,17.3423996,231.2133331,0.016620686,8.0,-7.001842499
1174.0,0.0,1222.0,21969.45703,29.93822289,53.0,14.32560062,25.29840088,1000.0,67.63040161,43.02719879,366.9607239,0.519021451,3.0,14.78804398
1175.0,0.0,1228.0,16078.86035,149.9007721,32.0,8.83920002,33.22320175,1000.0,61.56559753,28.3423996,235.9152985,0.245213658,7.0,0.678554535
1176.0,0.0,1280.0,13310.82227,464.8794556,22.0,4.572000027,40.23360062,4000.0,67.41519928,29.18160057,228.9336243,0.237684652,7.0,2.28755188
1177.0,0.0,1228.0,14242.04883,831.2677002,33.0,2.43840003,23.16480064,4000.0,40.61999893,15.4552002,225.5888367,0.950988829,3.0,-7.914768219
1178.0,0.0,1238.0,15709.1875,108.0902023,27.0,8.534399986,32.61360168,1000.0,59.30879974,27.0,216.6879883,0.183254704,7.0,0.168430328
1179.0,0.0,1250.0,2585.3396,903.7799683,28.0,6.096000195,29.87039948,3000.0,42.63040161,12.76000023,307.1887207,0.713639259,7.0,2.069784164
1180.0,0.0,1279.0,9106.425781,29.93908691,21.0,4.87680006,39.92879868,1000.0,65.50080109,25.5720005,240.5012207,0.521990478,7.0,4.057938576
1181.0,0.0,1253.0,27859.49414,402.0250854,10.0,-2.743200064,72.84719849,2000.0,93.21040344,22.36320114,226.6321869,0.141789094,7.0,-0.105435371
1182.0,0.0,1262.0,16706.63867,1026.58728,22.0,3.048000097,36.88080215,2000.0,71.37760162,34.49679947,230.0688934,0.116123311,7.0,-2.069467545
1183.0,0.0,1233.0,11252.5752,361.1912537,40.0,8.229599953,15.23999977,1000.0,43.04800034,27.80799866,224.6052246,0.60924685,3.0,4.614496231
1184.0,0.0,1283.0,24392.41797,211.7213287,5.0,-8.534399986,23.77440071,6000.0,52.54880142,28.77440071,232.5136261,0.03470296,2.0,-2.816105127
1185.0,0.0,1224.0,14398.34375,42.4303093,26.0,8.229599953,32.91839981,3000.0,54.34640121,23.4279995,236.2663116,0.131553486,7.0,1.421648026
1186.0,0.0,1252.0,2606.358398,1199.401978,15.0,-7.619999886,20.42160034,4000.0,29.93519974,9.513599396,238.6274567,0.114406385,2.0,-10.34487629
1187.0,0.0,1234.0,18581.47266,228.1647949,29.0,8.83920002,33.52799988,8000.0,60.08959961,25.95199966,231.1694489,0.192358792,7.0,-0.139478683
1188.0,0.0,1268.0,20979.12109,479.0122986,24.0,5.181600094,39.01440048,1000.0,73.68240356,34.36320114,236.4457397,0.117606409,7.0,1.006538391
1189.0,0.0,1268.0,23942.20508,1033.070679,28.0,6.400800228,44.19599915,6000.0,85.30239868,43.80160141,276.0866089,0.137700006,7.0,3.915548325
1190.0,0.0,1252.0,11742.85254,256.7376099,17.0,4.87680006,32.00400162,2000.0,62.72000122,32.7159996,238.6688843,0.108335763,7.0,0.74455452
1191.0,0.0,1251.0,13081.50195,335.8536682,30.0,5.486400127,32.61360168,8000.0,74.50080109,42.19200134,249.981308,0.230216771,7.0,-0.080844879
1192.0,0.0,1249.0,25517.66797,2900.395264,20.0,1.828799963,67.3608017,2000.0,100.4672012,32.10639954,235.7402191,0.11110653,7.0,0.847060204
1193.0,0.0,1261.0,1081.60791,2686.056396,21.0,-4.572000027,22.86000061,6000.0,36.23999786,14.38000011,304.9672241,0.13957952,2.0,-6.751394749
1194.0,0.0,1265.0,28084.94531,182.8342133,21.0,-3.657599926,48.15840149,6000.0,85.00800323,34.84960175,296.4984131,0.52633208,2.0,-2.476056099
1195.0,0.0,1228.0,21785.06641,84.86009979,32.0,3.657599926,22.25040054,6000.0,42.97280121,22.72240067,236.0039673,0.111980893,7.0,-2.720609665
1196.0,0.0,1240.0,13783.86426,0.0,26.0,8.83920002,32.61360168,1000.0,58.61360168,26.0,227.3272552,0.190112084,7.0,2.723585129
1197.0,0.0,1223.0,19813.92383,615.6912842,29.0,0.914399981,23.16480064,4000.0,46.06880188,25.5991993,244.2335815,0.293496162,7.0,-2.315366745
1198.0,0.0,1225.0,20981.67383,42.43026352,37.0,7.010400295,34.44240189,1000.0,61.99359894,27.55120087,361.2305298,0.514520705,3.0,-1.807752609
1199.0,0.0,1243.0,8837.586914,636.7626343,33.0,3.657599926,30.17519951,3000.0,80.54879761,48.37360001,306.5166931,0.158690348,7.0,-0.436861038
1200.0,0.0,1253.0,16091.67188,30.06164932,25.0,6.096000195,37.18560028,1000.0,65.53839874,28.04800034,224.404068,0.125786409,7.0,2.373781204
1201.0,0.0,1230.0,12665.17676,123.9247971,34.0,7.619999886,31.69919968,8000.0,65.69920349,34.0,236.2186584,0.322238177,7.0,0.965415955
1202.0,0.0,1264.0,30851.64063,330.6945496,12.0,-6.400800228,48.76800156,6000.0,78.14160156,29.37360001,224.2454376,0.086688243,2.0,-2.239110947
1203.0,0.0,1224.0,19423.55859,174.7718658,29.0,4.87680006,31.08959961,1000.0,52.46960068,20.38000107,238.4940186,0.206519201,7.0,-1.234668732
1204.0,0.0,1224.0,21826.40234,161.8059692,30.0,8.534399986,31.69919968,1000.0,50.1167984,17.80799866,224.6248322,0.113724045,7.0,-2.740715027
1205.0,0.0,1251.0,13231.31641,190.0625458,27.0,5.486400127,32.30879974,2000.0,71.50080109,46.19200134,233.0197601,0.089227721,7.0,0.156496048
1206.0,0.0,1253.0,30640.55469,806.0206299,6.0,-3.96239996,72.54240417,1000.0,89.21040344,16.66799927,284.6398315,1.910996675,2.0,-6.18817997
1207.0,0.0,1252.0,8919.239258,123.4705963,26.0,2.743200064,12.49680042,2000.0,46.1167984,34.61999893,256.5401306,0.107910775,7.0,0.221460342
1208.0,0.0,1271.0,19379.83008,152.6865234,24.0,4.267199993,38.40480042,6000.0,70.93920135,32.53440094,235.2824707,0.016249552,7.0,0.084564209
1209.0,0.0,1253.0,13298.08008,1273.44751,28.0,8.534399986,30.78479958,4000.0,67.31919861,36.53440094,191.4733887,0.139475286,7.0,0.812719345
1210.0,0.0,1229.0,14411.41211,276.0844116,41.0,10.97280025,17.06879997,1000.0,44.96239853,25.89360046,297.8908997,2.314485312,3.0,3.99855423
1211.0,0.0,1229.0,8062.727539,550.7163086,34.0,8.83920002,27.12720108,1000.0,44.97280121,18.84560013,230.6146698,0.227053881,3.0,3.631490707
1212.0,0.0,1239.0,8243.046875,381.8071594,43.0,8.229599953,28.04160118,8000.0,52.14400101,24.10239983,270.6787109,0.628109515,3.0,9.56111908
1213.0,0.0,1263.0,20479.37891,2651.537354,23.0,8.229599953,47.85359955,2000.0,85.17919922,37.63040161,231.9603729,0.022584707,7.0,3.039255142
1214.0,0.0,1237.0,5982.379395,119.7546234,33.0,3.96239996,25.29840088,6000.0,42.44879913,17.15040016,321.7460938,0.130310684,3.0,-3.475921631
1215.0,0.0,1276.0,17143.7793,1660.20166,24.0,3.657599926,38.40480042,3000.0,69.41519928,31.01040077,237.752121,0.116087615,7.0,0.748126984
1216.0,0.0,1242.0,5710.975098,598.7919312,43.0,4.267199993,32.00400162,1000.0,54.8871994,23.88319969,274.7283325,0.506427109,3.0,2.54042244
1217.0,0.0,1221.0,19803.98047,503.7700806,53.0,16.45919991,24.38400078,1000.0,64.8871994,40.50320053,477.4937134,0.605051875,3.0,16.70581818
1218.0,0.0,1241.0,15131.46289,200.9853668,28.0,3.352800131,35.96640015,1000.0,62.13759995,25.2567997,257.5768738,0.434316069,7.0,0.073600769
1219.0,0.0,1254.0,14581.47852,153.2659454,26.0,4.267199993,39.62400055,1000.0,68.97679901,29.35280037,273.0106812,0.330256492,7.0,0.163070679
1220.0,0.0,1231.0,18684.60547,90.18572235,28.0,9.448800087,34.13759995,1000.0,56.65119934,22.5135994,256.3383484,0.559510648,3.0,1.063518524
1221.0,0.0,1237.0,5325.70166,546.3884888,20.0,3.048000097,27.73680115,4000.0,64.80560303,38.06880188,299.7382202,0.341944426,7.0,-0.845933914
1222.0,0.0,1252.0,8998.043945,312.6734009,27.0,2.43840003,12.49680042,2000.0,47.1167984,34.61999893,256.5401306,0.135965496,7.0,-0.206840515
1223.0,0.0,1250.0,12834.19238,1147.216675,28.0,6.096000195,31.08959961,4000.0,69.45280457,38.36320114,226.1172943,0.030597683,7.0,0.687000275
1224.0,0.0,1259.0,30035.58203,1121.774902,13.0,-4.267199993,58.52159882,6000.0,85.84719849,29.32559967,232.0185699,0.122627772,2.0,-1.010803223
1225.0,0.0,1222.0,23284.45703,375.4511719,36.0,6.096000195,26.21280098,1000.0,53.06880188,26.85599899,339.8539734,0.958677232,3.0,2.358226776
1226.0,0.0,1262.0,2041.157593,2613.358643,22.0,-1.828799963,26.51760101,4000.0,37.84960175,4.331999779,326.4552612,0.591451287,2.0,-3.285315514
1227.0,0.0,1249.0,601.9460449,778.8549805,30.0,3.657599926,34.13759995,4000.0,42.80160141,8.663999557,262.3414307,2.848212242,7.0,-0.819257736
1228.0,0.0,1264.0,2441.880127,1283.457153,44.0,9.144000053,27.12720108,8000.0,57.10639954,29.97919846,382.0973206,2.992223978,7.0,3.698432922
1229.0,0.0,1235.0,7619.839355,67.00372314,31.0,2.743200064,29.56559944,6000.0,70.92880249,41.36320114,321.5391846,0.475921184,7.0,-0.969631195
1230.0,0.0,1268.0,25331.46289,857.8574219,21.0,2.133599997,43.28160095,2000.0,78.30239868,36.02080154,231.3328705,0.089559816,7.0,1.96416378
1231.0,0.0,1249.0,10746.10938,42.43041992,19.0,-2.743200064,43.28160095,1000.0,62.58639908,16.30480003,252.7969513,0.749844432,7.0,-7.461009026
1232.0,0.0,1227.0,22242.41992,108.0723038,29.0,4.87680006,21.64080048,1000.0,39.97280121,15.33199978,261.0415649,0.323783159,7.0,2.28619957
1233.0,0.0,1225.0,19615.14453,201.5112915,26.0,4.267199993,30.78479958,8000.0,48.86000061,18.07519913,237.4515381,0.034413952,7.0,-1.460382462
1234.0,0.0,1260.0,18293.5918,428.7471924,24.0,3.352800131,36.57600021,4000.0,66.67199707,31.09600067,245.4783173,0.131187201,7.0,-0.522909164
1235.0,0.0,1222.0,21417.44727,42.42288208,39.0,8.534399986,30.78479958,5000.0,56.98320007,30.19839859,231.9672394,0.163462937,7.0,-2.811128616
1236.0,0.0,1237.0,15793.66699,246.9519501,35.0,8.229599953,31.39439964,1000.0,58.7743988,28.68479919,228.1765137,0.156632289,3.0,3.111845016
1237.0,0.0,1222.0,9747.491211,182.1189423,24.0,4.87680006,30.17519951,1000.0,53.56559753,23.39039993,227.2614746,0.342929274,7.0,0.990240097
1238.0,0.0,1265.0,29466.50391,2619.856445,10.0,-7.619999886,29.87039948,6000.0,63.34000015,35.46960068,295.0803528,0.037660073,2.0,-0.473953247
1239.0,0.0,1248.0,15968.89648,84.84515381,26.0,7.619999886,31.08959961,8000.0,61.66160202,30.5720005,225.4003448,0.508430064,7.0,2.245721817
1240.0,0.0,1288.0,18051.38281,933.8170166,23.0,-3.96239996,26.21280098,6000.0,59.27120209,32.75360107,237.3412781,0.040833674,7.0,-1.537453651
1241.0,0.0,1237.0,7907.524902,59.87838745,33.0,3.352800131,21.33600044,1000.0,40.61999893,19.2840004,436.3682251,4.336455345,3.0,3.273862839
1242.0,0.0,1262.0,5811.980957,30.05994606,30.0,7.924799919,22.25040054,8000.0,44.63040161,22.38000107,269.8701477,0.992884219,3.0,7.231296539
1243.0,0.0,1259.0,17840.11523,1737.453735,32.0,6.705600262,33.22320175,8000.0,72.84320068,35.61999893,238.669342,0.063790433,7.0,2.433954239
1244.0,0.0,1235.0,13242.40332,1206.875,35.0,5.181600094,26.82240105,1000.0,53.28800201,25.85599899,231.0768738,0.252711058,3.0,3.657897949
1245.0,0.0,1230.0,3796.403809,42.43051147,25.0,0.914399981,28.04160118,6000.0,64.92880249,36.8871994,311.9350586,0.247300744,7.0,-2.079278946
1246.0,0.0,1227.0,13778.23242,29.93805695,22.0,7.619999886,32.30879974,5000.0,52.17520142,18.86639977,228.0903625,0.106669791,7.0,-0.253030777
1247.0,0.0,1223.0,20461.3125,29.93795586,26.0,4.267199993,30.17519951,5000.0,48.25040054,19.46559906,232.2849121,1.037101984,7.0,-2.843585968
1248.0,0.0,1288.0,18704.49609,756.8643799,6.0,-8.83920002,26.82240105,6000.0,51.11040115,24.28800011,321.4104309,0.046089143,2.0,-3.087517023
1249.0,0.0,1226.0,23303.2793,200.9822693,37.0,2.743200064,8.83920002,1000.0,36.69520187,27.24639893,216.1554871,0.770838201,3.0,5.126823425
1250.0,0.0,1251.0,1026.585571,808.5795898,28.0,0.0,24.68880081,4000.0,41.41120148,16.72240067,329.4729919,1.561570406,7.0,-8.654924393
1251.0,0.0,1258.0,8325.833008,257.9229431,24.0,-0.609600008,44.80559921,1000.0,72.15840149,29.35280037,218.8853149,0.429282367,7.0,-0.735803604
1252.0,0.0,1290.0,20538.08594,94.70783234,4.0,-8.83920002,26.21280098,6000.0,50.93920135,23.72640038,222.6299286,0.248594314,2.0,-2.947185755
1253.0,0.0,1266.0,28071.63086,1783.464355,8.0,-6.705600262,38.40480042,6000.0,65.60720062,27.50720024,251.5342865,0.167200953,2.0,-2.125452518
1254.0,0.0,1249.0,11341.89063,2947.509766,23.0,4.267199993,32.61360168,6000.0,74.81600189,42.59280014,236.2517853,0.044306684,7.0,-1.48923111
1255.0,0.0,1235.0,12865.19824,268.6816711,26.0,7.924799919,32.00400162,8000.0,58.30879974,26.0,232.8556976,0.318781435,7.0,0.11712265
1256.0,0.0,1227.0,25110.03125,450.9403992,35.0,2.133599997,13.41120052,1000.0,33.1711998,19.76000023,252.7172852,0.109499641,3.0,-2.275218964
1257.0,0.0,1229.0,17148.20898,134.320755,30.0,9.448800087,33.52799988,1000.0,60.17520142,25.64719963,180.0,0.077533633,7.0,1.605751038
1258.0,0.0,1233.0,12220.25879,239.508667,38.0,11.27760029,18.59280014,1000.0,42.87680054,24.2840004,237.9049835,0.596295357,3.0,3.885848999
1259.0,0.0,1253.0,23866.85938,3419.465576,21.0,3.352800131,63.39839935,2000.0,99.02880096,35.63040161,212.4098511,0.133187041,7.0,1.910915375
1260.0,0.0,1224.0,24938.29297,241.385498,29.0,4.267199993,20.11680031,8000.0,39.66799927,19.55120087,249.9330292,1.527926564,7.0,2.6509552
1261.0,0.0,1227.0,22759.54492,175.1138153,31.0,3.048000097,20.72640038,8000.0,43.49679947,22.770401,222.2783966,0.230591178,7.0,2.524517059
1262.0,0.0,1241.0,13593.18359,182.8410034,22.0,-0.609600008,35.96640015,8000.0,55.52799988,17.56159973,220.2058411,0.941952229,7.0,-5.782232285
1263.0,0.0,1264.0,17114.97461,60.12345123,19.0,-1.219200015,38.40480042,6000.0,64.11039734,25.4008007,241.9199677,0.511495888,7.0,-5.136556625
1264.0,0.0,1254.0,7248.775391,84.84647369,20.0,0.914399981,14.32560062,6000.0,37.37360001,23.04800034,462.9638977,0.282241613,8.0,-7.676147461
1265.0,0.0,1293.0,17958.4375,127.2923813,1.0,-8.534399986,30.78479958,6000.0,55.55920029,24.77440071,600.0,0.028470397,2.0,-1.864339948
1266.0,0.0,1244.0,4196.710449,89.8181839,21.0,-0.914399981,17.06879997,6000.0,31.36320114,10.29439926,405.5657043,0.310607821,3.0,-8.061346054
1267.0,0.0,1230.0,19462.08789,212.546524,31.0,10.36320019,34.13759995,1000.0,59.65119934,27.5135994,249.6539612,0.039133351,3.0,2.898853302
1268.0,0.0,1282.0,11458.55566,299.8576355,19.0,4.267199993,35.05200195,1000.0,60.75759888,24.70560074,238.467865,0.251134962,7.0,6.156061172
1269.0,0.0,1218.0,23143.19922,161.8075256,35.0,4.267199993,27.73680115,1000.0,53.28800201,22.55120087,228.2401733,0.110384874,7.0,-2.360574722
1270.0,0.0,1228.0,14934.35645,276.5230408,37.0,10.97280025,17.37360001,4000.0,41.26720047,23.89360046,278.9063416,0.526952744,3.0,3.26996994
1271.0,0.0,1229.0,24690.0625,60.12531281,23.0,0.914399981,19.20240021,8000.0,33.0583992,13.55119991,283.9555054,0.18662405,7.0,0.300258636
1272.0,0.0,1264.0,4112.256348,743.4405518,40.0,8.534399986,17.06879997,4000.0,57.37360001,46.30479813,308.3745422,0.377663165,3.0,12.572258
1273.0,0.0,1229.0,22096.10352,127.2692795,37.0,0.609600008,9.144000053,6000.0,39.43840027,30.29439926,250.4965515,0.396383107,7.0,-3.301456451
1274.0,0.0,1230.0,14752.49219,152.6741333,25.0,8.83920002,32.61360168,2000.0,55.47999954,22.86639977,230.0113068,0.220536411,7.0,0.525827408
1275.0,0.0,1233.0,17006.73828,218.0142059,36.0,11.58240032,32.30879974,8000.0,57.94560242,17.33200073,310.0103455,0.763667881,3.0,3.434911728
1276.0,0.0,1218.0,12213.72656,201.5126495,27.0,6.096000195,31.08959961,1000.0,55.04160309,27.95199966,229.8641663,0.217304274,7.0,1.279512405
1277.0,0.0,1220.0,19471.86719,161.8081055,27.0,3.048000097,30.17519951,1000.0,49.55519867,19.38000107,230.1066437,1.394065142,7.0,1.6157341
1278.0,0.0,1236.0,9954.195313,134.3370514,26.0,1.524000049,15.84959984,1000.0,32.09600067,16.24639893,514.8399048,1.533688068,3.0,-2.56962204
1279.0,0.0,1225.0,21547.36523,242.1407166,40.0,0.304800004,14.02080059,6000.0,45.79119873,31.770401,302.4104919,0.028267963,7.0,-4.514419556
1280.0,0.0,1239.0,18112.41602,94.71838379,30.0,7.619999886,34.44240189,1000.0,60.17520142,25.4279995,237.2649078,0.375725508,7.0,1.343313217
1281.0,0.0,1225.0,26720.02148,360.7522888,37.0,2.133599997,17.67840004,1000.0,43.70560074,26.02719879,229.6917114,1.614613175,7.0,1.80837059
1282.0,0.0,1233.0,19017.92188,366.4244385,39.0,10.66800022,33.83280182,1000.0,63.38400269,29.55120087,234.9152222,0.296227425,3.0,5.84462738
1283.0,0.0,1228.0,24961.61719,636.6901245,33.0,6.400800228,21.64080048,6000.0,45.19200134,23.55120087,228.6526947,0.036958005,7.0,1.212873459
1284.0,0.0,1233.0,13167.78516,749.0750122,35.0,4.87680006,25.90800095,1000.0,52.67839813,23.770401,274.8601685,0.073247306,3.0,2.523441315
1285.0,0.0,1224.0,22411.30273,389.1963806,30.0,8.229599953,31.39439964,1000.0,51.33599854,20.63679886,245.904068,0.253790826,7.0,-1.309051514
1286.0,0.0,1284.0,10738.3291,361.3044128,40.0,11.27760029,17.06879997,2000.0,56.459198,39.39039993,332.5265808,0.164596021,3.0,8.37666893
1287.0,0.0,1231.0,18139.44727,127.2695847,38.0,3.048000097,16.45919991,6000.0,36.1711998,19.10239983,240.3347626,0.270020634,3.0,-2.277606964
1288.0,0.0,1237.0,4870.115723,576.4344482,53.0,10.05840015,33.83280182,1000.0,59.09600067,25.26319885,550.5248413,1.144433498,3.0,15.01082611
1289.0,0.0,1286.0,6253.974609,612.9689941,32.0,8.534399986,18.59280014,2000.0,36.87680054,21.2840004,418.1295776,1.328932047,3.0,10.48087692
1290.0,0.0,1239.0,20024.39258,1601.739624,37.0,3.96239996,14.93519974,6000.0,26.33200073,11.39679909,222.3794403,0.011182322,3.0,-0.728050232
1291.0,0.0,1298.0,3578.408447,994.4537964,38.0,8.83920002,14.93519974,4000.0,38.0,23.06480026,317.5601807,0.466095716,3.0,11.29828453
1292.0,0.0,1249.0,20002.02344,898.6419678,30.0,2.133599997,12.80160046,1000.0,16.58879852,6.78719902,230.4843903,0.275747657,3.0,-0.712661743
1293.0,0.0,1284.0,1952.811157,1194.339355,29.0,-6.096000195,18.28800011,6000.0,39.66799927,21.38000107,278.8858643,0.305509627,2.0,-4.013389587
1294.0,0.0,1277.0,18912.42578,276.6500854,20.0,-0.304800004,16.45919991,4000.0,35.23999786,15.78079987,322.1400146,0.951109529,8.0,-1.279945374
1295.0,0.0,1260.0,5674.041016,341.4545288,15.0,0.914399981,24.68880081,3000.0,47.00400162,25.61999893,340.8995361,1.294681311,7.0,1.598352432
1296.0,0.0,1314.0,7612.586914,480.024292,19.0,7.619999886,0.0,1000.0,27.83919907,27.83919907,234.2490082,0.907480478,7.0,5.945176125
1297.0,0.0,1290.0,277.0858765,2231.45874,15.0,-1.524000049,17.98320007,4000.0,22.92480087,4.941599846,235.6878357,1.12158215,7.0,-3.426720619
1298.0,0.0,1242.0,18884.41797,956.2659912,32.0,2.133599997,15.23999977,1000.0,19.19839859,3.958398819,239.4653625,0.144812793,3.0,0.79529953
1299.0,0.0,1286.0,8626.884766,550.8129883,31.0,9.144000053,16.15439987,6000.0,39.83919907,20.68479919,353.2724304,1.500281215,3.0,2.585863113
1300.0,0.0,1282.0,15717.43359,29.94199944,24.0,0.609600008,3.96239996,1000.0,17.90399933,13.94159985,254.8406525,1.536799431,3.0,-4.934192657
1301.0,0.0,1255.0,12886.34863,149.9252625,44.0,1.219200015,21.64080048,1000.0,46.13359833,24.79759979,325.6943054,1.501891851,3.0,3.779592514
1302.0,0.0,1240.0,2257.687256,553.0432129,33.0,1.219200015,26.82240105,4000.0,37.5719986,10.74959946,280.1738586,3.349647522,3.0,-3.209197998
1303.0,0.0,1280.0,16038.62305,938.1482544,17.0,-0.304800004,16.45919991,6000.0,30.7159996,14.2567997,256.5163879,0.136836782,7.0,-5.205141068
1304.0,0.0,1275.0,3908.661133,30.06028748,19.0,-3.657599926,17.67840004,6000.0,33.63040161,18.95199966,600.0,0.084991962,3.0,-7.178052902
1305.0,0.0,1245.0,693.9771729,499.6860962,33.0,0.0,10.36320019,6000.0,41.53440094,29.1711998,552.8735352,0.042539887,3.0,-8.019836426
1306.0,0.0,1280.0,19692.68555,276.4871216,38.0,3.352800131,11.88720036,2000.0,42.5719986,30.68479919,372.7649231,2.571724415,3.0,6.167079926
1307.0,0.0,1251.0,20721.37305,606.4751587,40.0,2.43840003,13.10640049,4000.0,29.33200073,15.22559929,232.7078552,0.127683923,3.0,-0.302848816
1308.0,0.0,1246.0,2685.649902,458.0453796,23.0,-2.743200064,8.534399986,6000.0,35.19200134,26.6576004,256.8990479,0.040231686,8.0,-6.246932983
1309.0,0.0,1314.0,3096.612305,1067.712524,16.0,4.267199993,0.0,4000.0,21.79120064,18.79120064,266.2061462,0.343714923,7.0,2.258980751
1310.0,0.0,1244.0,14739.90137,577.7662354,36.0,2.133599997,23.46960068,6000.0,29.29439926,5.824800491,222.5891724,0.180848718,3.0,-3.114280701
1311.0,0.0,1301.0,1613.384644,1272.893677,20.0,3.96239996,15.5447998,6000.0,24.87680054,9.331999779,303.3242188,0.71762532,3.0,-0.429473877
1312.0,0.0,1244.0,21273.81641,721.196228,40.0,3.048000097,12.49680042,4000.0,26.89360046,12.39679909,280.8719788,0.221363679,3.0,0.078746796
1313.0,0.0,1292.0,1667.485962,1314.124756,22.0,2.133599997,14.32560062,3000.0,34.49679947,19.1711998,249.9909668,0.571460664,7.0,5.412220001
1314.0,0.0,1243.0,19741.10742,2325.033691,41.0,1.828799963,14.02080059,2000.0,27.2840004,11.26319885,251.0442047,0.057488069,3.0,-0.418235779
1315.0,0.0,1308.0,5413.524902,799.4241943,16.0,0.609600008,13.10640049,4000.0,19.35280037,7.246399879,236.665802,0.631593347,7.0,-1.102132797
1316.0,0.0,1295.0,1505.5979,1206.652222,18.0,-1.219200015,15.84959984,4000.0,23.18160057,4.331999779,315.7893677,0.125368252,7.0,-9.48788166
1317.0,0.0,1284.0,15279.59961,1763.924683,32.0,1.219200015,10.66800022,2000.0,30.78079987,20.1128006,341.6798706,0.626534343,3.0,-3.18167305
1318.0,0.0,1299.0,3708.198975,503.6657715,25.0,4.572000027,14.93519974,4000.0,28.96240044,13.02719975,371.3745117,0.45768404,7.0,-2.159749985
1319.0,0.0,1258.0,22510.95313,962.2303467,30.0,0.609600008,13.10640049,6000.0,21.770401,10.66399956,236.0880432,0.185368717,3.0,-0.333364487
1320.0,0.0,1256.0,7223.01709,608.3513794,27.0,3.657599926,15.84959984,2000.0,52.90800095,34.0583992,304.0201416,0.63913852,7.0,2.957715988
1321.0,0.0,1250.0,4273.976074,475.131958,48.0,1.219200015,10.66800022,8000.0,52.26720047,41.5992012,285.5413818,1.527548671,3.0,14.68368912
1322.0,0.0,1298.0,1904.319214,1092.900879,34.0,5.181600094,15.5447998,4000.0,32.47600174,18.93120003,501.4639282,4.911221027,7.0,2.928503036
1323.0,0.0,1261.0,8130.527344,634.6608887,26.0,0.0,28.34640121,4000.0,36.66799927,12.32159996,243.3661041,0.356101811,3.0,-2.599281311
1324.0,0.0,1312.0,5021.95752,2246.168213,13.0,-4.87680006,0.0,6000.0,21.83919907,21.83919907,238.8213196,0.035212368,2.0,-8.225700378
1325.0,0.0,1297.0,5625.988281,1378.601318,20.0,-4.87680006,0.0,6000.0,31.27759933,31.27759933,258.7012939,0.223932266,2.0,-6.159894466
1326.0,0.0,1255.0,6933.928711,729.3760376,28.0,4.267199993,24.07920074,8000.0,63.66160202,37.58240128,279.9780579,3.289158344,3.0,2.80493927
1327.0,0.0,1318.0,1516.307617,643.3939819,23.0,7.619999886,0.0,4000.0,31.53440094,30.53440094,219.8866425,0.437187672,7.0,6.613237381
1328.0,0.0,1281.0,21824.64844,954.6918335,48.0,6.705600262,18.59280014,4000.0,60.49679947,42.20880127,610.0755615,3.488128901,3.0,13.51559639
1329.0,0.0,1250.0,23842.85938,84.84688568,36.0,0.609600008,0.0,8000.0,17.10239983,21.10239983,282.0640564,0.096664503,3.0,0.955314636
1330.0,0.0,1258.0,22515.29688,1699.556763,40.0,-1.219200015,0.0,6000.0,17.74959946,17.74959946,248.5338898,0.211591706,4.0,-0.320180893
1331.0,0.0,1256.0,834.4157104,228.8033752,33.0,-4.572000027,12.80160046,6000.0,38.79119873,29.98959923,346.8960876,0.143074244,8.0,-8.655439377
1332.0,0.0,1258.0,7905.474121,725.9346924,41.0,0.304800004,17.98320007,4000.0,46.18159866,28.19839859,355.6276245,3.691406012,3.0,5.941177368
1333.0,0.0,1268.0,19227.2168,428.9901123,33.0,2.743200064,15.5447998,2000.0,31.78079987,16.23600006,274.5952759,0.432356387,3.0,3.505306244
1334.0,0.0,1263.0,3742.509521,152.6840515,33.0,-0.609600008,28.65120125,2000.0,48.5447998,19.58879852,305.3649292,1.089441538,3.0,3.36772728
1335.0,0.0,1293.0,1936.996948,1593.986694,17.0,2.743200064,17.06879997,4000.0,25.53440094,11.46560001,235.6916504,1.046090961,7.0,1.980326653
1336.0,0.0,1274.0,10396.81836,175.0806122,35.0,1.524000049,21.03120041,4000.0,45.66799927,27.63679886,428.094635,1.454127192,3.0,5.108778
1337.0,0.0,1252.0,17294.11328,408.2755737,40.0,3.657599926,20.11680031,2000.0,33.5992012,13.48239899,234.0769348,0.365092039,3.0,1.078422546
1338.0,0.0,1273.0,14160.14648,420.8235168,28.0,-3.048000097,21.64080048,6000.0,39.58240128,17.9416008,227.0833893,0.759211481,7.0,-4.527534485
1339.0,0.0,1244.0,1439.184326,430.3492126,32.0,2.43840003,25.60320091,2000.0,37.79119873,12.18799973,287.4732971,1.734871268,3.0,-3.738248825
1340.0,0.0,1323.0,1368.676147,900.2979736,9.0,-4.87680006,0.0,4000.0,18.75360107,20.75360107,353.5430603,0.647537947,2.0,-4.588671684
1341.0,0.0,1287.0,7350.955566,766.2531738,22.0,4.572000027,16.76399994,2000.0,28.4008007,17.63679886,239.7484894,0.521777272,3.0,-3.228403091
1342.0,0.0,1299.0,3712.607422,489.2642517,10.0,-4.572000027,0.0,6000.0,18.53440094,18.53440094,275.7336426,0.002969455,2.0,-8.459512711
1343.0,0.0,1245.0,20471.31641,2533.891113,43.0,1.524000049,11.58240032,6000.0,28.06480026,13.17759895,287.3312988,0.108199105,3.0,-0.25610733
1344.0,0.0,1238.0,8933.554688,511.9221191,40.0,0.304800004,33.83280182,1000.0,39.08560181,8.252799988,606.9569092,3.538253784,3.0,3.962558746
1345.0,0.0,1314.0,9438.785156,1302.276123,23.0,-1.219200015,3.352800131,6000.0,24.21920013,20.86639977,318.4885559,0.101610787,2.0,0.011298656
1346.0,0.0,1257.0,22075.5918,365.6853638,38.0,1.219200015,12.80160046,4000.0,29.16080093,15.35919952,233.3572235,0.16723761,3.0,0.40669632
1347.0,0.0,1253.0,27286.03516,1026.615479,44.0,-1.828799963,0.0,6000.0,24.18799973,22.18799973,309.2221069,0.004047354,3.0,-2.133993149
1348.0,0.0,1239.0,13727.3125,604.2064209,38.0,-1.219200015,26.51760101,3000.0,32.81840134,6.300800323,238.8587799,2.036149263,3.0,1.975101471
1349.0,0.0,1322.0,1219.804077,424.2985535,11.0,-4.572000027,0.0,6000.0,21.0583992,21.0583992,337.0961914,0.073308811,2.0,-6.129239082
1350.0,0.0,1281.0,12167.61719,29.9418335,27.0,3.96239996,15.5447998,6000.0,39.19200134,20.64719963,239.7336273,0.487767696,3.0,-5.197786331
1351.0,0.0,1287.0,6988.48584,1378.838989,24.0,5.486400127,16.45919991,2000.0,33.14400101,16.68479919,422.9260559,0.389500767,7.0,-2.964958191
1352.0,0.0,1269.0,428.7726135,1083.812012,33.0,10.97280025,19.20240021,1000.0,47.32559967,29.12319946,317.765564,4.139221668,3.0,1.887760162
1353.0,0.0,1274.0,8165.683105,180.3536224,35.0,4.572000027,16.45919991,2000.0,41.70560074,25.24639893,351.4519348,5.243226051,3.0,-0.46462059
1354.0,0.0,1289.0,4575.631836,1724.111572,16.0,-1.219200015,17.06879997,6000.0,21.79120064,6.722399712,294.9855347,0.419116765,3.0,-6.817331314
1355.0,0.0,1283.0,14534.10156,595.611084,20.0,0.304800004,7.619999886,2000.0,15.73279953,10.11279964,354.1347656,1.003822565,3.0,-4.915880203
1356.0,0.0,1311.0,4981.744629,1022.162537,26.0,5.486400127,0.0,3000.0,29.96240044,36.96239853,263.1090088,0.650579393,7.0,4.490841866
1357.0,0.0,1265.0,13878.69629,108.0893097,32.0,1.524000049,22.25040054,6000.0,38.09600067,15.84560013,231.405899,0.415561974,3.0,-1.879817963
1358.0,0.0,1259.0,6270.318848,390.8029785,62.0,14.02080059,34.74720001,1000.0,67.79119873,32.04399872,342.382782,2.730793715,3.0,26.12000656
1359.0,0.0,1234.0,17332.66992,269.4409485,48.0,3.657599926,19.50720024,3000.0,43.4280014,23.61599922,220.4850006,2.502424955,3.0,10.27433014
1360.0,0.0,1280.0,13268.33691,576.567627,45.0,0.914399981,15.23999977,1000.0,48.6576004,32.50320053,294.7233276,2.339043617,3.0,4.47741127
1361.0,0.0,1259.0,5772.734863,403.5536804,33.0,10.66800022,34.13759995,1000.0,40.01039886,5.87279892,697.1920776,2.023750782,3.0,-2.25345993
1362.0,0.0,1245.0,10557.65723,42.42965698,37.0,0.914399981,27.12720108,6000.0,33.64720154,0.0,288.5120239,0.092986926,8.0,-7.637943268
1363.0,0.0,1237.0,22999.10742,1631.254639,41.0,3.96239996,10.36320019,3000.0,29.1128006,17.44479942,219.07901,0.107466981,3.0,-0.352962494
1364.0,0.0,1310.0,4656.915527,272.1530762,27.0,8.83920002,7.619999886,4000.0,27.60960007,19.38000107,237.709259,0.303510219,7.0,8.807137489
1365.0,0.0,1308.0,8197.771484,161.3305054,22.0,9.144000053,4.87680006,1000.0,22.9144001,18.03759956,231.5968781,1.27874136,7.0,7.204378128
1366.0,0.0,1239.0,23082.01367,1588.65271,40.0,3.96239996,10.36320019,6000.0,28.1128006,17.74959946,219.07901,0.101235382,3.0,-0.61889267
1367.0,0.0,1262.0,23367.52148,628.7094727,28.0,0.609600008,11.88720036,2000.0,19.770401,8.578399658,239.7631226,0.061243404,3.0,0.22460556
1368.0,0.0,1308.0,6072.941406,760.9002075,32.0,10.66800022,7.010400295,1000.0,33.8288002,26.81839943,343.6794128,1.233320713,7.0,10.03376961
1369.0,0.0,1283.0,1115.212402,1467.736084,25.0,-5.486400127,17.67840004,6000.0,35.66799927,16.38000107,233.6577454,0.060081739,2.0,-6.41811657
1370.0,0.0,1321.0,4556.715332,210.4038239,9.0,-2.133599997,0.0,6000.0,18.14400101,18.14400101,271.6162415,0.029011644,2.0,-9.626660347
1371.0,0.0,1258.0,21364.31836,855.1832275,30.0,2.133599997,15.5447998,2000.0,23.5991993,14.74959946,230.574646,1.147219419,3.0,2.815895081
1372.0,0.0,1262.0,25535.93164,595.2680054,40.0,0.0,4.87680006,2000.0,21.71199989,16.83519936,242.1104889,0.068761222,3.0,0.050655365
1373.0,0.0,1297.0,4507.814941,1573.754883,32.0,0.0,15.5447998,6000.0,37.18159866,24.63679886,317.5666809,0.260222882,7.0,-9.40281868
1374.0,0.0,1295.0,2499.660156,540.3931885,14.0,0.609600008,15.5447998,4000.0,19.79120064,5.246399879,337.5370483,0.877663136,7.0,-4.401565552
1375.0,0.0,1272.0,6535.328125,550.7319336,32.0,1.219200015,19.20240021,4000.0,35.04800034,17.84560013,256.3582764,0.496801823,3.0,2.75699234
1376.0,0.0,1312.0,3282.943604,295.8590393,24.0,1.524000049,0.0,4000.0,29.4864006,32.4864006,274.4622803,0.55414319,7.0,3.633234978
1377.0,0.0,1268.0,6413.009277,133.9978485,22.0,-3.048000097,27.43200111,6000.0,41.50720215,14.07520008,264.7884827,0.306107432,3.0,-3.153287888
1378.0,0.0,1247.0,22940.95898,1236.641235,44.0,0.914399981,9.144000053,6000.0,25.71199989,14.56799889,246.9196014,0.135575235,3.0,-0.659599304
1379.0,0.0,1254.0,8831.317383,512.5285645,23.0,1.524000049,14.6303997,2000.0,46.7743988,32.14400101,268.1362,0.812922597,8.0,-2.128469467
1380.0,0.0,1248.0,24887.64063,943.8616943,39.0,-0.304800004,0.0,2000.0,19.79759979,19.79759979,238.3211212,0.368753165,3.0,1.112838745
1381.0,0.0,1278.0,1341.457275,1473.200073,34.0,5.486400127,21.64080048,4000.0,41.31520081,18.67440033,267.3051453,0.423152775,3.0,9.567651749
1382.0,0.0,1314.0,5787.281738,67.15517426,18.0,7.010400295,0.0,2000.0,25.92480087,25.92480087,212.7644348,0.244368955,7.0,4.015216827
1383.0,0.0,1261.0,23027.76758,578.4870605,38.0,0.914399981,7.924799919,6000.0,22.4552002,13.53039932,227.9447784,0.095906243,3.0,-0.682983398
1384.0,0.0,1297.0,4505.208008,799.3207397,26.0,7.315199852,14.93519974,3000.0,33.01039886,21.07519913,280.2395935,0.744627595,7.0,5.076975822
1385.0,0.0,1280.0,16227.89746,631.5287476,27.0,0.609600008,14.32560062,4000.0,40.10639954,26.78079987,326.0198364,0.017561097,7.0,-4.118030548
1386.0,0.0,1284.0,1674.026733,1322.1073,26.0,-0.609600008,19.81200027,1000.0,34.83919907,15.02719975,293.3164368,1.275926948,7.0,-0.907866478
1387.0,0.0,1295.0,2740.17041,1385.47583,30.0,3.048000097,15.84959984,4000.0,30.0,11.76000023,237.7799988,0.517135441,3.0,-8.737567902
1388.0,0.0,1313.0,6175.859375,1291.042725,13.0,-2.743200064,0.0,3000.0,15.43840027,15.43840027,331.0588379,0.164849997,2.0,-4.344964981
1389.0,0.0,1303.0,6718.438477,2173.879395,18.0,5.181600094,14.02080059,4000.0,20.43840027,3.112799644,427.40625,1.946422458,3.0,-0.575811386
1390.0,0.0,1303.0,4957.163574,657.0974121,27.0,8.229599953,12.49680042,4000.0,21.81839943,9.931200027,305.7484131,0.750037193,3.0,0.384641647
1391.0,0.0,1309.0,6934.927734,1479.25769,21.0,1.524000049,0.0,4000.0,23.13360023,23.13360023,327.8959961,0.08387813,2.0,0.146552563
1392.0,0.0,1299.0,4733.69873,897.8970947,32.0,8.229599953,12.49680042,4000.0,26.5135994,19.01679993,305.7484131,0.293117106,3.0,2.176641464
1393.0,0.0,1280.0,15548.79883,1098.293091,25.0,0.0,17.06879997,6000.0,38.10639954,19.03759956,293.1968689,0.30299899,7.0,-4.897146225
1394.0,0.0,1272.0,850.1584473,426.249054,15.0,-6.096000195,19.81200027,4000.0,34.50720215,14.69519997,241.1638336,0.400674611,7.0,1.24461937
1395.0,0.0,1252.0,1159.933472,2150.319824,61.0,2.133599997,10.66800022,2000.0,68.01039886,62.03760147,340.4417725,2.016848803,3.0,27.6731987
1396.0,0.0,1275.0,14253.13477,134.3145447,32.0,0.304800004,18.89760017,1000.0,49.37360001,30.47599983,221.4134064,0.409104824,7.0,-0.54565239
1397.0,0.0,1268.0,19609.18359,384.3861389,47.0,2.743200064,14.93519974,2000.0,45.1711998,30.23600006,218.5717926,0.461262763,3.0,4.97833252
1398.0,0.0,1270.0,3569.192383,133.9974518,53.0,24.99360085,19.20240021,2000.0,62.44879913,42.24639893,280.0262756,0.42195645,3.0,17.56700134
1399.0,0.0,1302.0,5837.897949,1151.763306,40.0,9.448800087,13.71600056,4000.0,40.0,26.2840004,321.3091431,1.279209375,3.0,13.9256897
1400.0,0.0,1320.0,3353.093994,673.5666504,19.0,7.619999886,0.0,6000.0,27.229599,27.229599,254.3123474,0.920516074,7.0,4.008944511
1401.0,0.0,1256.0,19966.15039,201.4831848,44.0,2.133599997,16.45919991,2000.0,37.29439926,23.83519936,231.7124176,2.135905504,3.0,9.631151199
1402.0,0.0,1257.0,21758.43164,390.5866699,37.0,1.219200015,12.19200039,6000.0,26.9416008,13.74959946,233.1497955,2.140588284,3.0,-0.049629211
1403.0,0.0,1249.0,8713.446289,29.93874359,32.0,1.828799963,31.39439964,6000.0,29.56159973,2.167198181,456.2818909,2.362565517,3.0,-7.839660645
1404.0,0.0,1232.0,20300.29688,84.8597641,39.0,3.352800131,12.80160046,8000.0,35.64720154,22.23600006,226.96875,0.062694669,3.0,-0.065490723
1405.0,0.0,1245.0,14247.6582,0.0,32.0,1.828799963,24.99360085,6000.0,25.5991993,0.605600357,313.1320496,0.344906032,3.0,-2.784547806
1406.0,0.0,1292.0,6644.444824,637.9229126,3.0,-6.096000195,0.0,6000.0,14.88720036,12.88720036,231.6296844,0.006792206,2.0,-7.740810871
1407.0,0.0,1289.0,4096.589844,1669.224976,12.0,-2.43840003,16.76399994,2000.0,18.09600067,5.331999779,328.7031555,0.172928527,3.0,-10.02355194
1408.0,0.0,1274.0,16878.84766,318.844696,21.0,-2.133599997,17.67840004,6000.0,35.93519974,15.2567997,207.2031555,0.046731912,8.0,-3.620170593
1409.0,0.0,1313.0,2546.07373,123.483139,9.0,-5.486400127,0.0,6000.0,16.92480087,16.92480087,253.7897491,0.055413242,2.0,-5.766969204
1410.0,0.0,1226.0,23554.75195,335.0129089,42.0,3.96239996,10.97280025,1000.0,32.55120087,19.57839966,293.1174622,0.295280129,3.0,2.374156952
1411.0,0.0,1275.0,12786.73145,850.1130371,20.0,1.524000049,20.11680031,6000.0,39.20240021,19.0855999,231.7547455,1.552662492,3.0,-0.017835617
1412.0,0.0,1258.0,3177.02124,596.7903442,27.0,0.609600008,26.21280098,6000.0,38.27759933,12.67439938,235.6740112,0.174897417,3.0,-1.950866699
1413.0,0.0,1310.0,5011.262207,127.2889328,22.0,9.753600121,7.619999886,3000.0,22.30480003,15.68480015,237.709259,0.244877517,7.0,7.290141106
1414.0,0.0,1291.0,3934.42334,969.9573975,21.0,0.914399981,18.28800011,3000.0,26.18160057,7.89359951,299.9997253,1.887422085,7.0,-0.139043808
1415.0,0.0,1266.0,18110.61719,29.93900299,30.0,0.0,17.67840004,5000.0,31.21920013,13.54080009,231.72612,0.182660088,3.0,-2.143957138
1416.0,0.0,1283.0,14065.33691,134.0014648,25.0,2.133599997,16.15439987,2000.0,38.10639954,21.95199966,233.1790314,0.42619884,7.0,-3.107400894
1417.0,0.0,1255.0,6774.906738,89.82128906,22.0,-0.304800004,23.46960068,1000.0,56.13759995,32.0583992,248.6508942,1.051260948,3.0,0.265335083
1418.0,0.0,1234.0,19854.12305,257.9156494,37.0,4.267199993,14.32560062,4000.0,31.5135994,19.18799973,235.9954071,0.165459976,3.0,-0.504772186
1419.0,0.0,1280.0,12714.49023,664.8571167,17.0,6.096000195,16.45919991,2000.0,31.93519974,24.47599983,264.4440002,0.555132568,3.0,-0.785705566
1420.0,0.0,1269.0,22475.65234,1740.914795,51.0,0.304800004,0.0,4000.0,32.10240173,27.10239983,269.3054199,0.019566748,3.0,0.0809021
1421.0,0.0,1306.0,1046.463623,582.0637817,22.0,-3.048000097,1.524000049,6000.0,18.95199966,17.4279995,233.2023773,0.021396108,7.0,-11.13766098
1422.0,0.0,1235.0,20101.63281,2132.483643,36.0,3.96239996,14.6303997,6000.0,25.63679886,10.00639915,236.0255737,0.004997278,3.0,-0.670890808
1423.0,0.0,1269.0,7621.338379,268.629425,59.0,25.60320091,13.71600056,1000.0,65.40080261,51.68479919,255.2153168,0.19613111,3.0,24.5524044
1424.0,0.0,1269.0,6702.895996,150.0945892,35.0,1.219200015,20.72640038,2000.0,40.18159866,17.23600006,231.8552094,0.913068533,3.0,1.2147789
1425.0,0.0,1303.0,3883.587891,1921.933838,27.0,-1.219200015,3.352800131,6000.0,24.2567997,20.90399933,230.1471252,0.034376167,7.0,-12.06996346
1426.0,0.0,1231.0,12247.7832,381.809082,50.0,4.87680006,30.47999954,2000.0,53.96239853,27.17759895,328.4347534,1.783643126,3.0,9.001998901
1427.0,0.0,1276.0,6660.936035,84.85870361,35.0,2.43840003,12.80160046,1000.0,42.61999893,32.81840134,241.6545563,0.138070524,3.0,1.956031799
1428.0,0.0,1313.0,6808.961914,216.4736023,29.0,8.534399986,6.400800228,4000.0,29.9144001,23.5135994,232.0209961,1.086006045,7.0,8.602802277
1429.0,0.0,1309.0,6168.828125,901.7255859,27.0,7.924799919,13.41120052,4000.0,33.09600067,14.68480015,322.289032,0.431362271,7.0,9.268827438
1430.0,0.0,1282.0,15300.6123,491.7623901,26.0,0.304800004,3.657599926,1000.0,20.20879936,16.63679886,312.9332275,0.434791476,3.0,-3.173311234
1431.0,0.0,1253.0,27160.92383,2423.350098,36.0,-0.914399981,0.0,4000.0,16.79759979,16.49279976,212.8768768,0.015432152,3.0,-0.07270813
1432.0,0.0,1256.0,21969.52734,808.8915405,35.0,1.828799963,9.753600121,2000.0,20.67440033,11.92079926,226.0323486,0.135463044,3.0,0.285305023
1433.0,0.0,1258.0,8011.885254,751.418396,32.0,0.304800004,21.94560051,6000.0,66.44239807,46.49679947,281.0455933,0.025918499,7.0,-1.964796066
1434.0,0.0,1252.0,26803.87109,2356.769043,37.0,-1.828799963,0.0,3000.0,16.57839966,16.57839966,248.71315,0.10228347,3.0,-0.880422592
1435.0,0.0,1232.0,23922.08203,66.99412537,43.0,3.657599926,10.05840015,4000.0,32.02719879,21.96879959,248.0299072,0.151143283,3.0,0.242034912
1436.0,0.0,1236.0,15043.03711,90.1867218,37.0,1.828799963,24.99360085,4000.0,33.3423996,8.348798752,219.8444061,2.683427811,3.0,-1.851219177
1437.0,0.0,1257.0,23208.77734,5589.191895,35.0,-0.914399981,0.0,3000.0,14.57839966,12.57839966,228.0755615,0.1026996,4.0,0.704631805
1438.0,0.0,1237.0,1945.260376,84.84647369,26.0,0.304800004,26.21280098,4000.0,33.92480087,7.711999893,409.4312744,2.685153961,3.0,-10.74825287
1439.0,0.0,1267.0,23271.96289,572.0082397,43.0,0.914399981,0.0,4000.0,25.01679993,23.01679993,239.1244202,0.538604617,3.0,2.266704559
1440.0,0.0,1271.0,1852.249023,1837.317871,20.0,-8.534399986,19.50720024,6000.0,34.32559967,14.20879936,267.7462463,0.275311977,2.0,-7.651821613
1441.0,0.0,1247.0,26321.19141,240.5005188,31.0,-1.524000049,0.0,2000.0,11.49279976,7.492799759,231.2251282,0.085878804,3.0,-1.014968872
1442.0,0.0,1244.0,1874.651733,169.6929474,28.0,-3.352800131,24.38400078,6000.0,35.92480087,11.23600006,398.2063904,1.388896823,3.0,-12.07666016
1443.0,0.0,1265.0,24743.3457,790.9989014,31.0,0.304800004,0.0,2000.0,11.49279976,12.49279976,252.7416229,0.046441149,3.0,-0.3754673
1444.0,0.0,1291.0,6090.341309,1687.299927,21.0,0.914399981,16.76399994,4000.0,27.09600067,10.33199978,234.5393677,1.069517016,3.0,-8.162122726
1445.0,0.0,1280.0,10544.56348,360.5527954,47.0,2.133599997,16.76399994,1000.0,53.4007988,36.63679886,318.4880981,0.591262102,3.0,16.51094246
1446.0,0.0,1263.0,5606.895508,518.8720703,29.0,2.133599997,26.21280098,2000.0,38.14400101,9.931200027,238.0711212,0.270442337,3.0,0.320962906
1447.0,0.0,1241.0,11644.22852,29.9382019,27.0,0.0,30.17519951,6000.0,26.69519997,0.0,411.031189,3.89e-05,3.0,-8.531488419
1448.0,0.0,1268.0,7751.484375,391.4628906,29.0,2.133599997,30.78479958,2000.0,39.97280121,8.187999725,211.0525208,0.034584593,3.0,-1.051000595
1449.0,0.0,1266.0,12346.55273,637.682251,29.0,2.133599997,24.38400078,2000.0,36.31520081,12.93120003,236.9514923,0.633346558,3.0,-0.452947617
1450.0,0.0,1277.0,18491.12305,436.1070557,19.0,0.914399981,18.28800011,2000.0,32.10639954,15.03759956,341.212738,0.821659327,3.0,-2.360952377
1451.0,0.0,1277.0,12541.11816,192.0195465,40.0,1.524000049,0.0,6000.0,27.19839859,27.19839859,229.5422516,0.038554091,4.0,1.237911224
1452.0,0.0,1270.0,19722.26953,3919.60376,42.0,-0.304800004,0.0,4000.0,18.53039932,16.53039932,205.837677,0.038444832,3.0,0.203239441
1453.0,0.0,1283.0,2699.835938,423.4435425,23.0,3.048000097,0.0,4000.0,15.38000011,15.38000011,259.8757324,1.084614873,4.0,-2.229911804
1454.0,0.0,1277.0,16218.28516,2421.293945,47.0,0.914399981,0.0,4000.0,32.36959839,32.36959839,248.3237457,0.02077353,4.0,0.249959946
1455.0,0.0,1278.0,5553.992188,216.1814575,26.0,3.657599926,5.181600094,1000.0,23.2567997,20.46559906,237.1222839,0.855997503,4.0,2.794631958
1456.0,0.0,1285.0,1968.47937,1049.483154,28.0,6.096000195,0.0,1000.0,18.85599899,24.85599899,229.8866425,7.47e-05,4.0,-7.188399315
1457.0,0.0,1286.0,9043.297852,425.0948181,34.0,3.96239996,0.0,2000.0,19.06480026,19.06480026,279.465332,0.099029928,3.0,1.294771194
1458.0,0.0,1277.0,6589.691406,361.9980469,25.0,3.96239996,4.572000027,6000.0,17.68479919,12.11279964,293.7332458,0.093143545,4.0,1.005081177
1459.0,0.0,1291.0,16468.75586,632.2303467,31.0,2.133599997,0.0,4000.0,16.67440033,20.67440033,235.5317841,0.160957232,4.0,-0.747999191
1460.0,0.0,1269.0,19623.39453,1464.521118,36.0,0.914399981,11.27760029,4000.0,32.03760147,19.76000023,230.2676544,0.148286223,3.0,-0.210170746
1461.0,0.0,1299.0,12549.18262,309.2184753,34.0,1.524000049,0.0,1000.0,16.01679993,19.01679993,250.3204193,0.401670903,4.0,0.815935135
1462.0,0.0,1299.0,6902.020508,558.3883057,38.0,2.743200064,0.0,4000.0,29.16080093,30.16080093,231.6789398,0.783421874,7.0,2.395051956
1463.0,0.0,1279.0,15972.43555,123.9135361,34.0,1.524000049,0.0,6000.0,20.2840004,21.2840004,230.8276672,0.281438142,4.0,-0.91967392
1464.0,0.0,1302.0,11843.6748,390.7966614,25.0,1.524000049,0.0,1000.0,8.236000061,8.236000061,322.9830322,0.430279076,4.0,-0.846712112
1465.0,0.0,1283.0,3829.981201,852.4860229,37.0,5.181600094,0.0,2000.0,27.24639893,27.24639893,255.9552155,0.506876349,4.0,-0.799806595
1466.0,0.0,1277.0,12300.47266,366.4787292,42.0,1.524000049,0.0,6000.0,29.19839859,27.19839859,224.8418274,0.073339336,4.0,0.898500443
1467.0,0.0,1284.0,5465.372559,42.42388153,30.0,4.572000027,0.0,2000.0,21.770401,17.770401,230.3780365,0.102429159,4.0,1.804660797
1468.0,0.0,1274.0,16186.4541,536.0175171,42.0,0.0,0.0,4000.0,19.74959946,19.74959946,317.092926,0.159937233,3.0,-0.466489792
1469.0,0.0,1277.0,14213.98828,2060.722168,34.0,0.609600008,0.0,4000.0,13.57839966,13.57839966,305.2384338,0.142853424,3.0,0.884231567
1470.0,0.0,1300.0,8109.945801,1675.042725,34.0,2.743200064,0.0,4000.0,25.46559906,25.46559906,281.3216553,0.682396531,7.0,3.173318863
1471.0,0.0,1292.0,14435.83887,553.3121338,24.0,0.914399981,0.0,2000.0,8.760000229,12.76000023,231.6126709,0.164243907,4.0,-0.772258759
1472.0,0.0,1297.0,9704.393555,811.631897,20.0,-0.914399981,0.0,6000.0,11.46560001,14.46560001,226.7671051,0.009543696,4.0,-3.02640152
1473.0,0.0,1291.0,938.1000977,860.22229,18.0,0.914399981,0.0,1000.0,10.68480015,10.68480015,265.0106812,0.086969264,4.0,1.302864075
1474.0,0.0,1296.0,14624.52539,1197.934326,28.0,1.219200015,0.0,1000.0,9.711999893,12.71199989,308.1586304,0.073676579,4.0,-0.191650391
1475.0,0.0,1275.0,15731.07129,808.5776978,28.0,1.828799963,3.048000097,2000.0,17.9416008,13.89359951,278.2050171,0.435777217,4.0,-1.759155273
1476.0,0.0,1269.0,14994.58496,3559.707275,39.0,0.914399981,0.0,6000.0,23.15040016,20.15040016,279.4460144,0.085166305,4.0,0.32244873
1477.0,0.0,1293.0,5085.293457,1718.423096,18.0,0.0,0.0,6000.0,10.98959923,10.98959923,217.0491028,0.025757652,4.0,-2.257634163
1478.0,0.0,1283.0,9795.868164,524.6711426,32.0,3.048000097,0.0,4000.0,17.06480026,17.06480026,292.1076965,0.287911564,3.0,1.205539703
1479.0,0.0,1284.0,13856.52344,29.94202232,21.0,0.914399981,0.0,1000.0,10.33199978,10.33199978,246.9274902,0.232378483,3.0,-5.752405167
1480.0,0.0,1282.0,15203.96875,277.0927124,27.0,2.133599997,0.0,2000.0,12.06480026,13.97919941,230.9608765,0.148441032,4.0,0.634157181
1481.0,0.0,1275.0,15315.93457,3852.130859,46.0,0.609600008,0.0,6000.0,27.10239983,27.18799973,263.5002441,0.030977171,4.0,0.030454636
1482.0,0.0,1281.0,11388.02441,201.0219879,17.0,0.0,6.096000195,6000.0,9.075200081,2.979199409,238.7372894,0.745301783,3.0,-8.592666626
1483.0,0.0,1273.0,17713.7168,1958.908081,42.0,-0.304800004,0.0,6000.0,19.74959946,12.74959946,263.9433899,0.062472664,3.0,-0.736686707
1484.0,0.0,1298.0,5482.711426,1185.011475,26.0,0.609600008,0.0,6000.0,17.16080093,17.16080093,284.3587341,0.324663192,4.0,-2.486213684
1485.0,0.0,1275.0,16025.80664,384.037384,39.0,0.304800004,0.0,6000.0,16.13999939,16.13999939,230.5938873,0.045995299,4.0,0.263513565
1486.0,0.0,1275.0,14043.50391,1022.549622,37.0,1.524000049,0.0,4000.0,23.89360046,23.89360046,228.2166595,0.170573771,4.0,1.407936096
1487.0,0.0,1280.0,10063.06738,749.6256104,39.0,4.267199993,0.0,1000.0,23.15040016,23.15040016,292.1076965,0.568268895,3.0,4.613677979
1488.0,0.0,1303.0,5509.516113,1900.152954,19.0,3.048000097,0.0,2000.0,9.551199913,18.55120087,262.5479126,0.301579922,7.0,-0.757647514
1489.0,0.0,1298.0,6322.80957,744.8946533,35.0,4.267199993,0.0,1000.0,24.9416008,24.9416008,239.9566498,2.127328873,3.0,10.78891945
1490.0,0.0,1276.0,4370.816895,212.5367889,23.0,4.572000027,0.0,2000.0,12.33199978,12.33199978,221.8645782,0.26264295,4.0,0.218845367
1491.0,0.0,1309.0,3053.306885,2412.052002,18.0,2.43840003,0.0,4000.0,9.770400047,6.770400047,240.5003052,0.171003357,4.0,-2.205873489
1492.0,0.0,1306.0,7145.384766,891.8460693,20.0,0.914399981,0.0,2000.0,8.112799644,16.1128006,325.700531,1.722136617,7.0,1.236349106
1493.0,0.0,1278.0,13988.7793,1551.81897,30.0,0.914399981,0.0,4000.0,8.968799591,10.96879959,267.7572327,0.103571005,4.0,2.039451599
1494.0,0.0,1294.0,2449.676758,299.8182373,21.0,2.743200064,0.0,2000.0,9.417599678,18.41759872,332.5440063,0.151484013,4.0,-0.792598724
1495.0,0.0,1265.0,19742.98047,4509.199219,34.0,-0.304800004,0.0,6000.0,11.74959946,8.749599457,237.264679,0.090966515,3.0,-0.482219696
1496.0,0.0,1284.0,13128.89648,591.763916,29.0,3.657599926,0.0,2000.0,12.84560013,12.84560013,231.2992249,0.094924286,3.0,1.11488533
1497.0,0.0,1288.0,366.4681091,674.7816772,18.0,1.219200015,0.0,1000.0,10.68480015,8.684800148,322.3865051,0.149249569,4.0,0.248638153
1498.0,0.0,1295.0,7668.289063,742.6367188,26.0,0.0,0.0,4000.0,19.29439926,19.29439926,294.4561462,0.275859773,4.0,-1.730676651
1499.0,0.0,1270.0,17639.15234,1365.631714,42.0,-0.304800004,0.0,6000.0,18.83519936,18.83519936,232.1456146,0.022210032,4.0,-0.798118591
1500.0,0.0,1283.0,9020.420898,777.480835,31.0,2.743200064,1.524000049,2000.0,17.58879852,15.76000023,243.8716583,0.176355183,3.0,0.446626663
1501.0,0.0,1303.0,7832.144043,2172.093506,43.0,2.133599997,0.0,3000.0,33.85599899,34.85599899,279.3546448,0.753296494,7.0,8.190784454
1502.0,0.0,1290.0,16388.18945,234.2080841,34.0,1.524000049,0.0,4000.0,17.54080009,18.54080009,254.660141,0.133525982,4.0,0.397506714
1503.0,0.0,1276.0,18030.5293,234.3796539,32.0,2.133599997,0.0,1000.0,18.89360046,21.89360046,239.8196106,0.370856881,7.0,1.869951248
1504.0,0.0,1287.0,9712.626953,246.9691315,17.0,0.304800004,7.315199852,6000.0,9.075200081,1.760000229,291.2626038,0.110410064,3.0,-7.050729752
1505.0,0.0,1272.0,17943.82227,753.9189453,33.0,1.219200015,0.0,2000.0,22.9416008,25.9416008,234.3983917,0.467457235,4.0,0.37582016
1506.0,0.0,1303.0,10356.87207,149.9246521,19.0,0.609600008,0.0,2000.0,11.07520008,11.07520008,290.665741,0.415456742,4.0,-0.146917343
1507.0,0.0,1281.0,8820.676758,1803.456787,37.0,1.219200015,0.0,4000.0,22.67440033,22.67440033,238.475708,0.204951361,3.0,-0.215496063
1508.0,0.0,1322.0,9388.113281,247.8475494,20.0,2.133599997,8.83920002,6000.0,10.85599995,13.01679993,225.1749725,0.195340827,7.0,-0.314655304
1509.0,0.0,1298.0,6822.983887,1377.150879,43.0,15.23999977,15.5447998,2000.0,33.24639893,19.17759895,343.1670227,1.204487562,3.0,-1.324531555
1510.0,0.0,1303.0,14038.88672,271.1113586,69.0,4.87680006,11.88720036,8000.0,45.83519745,31.94799805,448.0020752,0.651263177,3.0,31.52777481
1511.0,0.0,1338.0,8047.111816,371.7734985,19.0,0.914399981,0.0,1000.0,22.96240044,22.6576004,294.1548462,0.541103542,7.0,1.16125679
1512.0,0.0,1312.0,14742.96094,785.3074951,26.0,2.743200064,0.0,6000.0,13.80799961,11.80799961,220.3772583,0.397059679,7.0,0.828426361
1513.0,0.0,1335.0,9875.75293,454.8912659,26.0,2.743200064,0.0,4000.0,22.03759956,22.03759956,219.5303497,0.453665167,7.0,-0.917843819
1514.0,0.0,1285.0,10640.6543,680.2843018,33.0,2.133599997,0.0,1000.0,11.35919952,12.35919952,324.6890259,2.238562346,3.0,-2.29499054
1515.0,0.0,1319.0,15721.83301,84.85738373,21.0,2.43840003,0.0,6000.0,13.38000011,13.38000011,235.1520386,0.114069134,7.0,-0.562952042
1516.0,0.0,1318.0,6291.430664,1518.071533,25.0,2.133599997,7.924799919,4000.0,12.50319958,5.578399658,264.6593628,0.118469171,3.0,-1.858957291
1517.0,0.0,1290.0,3021.244385,470.1937561,35.0,-4.267199993,0.0,4000.0,16.10239983,15.10239983,267.9501038,0.440043718,4.0,-3.860025406
1518.0,0.0,1279.0,10527.0498,766.3051147,30.0,1.828799963,0.0,6000.0,13.23600006,13.23600006,270.2582703,0.20742467,3.0,-0.016206741
1519.0,0.0,1326.0,4548.433594,1104.135254,10.0,0.914399981,0.0,6000.0,5.12319994,5.12319994,290.1665344,0.019608779,7.0,-0.943068504
1520.0,0.0,1311.0,2519.431152,149.6890564,53.0,15.5447998,14.02080059,4000.0,35.32160187,25.30080032,473.167572,0.547417104,3.0,3.095375061
1521.0,0.0,1326.0,6645.057617,691.4560547,17.0,1.219200015,0.0,4000.0,7.246399879,5.941599846,238.5651093,0.278535187,7.0,0.765017509
1522.0,0.0,1316.0,2715.903809,335.8439941,31.0,9.753600121,8.229599953,4000.0,15.4552002,5.225599289,266.7586365,0.668453634,3.0,2.71855545
1523.0,0.0,1288.0,4605.004395,318.7969971,42.0,4.572000027,0.0,2000.0,30.1128006,30.1128006,236.6817169,0.39430508,7.0,1.56329155
1524.0,0.0,1322.0,2949.75293,1415.101563,21.0,5.791200161,7.924799919,2000.0,7.283999443,1.359199524,285.4913025,0.36889255,3.0,-6.75753212
1525.0,0.0,1341.0,824.4979858,192.1902008,2.0,-2.743200064,0.0,6000.0,2.304800034,2.304800034,239.4053192,0.09762349,4.0,-4.120108604
1526.0,0.0,1297.0,15013.9668,84.85787964,36.0,3.96239996,0.0,6000.0,25.63679886,25.63679886,314.3800964,0.70081991,7.0,-0.844800949
1527.0,0.0,1301.0,18803.16211,150.3163757,27.0,-1.828799963,0.0,3000.0,20.5991993,23.5991993,277.4759827,0.267207474,7.0,-4.097480774
1528.0,0.0,1315.0,17030.72852,42.42435074,20.0,3.657599926,0.0,6000.0,13.29439926,13.29439926,293.7344971,0.178845108,7.0,1.36741066
1529.0,0.0,1286.0,5881.560059,466.6626892,37.0,-0.304800004,6.096000195,6000.0,29.68479919,24.58879852,235.8404999,0.040533748,3.0,-6.816404343
1530.0,0.0,1333.0,12282.20703,617.5436401,19.0,0.0,0.0,6000.0,14.73279953,12.73279953,235.0892487,0.111103609,7.0,-1.879511833
1531.0,0.0,1315.0,2445.129395,442.4192505,68.0,9.448800087,13.10640049,1000.0,49.40719986,35.30080032,532.2508545,2.579320431,3.0,20.30690002
1532.0,0.0,1310.0,17869.56445,42.42873383,35.0,3.657599926,0.0,5000.0,31.03759956,31.03759956,269.363739,0.10143505,7.0,1.486192703
1533.0,0.0,1324.0,17261.03711,306.5275879,23.0,2.43840003,0.0,4000.0,16.29439926,17.29439926,235.2313232,0.26700139,7.0,2.808244705
1534.0,0.0,1303.0,14181.37793,242.3566437,35.0,0.609600008,0.0,6000.0,21.89360046,21.89360046,274.3677979,0.159992591,7.0,-2.844526291
1535.0,0.0,1309.0,19159.2207,0.0,25.0,1.828799963,0.0,2000.0,13.41759968,14.41759968,228.7572784,0.195197254,7.0,3.311397552
1536.0,0.0,1281.0,9580.081055,108.0862579,24.0,0.609600008,0.0,2000.0,9.674399376,9.674399376,254.1287079,1.435650229,3.0,-8.000841141
1537.0,0.0,1286.0,2038.01355,808.3242188,38.0,0.914399981,11.27760029,2000.0,28.85599899,15.96879959,265.1861267,0.796603441,3.0,-6.555812836
1538.0,0.0,1311.0,3810.861084,509.3876343,71.0,8.534399986,18.28800011,4000.0,53.32160187,35.03359985,520.2168579,1.922903299,3.0,19.89592743
1539.0,0.0,1329.0,6854.058594,1016.756348,12.0,-0.609600008,0.0,4000.0,10.78079987,13.78079987,248.2600403,0.172405943,7.0,-0.881087303
1540.0,0.0,1314.0,3114.10791,765.8190918,62.0,14.02080059,15.23999977,2000.0,44.32160187,32.08160019,511.7388306,1.15059185,3.0,15.16932678
1541.0,0.0,1323.0,10136.42285,1146.066528,34.0,1.219200015,9.448800087,2000.0,25.46559906,16.32159996,238.2023926,0.38023001,3.0,-2.037559509
1542.0,0.0,1320.0,7978.15625,1082.229248,29.0,3.96239996,8.534399986,4000.0,18.9416008,9.40719986,225.9560547,0.278153837,3.0,0.443195343
1543.0,0.0,1342.0,1720.099609,509.4300537,22.0,-1.524000049,0.0,6000.0,22.30480003,19.30480003,283.9299011,0.221546724,4.0,-5.31104517
1544.0,0.0,1299.0,11527.0293,512.4772339,33.0,2.743200064,0.0,6000.0,20.19839859,20.19839859,226.6032257,0.183601305,7.0,-2.827695847
1545.0,0.0,1340.0,2932.918213,866.0629272,11.0,3.048000097,0.0,1000.0,11.0,11.0,236.9847107,0.353475004,7.0,0.489857197
1546.0,0.0,1277.0,7620.876953,3475.708008,33.0,0.609600008,0.0,6000.0,21.1128006,22.1128006,256.5261841,0.36695981,3.0,-2.259962082
1547.0,0.0,1328.0,13725.25684,349.5302124,22.0,1.828799963,0.0,2000.0,17.12319946,17.12319946,278.849823,0.349576741,7.0,1.451211929
1548.0,0.0,1278.0,14442.88965,809.034668,43.0,1.219200015,0.0,6000.0,21.66399956,21.66399956,243.8994598,0.141762763,4.0,0.898616791
1549.0,0.0,1333.0,8786.265625,108.0833588,17.0,0.304800004,0.0,1000.0,21.5720005,17.5720005,274.6181946,0.292358011,4.0,-0.712893724
1550.0,0.0,1292.0,13116.29688,276.5151062,51.0,4.572000027,10.97280025,4000.0,24.78719902,14.42399979,515.2640381,4.689186573,3.0,4.93844223
1551.0,0.0,1301.0,14978.49512,827.5496216,75.0,4.572000027,11.58240032,2000.0,51.83519745,41.25279999,623.0044556,1.172739863,3.0,33.37076569
1552.0,0.0,1288.0,4226.806641,362.9709473,38.0,0.0,7.924799919,6000.0,31.90399933,21.97919846,323.8153076,0.25301525,3.0,-6.397596359
1553.0,0.0,1278.0,9272.988281,2222.773438,30.0,0.914399981,0.0,4000.0,17.80799866,18.80799866,227.6431274,0.108034201,3.0,-0.833648682
1554.0,0.0,1337.0,4739.209961,218.7850189,11.0,-0.304800004,0.0,1000.0,11.30480003,9.304800034,219.0580139,0.366305441,7.0,-2.072836399
1555.0,0.0,1337.0,5091.764648,571.9759521,15.0,0.609600008,0.0,1000.0,15.0,14.0,237.7868042,0.647384107,7.0,-0.874802589
1556.0,0.0,1285.0,1184.881348,120.2537003,30.0,-3.352800131,0.0,1000.0,11.71199989,13.71199989,254.9324188,0.186500475,3.0,-3.727022171
1557.0,0.0,1333.0,12623.98438,241.3826141,22.0,2.743200064,0.0,6000.0,17.12319946,17.12319946,256.4126892,0.589513958,7.0,0.092274666
1558.0,0.0,1284.0,10944.0957,256.7153931,31.0,0.914399981,0.0,1000.0,12.40719986,11.40719986,248.5081787,0.943301976,3.0,-3.715499878
1559.0,0.0,1290.0,4274.16748,806.3291626,28.0,2.743200064,0.0,2000.0,16.41759872,17.41759872,229.8271179,0.328729331,7.0,0.451667786
1560.0,0.0,1309.0,8280.474609,618.6986694,25.0,2.133599997,12.19200039,6000.0,12.80799961,0.0,228.4417114,0.175815001,7.0,-3.586572647
1561.0,0.0,1288.0,4709.463867,537.3099365,38.0,4.267199993,0.0,2000.0,25.50320053,27.50320053,265.3079224,0.241588786,7.0,-0.923221588
1563.0,0.0,1305.0,8976.363281,1131.909058,69.0,6.705600262,21.33600044,1000.0,51.93119812,30.29039764,295.5684509,1.169123292,3.0,27.82474136
1564.0,0.0,1278.0,16460.70117,714.1912842,35.0,0.914399981,0.0,6000.0,13.66399956,12.66399956,241.9017334,0.594976544,4.0,-1.703248978
1565.0,0.0,1320.0,6637.811523,84.85710144,20.0,2.743200064,0.0,6000.0,11.46560001,11.46560001,239.9744873,0.000232169,7.0,-0.115678787
1566.0,0.0,1298.0,16032.80566,182.8506012,30.0,6.705600262,0.0,1000.0,25.12319946,26.12319946,241.0432281,1.08129847,7.0,6.181404114
1567.0,0.0,1294.0,9590.220703,42.4290123,26.0,4.572000027,0.0,8000.0,15.94159985,14.94159985,222.2632446,0.200896859,7.0,1.229967117
1568.0,0.0,1312.0,16914.67969,67.00032043,18.0,2.43840003,0.0,5000.0,11.5991993,12.5991993,320.7329712,0.211808577,7.0,1.266609192
1569.0,0.0,1323.0,7493.305176,723.9728394,26.0,3.96239996,8.83920002,2000.0,16.24639893,6.40719986,267.9029541,0.220156029,3.0,-0.860330582
1570.0,0.0,1281.0,7691.016113,108.247963,34.0,2.43840003,0.0,1000.0,17.54080009,19.54080009,256.7416687,0.263238072,3.0,-1.237522125
1571.0,0.0,1281.0,12678.24805,299.8437805,28.0,1.828799963,0.0,4000.0,9.102399826,11.10239983,281.2998047,0.399700046,3.0,-2.901367188
1572.0,0.0,1299.0,11503.33496,403.6753235,34.0,4.87680006,0.0,2000.0,20.89360046,20.89360046,315.1505127,0.81017977,7.0,-0.269475937
1573.0,0.0,1292.0,893.2850952,190.0502167,30.0,-1.828799963,0.0,1000.0,13.23600006,13.23600006,345.822876,0.25693962,7.0,-4.520463943
1575.0,0.0,1322.0,18605.11719,66.99510193,26.0,2.743200064,0.0,1000.0,16.85599899,16.85599899,227.1302795,0.275559455,7.0,3.594787598
1576.0,0.0,1326.0,13001.85938,175.1082001,22.0,1.524000049,0.0,2000.0,15.90399933,17.90399933,296.1625366,0.385637522,7.0,0.160247803
1577.0,0.0,1311.0,10955.36816,906.2332153,20.0,1.524000049,10.66800022,2000.0,8.417599678,1.749599457,235.7063751,0.114710525,7.0,-1.244848251
1578.0,0.0,1300.0,10376.98926,637.597168,37.0,3.657599926,16.15439987,2000.0,19.62639999,5.472000122,330.9608459,1.102384329,3.0,-2.214191437
1579.0,0.0,1307.0,6596.03418,305.3468933,39.0,0.0,10.05840015,4000.0,24.67440033,14.61599922,266.35495,0.28120622,3.0,-8.061561584
1580.0,0.0,1326.0,14505.66797,407.802948,20.0,0.914399981,0.0,2000.0,14.5135994,14.5135994,252.1228027,0.558553338,7.0,1.522699356
1581.0,0.0,1327.0,11693.79785,59.87561798,23.0,3.657599926,0.0,6000.0,16.29439926,15.29439926,233.8980865,0.239485279,7.0,-3.668602943
1582.0,0.0,1281.0,9424.90332,511.0551758,34.0,1.828799963,0.0,4000.0,21.80799866,21.80799866,235.3930054,0.248727426,4.0,0.291954041
1583.0,0.0,1295.0,7555.081543,296.9680176,39.0,4.267199993,0.0,4000.0,26.80799866,26.80799866,232.8488159,0.554096282,7.0,-0.960866928
1584.0,0.0,1312.0,19597.55859,149.6854553,28.0,3.048000097,0.0,6000.0,20.68479919,18.68479919,209.7991028,0.206067502,7.0,2.601762772
1585.0,0.0,1287.0,11703.78516,767.9782715,31.0,1.524000049,0.0,8000.0,9.968799591,10.96879959,363.7796326,0.776082873,3.0,-3.406253815
1586.0,0.0,1330.0,11524.77832,1712.795654,30.0,8.534399986,0.0,1000.0,24.5135994,24.5135994,237.8134613,0.040797781,3.0,1.310804367
1587.0,0.0,1327.0,3113.543457,302.122406,15.0,0.304800004,0.0,4000.0,10.4279995,10.4279995,293.687439,0.493511975,7.0,-0.416014671
1588.0,0.0,1294.0,7719.48291,466.5916748,35.0,6.096000195,0.0,1000.0,23.72240067,23.72240067,232.7111816,0.203134224,7.0,1.234510422
1589.0,0.0,1296.0,11338.13477,868.7000122,34.0,2.43840003,0.0,4000.0,21.50320053,18.50320053,226.6032257,0.137937695,7.0,-2.305843353
1590.0,0.0,1331.0,10496.37305,1750.919678,22.0,10.05840015,0.0,2000.0,16.81839943,17.81839943,272.874939,0.070719428,7.0,2.426780701
1591.0,0.0,1287.0,7821.492188,169.7164917,33.0,4.572000027,0.0,1000.0,18.97919846,18.97919846,236.9597473,0.809833407,3.0,-1.200433731
1592.0,0.0,1307.0,7353.044434,180.3762512,26.0,0.0,10.66800022,6000.0,12.28399944,1.615999222,270.0829468,0.595501959,3.0,-8.523178101
1593.0,0.0,1343.0,1260.623291,0.0,6.0,-2.743200064,0.0,5000.0,6.304800034,6.304800034,294.3587341,0.189788267,4.0,-3.895620346
1594.0,0.0,1296.0,11788.6123,30.06337738,25.0,3.352800131,0.0,1000.0,14.63679981,17.63679886,250.1778259,0.155090779,7.0,2.011777878
1595.0,0.0,1284.0,9603.645508,212.5614471,23.0,0.609600008,0.0,6000.0,7.760000229,8.455200195,260.9812012,0.020109119,3.0,-6.74480629
1596.0,0.0,1291.0,7898.561523,67.17007446,38.0,4.87680006,0.0,1000.0,23.67440033,19.67440033,234.473175,0.872496307,3.0,-0.315958023
1597.0,0.0,1294.0,11881.75,296.9677429,65.0,5.181600094,12.80160046,2000.0,39.70159912,25.89999771,717.4577637,0.864097416,3.0,28.30340958
1598.0,0.0,1323.0,3346.416992,211.7030487,7.0,3.352800131,0.0,1000.0,9.133600235,9.133600235,236.7146759,0.215974018,7.0,0.709494591
1599.0,0.0,1305.0,15683.16211,270.5700378,36.0,0.914399981,0.0,6000.0,25.9416008,25.9416008,233.6479492,0.333199501,7.0,-1.463718414
1600.0,0.0,1286.0,10618.98047,436.0447998,32.0,0.609600008,0.0,1000.0,13.40719986,13.40719986,334.0285034,0.168669015,3.0,-3.277898788
1601.0,0.0,1303.0,9679.085938,150.096405,32.0,2.43840003,16.76399994,1000.0,18.2840004,0.0,224.5500793,0.228512481,3.0,-3.617336273
1602.0,0.0,1292.0,13283.0752,329.3105164,42.0,4.267199993,10.97280025,2000.0,16.39679909,5.423999786,718.3395996,5.446199417,3.0,10.04483795
1603.0,0.0,1336.0,3691.009277,485.381134,10.0,-0.914399981,0.0,4000.0,10.0,9.0,240.6842041,1.148914576,7.0,-1.959846973
1604.0,0.0,1296.0,13480.50684,189.4268341,48.0,4.87680006,0.0,1000.0,21.17759895,22.17759895,581.2766113,2.402294636,3.0,-2.970287323
1605.0,0.0,1327.0,12164.90137,407.3486023,20.0,0.609600008,0.0,6000.0,14.20879936,14.20879936,222.4840088,0.320441902,7.0,-0.690049171
1606.0,0.0,1309.0,15615.67871,218.0098114,28.0,1.524000049,0.0,3000.0,14.89359951,13.89359951,227.8672943,0.129073262,7.0,1.458244324
1607.0,0.0,1293.0,11664.10547,428.9682617,30.0,4.267199993,0.0,2000.0,19.63679886,19.63679886,230.5722198,0.351647466,7.0,2.404478073
1608.0,0.0,1319.0,1809.9198,588.3289795,39.0,7.924799919,6.096000195,2000.0,22.23600006,20.13999939,302.9147339,0.159005687,3.0,2.413051605
1609.0,0.0,1326.0,4450.616211,209.5604706,12.0,2.743200064,0.0,1000.0,13.52400017,13.8288002,229.3149261,0.226045296,7.0,1.943051815
1610.0,0.0,1278.0,6790.091309,3155.058105,27.0,0.914399981,0.0,4000.0,15.72239971,16.72240067,294.0001831,0.19362922,3.0,-0.427923203
1611.0,0.0,1311.0,12369.83301,573.2703857,26.0,0.914399981,8.534399986,2000.0,13.19839954,4.663999557,238.644989,0.106912963,7.0,-0.396760941
1612.0,0.0,1285.0,3090.421631,539.9827881,34.0,-0.304800004,0.0,4000.0,25.46559906,26.16080093,231.4354858,0.322091192,3.0,-2.620069504
1613.0,0.0,1318.0,18044.74414,119.7484589,25.0,2.133599997,0.0,1000.0,16.770401,12.77040005,234.1750641,0.144515887,7.0,2.146865845
1614.0,0.0,1323.0,8553.085938,1090.040161,15.0,3.352800131,0.0,4000.0,6.16079998,7.465600014,226.5326843,0.35149771,7.0,1.818489075
1615.0,0.0,1303.0,10816.70215,179.6249847,51.0,10.66800022,16.45919991,1000.0,31.49279976,15.03359985,454.7477417,0.998683274,3.0,11.7703476
1616.0,0.0,1333.0,3371.114014,602.0006714,13.0,0.304800004,0.0,1000.0,14.21920013,14.21920013,239.3561249,0.403866559,7.0,-1.175793171
1618.0,0.0,1335.0,8629.308594,458.3809509,20.0,1.828799963,0.0,1000.0,16.95199966,15.95199966,266.6329956,0.418207377,7.0,-0.003325462
1619.0,0.0,1319.0,1441.925659,875.1793213,55.0,10.66800022,5.181600094,2000.0,36.71199799,31.53039932,352.6111755,1.389522076,3.0,13.47225189
1620.0,0.0,1311.0,7714.994141,1039.639282,95.0,11.27760029,41.45280075,2000.0,78.23600006,40.05039978,546.4338989,1.805019498,3.0,48.73936462
1621.0,0.0,1309.0,11800.97168,309.2260437,35.0,0.0,0.0,6000.0,23.72240067,22.72240067,255.1283264,0.526642442,7.0,-5.66860199
1622.0,0.0,1327.0,14939.74805,42.42442322,21.0,1.219200015,0.0,6000.0,14.90399933,15.90399933,228.0916595,0.587246299,7.0,0.503892899
1623.0,0.0,1324.0,17110.35938,342.2468567,31.0,1.828799963,0.0,6000.0,23.38000107,24.38000107,229.0116882,0.288694173,7.0,0.101057053
1624.0,0.0,1299.0,11825.35742,334.7634277,62.0,13.10640049,15.5447998,1000.0,43.10240173,25.55759811,409.4642639,0.902992785,3.0,21.29050446
1625.0,0.0,1295.0,11394.67285,152.6799011,31.0,1.524000049,0.0,1000.0,9.05439949,9.05439949,388.2005615,1.12934339,3.0,-10.77935982
1626.0,0.0,1287.0,2097.606201,998.8497314,9.0,1.524000049,9.448800087,2000.0,1.380000114,0.0,299.1087036,0.563181102,3.0,-3.009902954
1627.0,0.0,1301.0,10082.26563,1377.441284,63.0,6.400800228,0.0,2000.0,42.27359772,42.27359772,398.0450134,0.572750211,3.0,27.76237869
1628.0,0.0,1302.0,15067.5625,736.8919067,38.0,1.219200015,0.0,6000.0,23.97919846,21.97919846,292.3578491,0.104599677,7.0,-2.712133408
1629.0,0.0,1307.0,9441.102539,150.3139648,26.0,1.219200015,13.10640049,6000.0,14.41759968,1.615999222,300.3210754,0.074042104,7.0,-3.437955856
1630.0,0.0,1296.0,6423.42334,1118.381104,28.0,4.267199993,14.93519974,2000.0,18.85599899,3.920799255,343.1670227,1.180547714,3.0,-12.85004425
1631.0,0.0,1309.0,16157.16992,59.87377167,22.0,2.133599997,0.0,6000.0,18.03759956,19.03759956,238.1596832,0.114197396,7.0,-0.478914261
1632.0,0.0,1296.0,4597.79834,1706.470825,42.0,2.43840003,17.67840004,2000.0,33.770401,18.09199905,362.9851685,0.972780168,3.0,9.84777832
1633.0,0.0,1318.0,14514.71875,1570.453857,17.0,2.133599997,0.0,2000.0,9.380000114,9.380000114,236.028717,0.348477304,7.0,0.300239563
1634.0,0.0,1284.0,7388.119141,872.3877563,32.0,0.609600008,0.0,4000.0,20.72240067,23.72240067,288.1204834,0.116364919,3.0,-3.120059967
1635.0,0.0,1337.0,8378.350586,578.2159424,22.0,3.048000097,0.0,4000.0,18.64719963,18.64719963,240.6291199,0.164553985,7.0,1.500494957
1636.0,0.0,1294.0,13072.07715,95.02389526,28.0,2.743200064,0.0,2000.0,1.78719902,6.78719902,384.0465393,0.895650148,3.0,-8.445308685
1637.0,0.0,1289.0,11709.65332,270.566803,39.0,2.743200064,10.97280025,4000.0,8.824800491,13.09199905,502.1011047,1.223744154,3.0,-7.389673233
1638.0,0.0,1335.0,11496.80859,161.316803,20.0,1.219200015,0.0,1000.0,15.4279995,16.4279995,223.3898315,0.289027035,7.0,-2.014969826
1639.0,0.0,1311.0,16734.49805,350.1868896,31.0,1.524000049,0.0,6000.0,17.2840004,17.2840004,278.6838074,0.474927872,7.0,0.781642914
1640.0,0.0,1329.0,14678.90332,361.9814758,25.0,0.609600008,0.0,1000.0,19.81839943,19.81839943,238.0343475,0.209089711,7.0,1.209114075
1641.0,0.0,1337.0,8428.295898,1187.885742,22.0,3.048000097,0.0,1000.0,18.64719963,20.64719963,229.1292114,0.186279789,7.0,-0.148290634
1642.0,0.0,1327.0,14247.48535,255.9245758,22.0,1.219200015,0.0,6000.0,16.5135994,16.5135994,254.2303925,0.247381002,7.0,-0.142807007
1643.0,0.0,1300.0,16507.47656,169.6966095,21.0,0.609600008,0.0,1000.0,10.94159985,10.94159985,277.5736389,0.561907351,7.0,-0.899662018
1644.0,0.0,1325.0,11474.14453,697.255127,23.0,4.267199993,0.0,1000.0,15.68480015,15.68480015,295.2440491,0.967711806,7.0,0.864170074
1645.0,0.0,1298.0,7622.824219,42.42902756,30.0,4.87680006,16.76399994,2000.0,15.67439938,0.0,529.1652832,2.520683527,3.0,-11.64811325
1646.0,0.0,1327.0,12711.26465,606.9059448,20.0,0.304800004,0.0,6000.0,13.90399933,13.90399933,222.4840088,0.23773323,7.0,0.346709251
1647.0,0.0,1303.0,9746.526367,466.5561218,58.0,4.267199993,17.67840004,1000.0,39.71199799,22.03359985,420.905365,0.597628593,3.0,14.8473587
1648.0,0.0,1305.0,8204.286133,308.5146484,36.0,0.609600008,11.88720036,6000.0,23.50320053,12.61599922,306.686554,0.041124891,3.0,-5.459041595
1649.0,0.0,1304.0,19160.63086,503.7481689,22.0,0.609600008,0.0,4000.0,14.07520008,12.07520008,272.2497864,0.452934474,7.0,-1.66591835
1650.0,0.0,1316.0,17924.48438,108.2488327,25.0,2.43840003,0.0,1000.0,12.50319958,11.50319958,222.1439362,0.409902811,7.0,3.716053009
1651.0,0.0,1283.0,3620.570557,834.5759888,32.0,-0.304800004,6.400800228,4000.0,24.07519913,17.67440033,231.024765,0.387622952,3.0,-5.703516006
1652.0,0.0,1328.0,12432.06836,1151.921021,30.0,6.096000195,0.0,4000.0,24.5135994,23.5135994,238.5295105,0.39290759,7.0,0.816232681
1653.0,0.0,1327.0,3293.224365,270.5681458,11.0,-0.304800004,0.0,1000.0,16.4864006,16.09600067,270.8482361,0.345894694,4.0,-1.484407902
1654.0,0.0,1321.0,8311.383789,525.3301392,19.0,2.43840003,0.0,4000.0,10.16079998,10.16079998,213.462265,0.247223869,7.0,0.091663361
1655.0,0.0,1298.0,15883.49414,216.1474304,29.0,1.828799963,0.0,3000.0,18.63679886,18.63679886,271.1113281,0.224859729,7.0,-0.007411957
1656.0,0.0,1314.0,9289.615234,42.42422485,26.0,2.43840003,12.19200039,2000.0,14.11279964,1.920799255,232.9953156,0.732842207,7.0,-1.009096146
1657.0,0.0,1317.0,2023.715454,518.9031372,46.0,7.010400295,10.36320019,2000.0,29.84560013,17.48239899,299.5469055,1.379290104,3.0,3.698677063
1658.0,0.0,1322.0,11141.55762,817.4742432,38.0,1.524000049,0.0,4000.0,30.68479919,28.68479919,228.117981,1.093842864,7.0,1.451681137
1659.0,0.0,1316.0,13076.40137,211.7012177,15.0,0.0,0.0,6000.0,7.684800148,6.684800148,300.5003967,0.125016749,7.0,-3.16869545
1660.0,0.0,1278.0,9998.850586,1625.051147,30.0,1.828799963,0.0,6000.0,17.80799866,13.80799961,279.3554382,0.091779038,4.0,-0.511384964
1661.0,0.0,1300.0,12881.29883,119.7487869,34.0,10.36320019,14.32560062,6000.0,19.06480026,3.739200592,233.5921326,0.010959171,7.0,0.34318161
1662.0,0.0,1301.0,17729.98242,169.7155609,31.0,-0.914399981,0.0,6000.0,22.16080093,21.85599899,286.0184631,0.084424756,7.0,-4.587727547
1664.0,0.0,1326.0,1741.128784,95.03115845,13.0,0.914399981,0.0,1000.0,16.6576004,16.6576004,239.4902649,0.228925526,7.0,0.856178284
1665.0,0.0,1306.0,8034.038086,216.4961395,28.0,-0.304800004,10.97280025,6000.0,14.58879948,2.615999222,228.1846771,0.079963118,3.0,-9.158720016
1666.0,0.0,1302.0,8749.664063,580.267334,32.0,2.43840003,14.02080059,1000.0,15.84560013,3.434400558,235.3930054,0.531893194,3.0,-7.033050537
1667.0,0.0,1298.0,11860.14453,571.9837036,30.0,5.181600094,0.0,2000.0,19.9416008,20.9416008,225.8336945,0.524672031,7.0,3.356496811
1668.0,0.0,1331.0,10550.2998,1195.209473,27.0,7.010400295,0.0,1000.0,22.4279995,22.4279995,239.9893646,1.000690579,7.0,1.500230789
1669.0,0.0,1285.0,7179.25293,2651.530518,36.0,0.0,0.0,4000.0,24.41759872,22.41759872,250.4103241,0.120327532,4.0,-0.641132355
1670.0,0.0,1322.0,15567.98633,1463.66748,22.0,3.048000097,0.0,2000.0,14.38000011,15.38000011,257.1396179,0.037231609,7.0,1.110128403
1671.0,0.0,1311.0,6072.900879,242.3539276,31.0,4.572000027,14.02080059,2000.0,17.58879852,3.567998886,379.815033,1.11960578,3.0,-0.661088943
1672.0,0.0,1298.0,16206.3252,484.7279053,34.0,1.828799963,0.0,1000.0,21.19839859,21.19839859,250.9692841,0.09892147,7.0,-2.128511429
1673.0,0.0,1285.0,6602.555664,1059.518555,37.0,0.0,0.0,3000.0,17.49279976,22.49279976,234.3720093,0.068781316,3.0,0.579092026
1674.0,0.0,1332.0,13559.82422,161.3165131,17.0,1.219200015,0.0,6000.0,12.4279995,14.4279995,223.3139038,0.092928804,7.0,-1.13604641
1675.0,0.0,1299.0,13777.96289,42.42898941,39.0,8.83920002,0.0,1000.0,25.58879852,26.58879852,298.2733765,0.36806348,7.0,4.450998306
1676.0,0.0,1330.0,8581.075195,873.1186523,38.0,7.924799919,12.80160046,4000.0,30.07519913,17.57839966,248.462204,0.383951396,3.0,-0.684736252
1677.0,0.0,1308.0,8090.287109,1111.235352,84.0,11.88720036,39.31919861,2000.0,67.23600006,26.91679764,463.5965881,1.529015064,3.0,41.21071243
1678.0,0.0,1275.0,15704.74316,149.6862335,29.0,0.0,0.0,2000.0,5.530399323,5.530399323,270.8965454,0.221708402,4.0,-1.399370193
1679.0,0.0,1298.0,10972.15039,153.2621307,44.0,4.87680006,9.448800087,1000.0,26.01679993,16.56799889,357.3487549,1.675152302,3.0,-7.797420502
1680.0,0.0,1312.0,3279.918213,700.2313232,53.0,14.02080059,15.84959984,6000.0,35.62639999,22.08160019,511.7388306,1.20313561,3.0,9.087249756
1681.0,0.0,1335.0,9588.261719,503.7683716,17.0,4.87680006,0.0,4000.0,13.03759956,13.03759956,225.6249847,0.904458523,7.0,2.087254524
1682.0,0.0,1334.0,7168.066406,284.1232605,16.0,1.524000049,0.0,4000.0,16.0,15.69519997,232.0821838,0.385205984,7.0,-1.275774956
1683.0,0.0,1303.0,8438.084961,882.9855957,59.0,7.924799919,35.35680008,4000.0,42.84560013,5.488800049,767.5881348,2.536320925,3.0,5.364356995
1684.0,0.0,1328.0,17018.0957,212.5614929,27.0,3.352800131,0.0,1000.0,20.90399933,20.90399933,246.4121857,0.444937378,7.0,2.78937149
1685.0,0.0,1326.0,7920.283691,679.9381714,21.0,0.609600008,0.0,6000.0,11.85599995,11.85599995,248.5738373,0.298720777,7.0,-1.208868027
1686.0,0.0,1341.0,2901.437012,637.9580688,13.0,1.828799963,0.0,1000.0,13.30480003,13.30480003,254.2463989,0.631832182,7.0,-0.138653278
1687.0,0.0,1315.0,5686.51709,1044.352905,32.0,1.828799963,8.534399986,2000.0,19.19839859,9.663999557,234.9696655,0.16269891,3.0,-3.93097496
1688.0,0.0,1313.0,3163.973633,362.0122986,44.0,10.05840015,15.5447998,4000.0,27.84560013,13.91040039,343.3614807,1.405269265,3.0,5.332241058
1689.0,0.0,1283.0,10668.70117,351.7182007,31.0,1.828799963,0.0,8000.0,13.93120003,13.93120003,238.7726898,0.369867355,3.0,0.881895065
1690.0,0.0,1300.0,11862.39258,67.1632843,33.0,3.352800131,11.58240032,6000.0,14.10239983,0.520000458,238.5176849,0.618560672,3.0,-7.778932571
1691.0,0.0,1317.0,9404.952148,468.7678528,25.0,2.133599997,9.144000053,6000.0,13.72239971,5.578399658,228.3617706,0.235281885,7.0,-1.019489288
1692.0,0.0,1333.0,9717.554688,2114.797852,23.0,7.010400295,0.0,1000.0,19.03759956,19.03759956,274.7640991,1.660138369,7.0,3.128211975
1693.0,0.0,1302.0,7243.345215,1074.910278,58.0,10.97280025,25.29840088,2000.0,40.93119812,16.63280106,389.9156494,1.674390197,3.0,15.96419907
1694.0,0.0,1335.0,8158.620117,161.3060608,14.0,0.914399981,0.0,1000.0,13.69519997,13.69519997,211.6813354,0.277274072,7.0,-1.361949921
1695.0,0.0,1324.0,9735.911133,954.789917,14.0,2.133599997,0.0,4000.0,5.465600014,5.465600014,222.8538208,0.051819537,7.0,0.726402283
1696.0,0.0,1309.0,14305.81445,408.7651978,27.0,0.304800004,0.0,3000.0,12.06480026,13.06480026,316.9000549,0.627347529,7.0,-2.4764328
1697.0,0.0,1304.0,19356.84961,30.06325722,29.0,-1.828799963,0.0,6000.0,22.29439926,26.29439926,232.6416168,1.092476249,7.0,-4.72532177
1698.0,0.0,1308.0,8221.216797,149.9207153,23.0,1.828799963,12.19200039,6000.0,11.11279964,0.0,292.5897522,0.087381862,7.0,-3.653196335
1699.0,0.0,1299.0,11514.1084,497.2816772,59.0,6.096000195,14.32560062,4000.0,37.66400146,23.33839798,392.4902649,0.464489341,3.0,11.35672379
1700.0,0.0,1297.0,15148.64648,60.12683105,22.0,4.267199993,0.0,1000.0,14.07520008,16.07519913,232.9599915,0.107180469,7.0,1.631011963
1701.0,0.0,1281.0,5121.163574,468.8224487,33.0,3.657599926,0.0,1000.0,21.72240067,21.72240067,232.7378082,0.260790646,3.0,-2.269369125
1702.0,0.0,1300.0,7490.825195,1148.938599,49.0,2.133599997,20.72640038,8000.0,38.02719879,19.30080032,419.3675537,3.928466558,3.0,6.6990242
1703.0,0.0,1278.0,9508.100586,570.130249,40.0,1.524000049,0.0,6000.0,27.80799866,27.80799866,235.3930054,0.13612017,4.0,-0.3791008
1704.0,0.0,1342.0,3239.125,1045.23877,17.0,3.048000097,0.0,4000.0,16.39039993,16.39039993,255.5350952,0.701649427,7.0,-0.684590816
1705.0,0.0,1336.0,8822.123047,777.3719482,17.0,2.743200064,0.0,1000.0,13.64719963,11.64719963,240.6291199,0.170897767,7.0,0.56937027
1706.0,0.0,1300.0,17075.53711,123.4667206,19.0,-0.609600008,0.0,1000.0,9.551199913,9.551199913,255.7847595,0.510011315,7.0,-0.827945709
1707.0,0.0,1283.0,12182.89258,984.5437012,29.0,2.43840003,0.0,2000.0,10.10239983,13.10239983,269.7958984,2.065295219,3.0,2.855846405
1708.0,0.0,1296.0,4650.865723,2038.806396,44.0,3.048000097,21.33600044,2000.0,32.72240067,14.30080032,349.0556335,3.702942371,3.0,7.923343658
1709.0,0.0,1298.0,13803.79297,241.3740692,46.0,8.229599953,13.71600056,2000.0,27.40719986,15.30080032,234.1416779,0.86827594,3.0,0.661621094
1710.0,0.0,1309.0,9515.969727,418.4855957,29.0,1.219200015,11.88720036,2000.0,17.41759872,2.530399323,235.6988525,0.139072925,7.0,-2.5274086
1711.0,0.0,1285.0,13969.95215,1010.071411,36.0,2.43840003,0.0,2000.0,15.27359962,15.27359962,239.350296,1.633217216,3.0,5.734603882
1712.0,0.0,1286.0,1275.352051,269.4317322,25.0,0.0,0.0,2000.0,10.3696003,10.3696003,236.6945801,0.244340703,7.0,-2.137189865
1713.0,0.0,1279.0,11006.53613,849.4703369,31.0,3.96239996,0.0,1000.0,18.80799866,19.80799866,238.6685333,1.503541708,4.0,4.179857254
1714.0,0.0,1329.0,12557.67871,654.0658569,19.0,-0.304800004,0.0,4000.0,15.3423996,15.3423996,222.8307648,0.112457909,7.0,0.385817528
1715.0,0.0,1300.0,18727.63281,875.1495972,26.0,4.572000027,0.0,1000.0,13.50319958,13.80799961,260.4797974,1.003271699,7.0,0.905679703
1716.0,0.0,1326.0,1995.65332,240.506546,8.0,0.609600008,0.0,1000.0,12.26720047,13.26720047,239.4902649,0.174119398,7.0,-0.69383955
1717.0,0.0,1286.0,3351.903076,554.2252197,32.0,0.304800004,0.0,4000.0,23.16080093,25.16080093,241.464386,0.203623116,7.0,-2.418676376
1718.0,0.0,1299.0,14101.83496,108.0850754,38.0,3.048000097,0.0,6000.0,27.63679886,28.63679886,297.659729,0.149068728,7.0,0.482025146
1719.0,0.0,1279.0,8983.427734,1053.866943,36.0,1.828799963,0.0,4000.0,23.80799866,23.80799866,199.6758423,0.233697444,4.0,-0.225952148
1720.0,0.0,1325.0,13232.45215,523.2020264,23.0,0.914399981,0.0,6000.0,17.20879936,17.20879936,273.5794983,0.12124902,7.0,-0.543581963
1721.0,0.0,1308.0,19719.68945,120.2524567,21.0,1.524000049,0.0,2000.0,10.33199978,11.33199978,211.6364288,0.086323664,7.0,2.46855545
1722.0,0.0,1326.0,14430.00586,437.5734558,17.0,0.304800004,0.0,6000.0,12.73279953,14.73279953,231.8237152,0.542653978,7.0,0.218121529
1723.0,0.0,1284.0,3278.126953,190.0498199,29.0,1.524000049,0.0,1000.0,14.3696003,14.06480026,230.2166138,0.230655625,7.0,-2.635187149
1724.0,0.0,1308.0,13852.39648,295.0640259,29.0,0.0,0.0,4000.0,14.97919941,13.97919941,316.9000549,0.252597183,7.0,-2.237840652
1725.0,0.0,1319.0,6586.588379,108.0746918,8.0,-0.609600008,0.0,1000.0,17.44879913,18.44879913,319.9356384,0.720900059,7.0,-1.291542053
1726.0,0.0,1322.0,4069.080078,276.0535583,19.0,3.048000097,0.0,6000.0,11.98959923,11.98959923,230.693634,0.430712849,7.0,0.117511749
1727.0,0.0,1334.0,8944.62207,1741.312744,21.0,5.791200161,0.0,1000.0,17.3423996,17.3423996,235.9608612,0.306071609,7.0,0.52466011
1728.0,0.0,1327.0,13533.37598,872.0964355,19.0,3.048000097,0.0,6000.0,13.20879936,13.20879936,230.8461456,0.10086149,7.0,-3.489019394
1729.0,0.0,1300.0,13985.16016,228.1332092,39.0,3.657599926,0.0,1000.0,28.33200073,27.33200073,285.0979919,0.839454591,7.0,7.108232498
1730.0,0.0,1337.0,9529.104492,153.2633972,21.0,1.219200015,0.0,1000.0,18.2567997,18.2567997,264.3726501,0.573782325,7.0,0.149728775
1731.0,0.0,1291.0,14169.39941,268.0052795,38.0,4.267199993,0.0,2000.0,11.48239899,11.17759895,509.8945007,0.411927313,3.0,-6.636232376
1732.0,0.0,1295.0,3745.89502,1721.540649,30.0,3.048000097,16.76399994,1000.0,19.9416008,2.177598953,258.790741,0.408172518,3.0,-4.287733078
1733.0,0.0,1315.0,1317.60498,511.0867615,36.0,8.83920002,10.05840015,2000.0,18.93120003,6.87279892,298.3432312,0.700233996,3.0,-3.087245941
1734.0,0.0,1298.0,9956.503906,341.8571472,39.0,3.657599926,0.0,2000.0,24.67440033,26.67440033,239.2280884,0.129466474,7.0,2.336545944
1735.0,0.0,1323.0,13005.63867,838.2510986,29.0,1.219200015,0.0,4000.0,22.90399933,22.90399933,245.6168365,0.255579263,7.0,0.341293335
1736.0,0.0,1287.0,3350.104492,390.5884399,36.0,0.304800004,10.97280025,2000.0,26.55120087,12.57839966,311.4769592,3.102311611,3.0,-2.977033615
1737.0,0.0,1298.0,13925.3291,59.87419891,41.0,5.181600094,0.0,5000.0,29.1128006,28.1128006,250.9607849,0.296376765,7.0,3.17121315
1738.0,0.0,1312.0,19789.47656,108.2593536,22.0,2.43840003,0.0,1000.0,11.33199978,11.33199978,228.5632019,0.485920638,7.0,3.520990372
1739.0,0.0,1320.0,4402.352539,29.93680763,14.0,2.43840003,0.0,1000.0,16.43840027,16.43840027,223.2191467,0.13731873,7.0,1.193730831
1740.0,0.0,1330.0,9188.90918,843.8894043,15.0,-0.304800004,0.0,4000.0,8.599199295,8.599199295,226.8641052,0.098485403,7.0,-0.157874107
1741.0,0.0,1298.0,16559.80273,268.6567383,16.0,-1.524000049,0.0,8000.0,7.770400047,7.770400047,230.4874725,0.335667282,7.0,-1.30525589
1742.0,0.0,1322.0,4331.610352,66.99486542,19.0,2.133599997,0.0,1000.0,12.5991993,10.5991993,210.6957703,0.249030516,7.0,1.037175179
1743.0,0.0,1306.0,7858.852539,323.6118469,28.0,0.0,11.27760029,6000.0,14.89359951,1.615999222,270.0829468,0.24879384,3.0,-7.964607239
1744.0,0.0,1324.0,8156.479492,282.7715149,17.0,1.524000049,0.0,2000.0,7.551199913,9.551199913,233.5100555,0.488106698,7.0,0.244476318
1745.0,0.0,1279.0,12261.16992,742.9036255,36.0,2.133599997,0.0,4000.0,17.10239983,17.10239983,210.852951,0.046943326,3.0,-0.204488754
1746.0,0.0,1302.0,9798.032227,276.4831543,33.0,2.43840003,12.49680042,1000.0,18.06480026,2.567998886,235.2378235,0.467618912,3.0,-4.848155975
1747.0,0.0,1296.0,4114.501953,1435.7146,35.0,2.743200064,15.84959984,2000.0,27.68479919,11.83519936,230.0366516,4.21944046,3.0,-9.036603928
1748.0,0.0,1332.0,10902.08203,1853.447388,29.0,8.534399986,0.0,1000.0,24.4279995,25.4279995,238.4751434,0.562859237,7.0,6.302182198
1749.0,0.0,1339.0,3083.819336,965.5117188,19.0,3.96239996,0.0,1000.0,19.60960007,18.60960007,269.2639465,0.387595087,7.0,3.191024303
1750.0,0.0,1308.0,13769.24805,108.0740585,27.0,2.743200064,0.0,6000.0,23.3423996,22.3423996,239.047821,0.239117041,7.0,-0.779924393
1751.0,0.0,1279.0,7710.887695,3338.81665,30.0,0.609600008,0.0,6000.0,18.1128006,18.1128006,264.7737122,0.129048452,3.0,-1.478944778
1752.0,0.0,1336.0,11594.125,806.142334,16.0,1.524000049,0.0,1000.0,14.47599983,14.47599983,220.9190063,0.322582573,7.0,1.513209343
1753.0,0.0,1283.0,8672.736328,430.1413574,33.0,2.133599997,0.0,1000.0,15.93120003,16.93120003,256.163147,0.609545887,3.0,-4.99606514
1754.0,0.0,1340.0,7118.673828,1424.027954,17.0,1.828799963,0.0,1000.0,14.56159973,14.56159973,241.829071,0.56034112,7.0,1.388033867
1755.0,0.0,1334.0,5655.107422,59.87410736,2.0,-2.43840003,0.0,6000.0,8.400800705,8.400800705,267.3699036,0.196648851,4.0,-3.685834408
1756.0,0.0,1327.0,13328.9541,1028.905762,22.0,3.352800131,0.0,4000.0,16.5135994,16.20879936,305.3904114,0.38674137,7.0,-1.389230728
1757.0,0.0,1287.0,5122.011719,90.1900177,28.0,3.96239996,0.0,1000.0,16.1128006,16.1128006,237.0318451,0.09140943,7.0,-0.905673981
1758.0,0.0,1285.0,4500.769043,218.7824707,20.0,0.0,10.36320019,2000.0,15.73279953,6.674399376,330.5392761,1.258775711,3.0,-3.953821182
1759.0,0.0,1302.0,10058.83008,751.5669556,52.0,2.743200064,17.98320007,2000.0,33.40719986,16.11919785,295.0408325,2.489933491,3.0,2.16696167
1760.0,0.0,1317.0,5118.094727,1321.929443,28.0,3.352800131,9.144000053,2000.0,14.89359951,5.749599457,236.5322266,0.018506756,3.0,-3.069412231
1761.0,0.0,1298.0,5307.000488,940.3676758,56.0,1.524000049,15.84959984,2000.0,46.55120087,27.70159912,628.8498535,4.534034729,3.0,12.87406158
1762.0,0.0,1310.0,12353.29883,932.4398804,33.0,-0.304800004,11.27760029,4000.0,22.02719879,9.749599457,267.0456238,0.731030703,7.0,-1.71736145
1763.0,0.0,1317.0,2753.772705,1265.34314,28.0,6.096000195,7.924799919,2000.0,13.67439938,4.749599457,282.8206787,0.136166021,3.0,-5.59724617
1764.0,0.0,1281.0,14280.58203,324.2200317,38.0,0.0,0.0,2000.0,18.18799973,19.18799973,307.7405701,0.095050931,3.0,-4.472505569
1765.0,0.0,1296.0,14330.50977,29.9368248,27.0,5.486400127,0.0,5000.0,19.98959923,19.98959923,236.0201721,0.955860317,7.0,2.110990524
1766.0,0.0,1322.0,12807.49512,89.81244659,24.0,1.828799963,0.0,6000.0,14.55119991,15.55119991,227.6623535,0.189184964,7.0,0.428167343
1767.0,0.0,1300.0,9269.05957,1307.157104,75.0,5.486400127,21.64080048,1000.0,57.93119812,36.29039764,440.7473755,2.368069649,3.0,23.56110764
1768.0,0.0,1282.0,11183.0498,332.0498047,42.0,0.609600008,0.0,6000.0,23.40719986,23.40719986,248.5081787,0.078643762,3.0,-3.918104172
1769.0,0.0,1336.0,6925.268066,551.5195923,17.0,1.219200015,0.0,6000.0,20.04800034,20.04800034,297.5012207,0.272856623,7.0,-1.410158157
1770.0,0.0,1302.0,15106.1582,67.00096893,43.0,8.83920002,0.0,1000.0,29.58879852,29.58879852,327.9110107,0.721374273,7.0,6.704692841
1771.0,0.0,1309.0,19678.01563,484.2306213,23.0,3.048000097,0.0,2000.0,12.33199978,12.33199978,233.4871216,0.21831505,7.0,0.141529083
1772.0,0.0,1295.0,5730.132324,509.3894958,53.0,2.43840003,12.19200039,1000.0,46.90399933,31.71199989,381.4323425,2.566083431,3.0,15.24545288
1773.0,0.0,1307.0,6512.9375,127.2722473,55.0,15.23999977,21.94560051,4000.0,37.93119812,15.98559952,496.875824,3.724363089,3.0,3.965675354
1774.0,0.0,1326.0,13026.09766,161.8063965,27.0,0.914399981,0.0,6000.0,20.90399933,20.90399933,238.2614594,0.156658769,7.0,-0.627074242
1775.0,0.0,1302.0,13618.03906,513.4324951,36.0,0.304800004,0.0,6000.0,23.80799866,23.80799866,274.3677979,0.221100256,7.0,-3.205230713
1776.0,0.0,1324.0,6182.120605,1972.962646,30.0,6.096000195,8.534399986,4000.0,19.33200073,9.797599792,220.1558533,0.12667346,3.0,-1.154779434
1777.0,0.0,1305.0,6951.772949,212.5541687,36.0,0.609600008,15.5447998,2000.0,21.06480026,4.520000458,254.2457886,0.515577793,3.0,-4.332719803
1778.0,0.0,1310.0,5185.489746,212.1448059,58.0,18.28800011,19.81200027,1000.0,40.62639999,20.81439972,312.801178,1.002937317,3.0,11.62181473
1779.0,0.0,1326.0,3775.268311,436.0386963,20.0,1.524000049,0.0,4000.0,16.03759956,14.03759956,277.6592712,0.28698495,7.0,0.79681778
1780.0,0.0,1325.0,2538.131104,153.2708893,10.0,0.304800004,0.0,1000.0,13.6576004,11.6576004,265.3986511,0.187279955,7.0,0.08382082
1781.0,0.0,1300.0,17910.87109,59.87389755,28.0,4.572000027,0.0,1000.0,22.81839943,24.81839943,230.373642,1.285988808,7.0,3.312538147
1782.0,0.0,1297.0,13319.27051,330.6719971,25.0,2.43840003,0.0,2000.0,14.63679981,13.63679981,250.0884857,0.119745955,7.0,0.267137527
1783.0,0.0,1328.0,6153.998535,1838.262695,19.0,2.133599997,0.0,4000.0,12.90399933,14.90399933,268.4248047,0.590516984,7.0,1.452823639
1784.0,0.0,1317.0,2135.881104,234.2078094,46.0,9.753600121,8.534399986,4000.0,29.84560013,24.31119919,325.4147339,0.534847796,3.0,-1.860424042
1785.0,0.0,1302.0,18007.50977,923.6106567,38.0,0.0,0.0,6000.0,23.3696003,23.3696003,248.1954193,0.156772569,7.0,-4.392189026
1786.0,0.0,1308.0,4782.270508,378.8584595,58.0,7.619999886,15.23999977,4000.0,39.71199799,23.47200012,338.6500854,3.813355684,3.0,0.204605103
1787.0,0.0,1295.0,10244.47461,334.7640686,38.0,1.524000049,13.41120052,2000.0,23.06480026,9.043998718,228.9739075,3.469918489,3.0,-4.213821411
1788.0,0.0,1313.0,12252.95801,518.8897095,28.0,2.43840003,6.705600262,2000.0,15.80799961,9.102399826,226.730011,0.149006173,7.0,0.500062943
1789.0,0.0,1286.0,8383.075195,300.6266174,33.0,0.304800004,7.315199852,8000.0,23.55120087,15.23600006,297.737793,1.709962249,3.0,-5.811983109
1790.0,0.0,1297.0,15273.84375,241.3774872,28.0,8.534399986,0.0,1000.0,21.29439926,23.29439926,240.0690308,0.117788397,7.0,6.995790482
1791.0,0.0,1294.0,9079.143555,90.19016266,29.0,4.572000027,0.0,3000.0,18.9416008,18.9416008,237.5261688,0.330460668,7.0,1.362195969
1792.0,0.0,1283.0,2418.999756,241.6269226,25.0,-0.609600008,0.0,6000.0,16.770401,21.770401,239.8383636,0.468610525,3.0,-4.990598679
1793.0,0.0,1296.0,14589.4707,30.06342125,25.0,4.572000027,0.0,1000.0,17.68479919,17.68479919,236.7782288,0.356996864,7.0,3.277217865
1794.0,0.0,1298.0,16021.94141,375.4881897,24.0,-1.524000049,0.0,1000.0,16.07519913,15.07520008,316.3323669,1.366267323,7.0,-1.0188694
1795.0,0.0,1336.0,8969.407227,618.232605,20.0,1.828799963,0.0,4000.0,16.64719963,16.64719963,240.6291199,0.053036239,7.0,0.912277222
1796.0,0.0,1285.0,11766.81152,470.1425781,40.0,1.219200015,0.0,6000.0,21.10239983,21.10239983,229.4356689,0.148043916,3.0,-4.859531403
1797.0,0.0,1287.0,2083.400635,641.7201538,30.0,0.0,0.0,2000.0,22.68479919,22.68479919,229.3314362,0.834319532,3.0,-5.471309662
1798.0,0.0,1309.0,5753.150391,770.137085,64.0,18.59280014,24.38400078,2000.0,46.01679993,18.63280106,460.1959534,1.538563251,3.0,17.19033813
1799.0,0.0,1326.0,12140.41895,619.590332,24.0,2.743200064,0.0,4000.0,19.12319946,19.12319946,290.602417,0.227110386,7.0,1.520978928
1800.0,0.0,1290.0,8561.876953,0.0,29.0,5.181600094,0.0,6000.0,18.02719879,18.02719879,237.2032471,0.079806931,7.0,1.349025726
1801.0,0.0,1284.0,6214.899414,2197.786865,33.0,-0.304800004,0.0,6000.0,21.72240067,21.72240067,291.006897,0.160629213,3.0,-1.488733292
1802.0,0.0,1287.0,3372.679443,678.7830811,36.0,5.486400127,0.0,2000.0,23.19839859,23.19839859,296.9704285,0.24633202,7.0,2.446264267
1803.0,0.0,1301.0,20401.70898,108.2598724,23.0,0.304800004,0.0,1000.0,12.94159985,13.94159985,239.5635834,0.37061736,7.0,-1.645057678
1804.0,0.0,1327.0,11456.62793,955.2071533,22.0,0.914399981,0.0,6000.0,15.29439926,15.29439926,222.6009521,0.475852668,7.0,-0.452806473
1805.0,0.0,1289.0,3362.487061,722.487793,38.0,3.352800131,0.0,1000.0,24.89360046,24.89360046,237.3821411,0.264597178,3.0,-1.91047287
1806.0,0.0,1297.0,11017.39355,295.0621033,28.0,4.87680006,0.0,3000.0,17.63679886,20.63679886,229.2165375,0.408879995,7.0,4.637231827
1807.0,0.0,1286.0,8281.308594,60.12521744,34.0,0.609600008,0.0,6000.0,21.19839859,24.19839859,278.6499329,0.136581302,3.0,-5.85518837
1808.0,0.0,1287.0,13029.57324,228.7931061,29.0,2.43840003,0.0,2000.0,7.663999557,12.66399956,354.600647,1.547271729,3.0,-1.376689911
1809.0,0.0,1309.0,14068.31836,426.5357361,24.0,1.219200015,0.0,6000.0,10.58879948,11.58879948,232.3668823,0.240943953,7.0,0.308944702
1810.0,0.0,1324.0,12894.53125,548.5296021,19.0,0.0,0.0,2000.0,12.5991993,9.684800148,239.7241364,0.110191539,7.0,-0.924732208
1811.0,0.0,1324.0,13561.84473,308.5428162,19.0,2.133599997,0.0,2000.0,14.12319946,14.12319946,278.849823,0.163981363,7.0,0.782377243
1812.0,0.0,1330.0,6154.583496,637.6625366,23.0,-0.304800004,0.0,6000.0,13.55119991,13.55119991,255.4069366,0.097588658,7.0,-1.565386772
1813.0,0.0,1286.0,3987.509521,426.2328796,33.0,0.609600008,0.0,2000.0,24.16080093,24.16080093,237.5592346,0.68899262,7.0,0.926170349
1814.0,0.0,1318.0,18741.66992,59.8743515,24.0,2.43840003,0.0,2000.0,14.85599995,14.85599995,218.6025391,0.420372874,7.0,2.51735878
1815.0,0.0,1297.0,12741.79199,482.747345,36.0,10.05840015,14.6303997,2000.0,20.15040016,6.215200424,233.5921326,1.052333117,7.0,0.838939667
1816.0,0.0,1274.0,16143.47168,534.3671265,34.0,0.0,0.0,4000.0,12.66399956,12.66399956,241.9017334,0.239635095,4.0,-1.718650818
1817.0,0.0,1339.0,8259.035156,29.93730545,16.0,0.304800004,0.0,1000.0,19.04800034,17.04800034,264.2495117,0.203171492,7.0,-0.738265991
1818.0,0.0,1305.0,10549.25,134.3267975,38.0,1.219200015,0.0,2000.0,26.41759872,25.41759872,267.4794312,1.17259264,3.0,5.58057785
1819.0,0.0,1308.0,18609.53711,550.7436523,32.0,-0.914399981,0.0,6000.0,18.89360046,20.89360046,300.8241272,0.130820841,7.0,-4.926677704
1820.0,0.0,1293.0,2722.25293,376.3092957,27.0,-4.267199993,0.0,6000.0,8.102399826,8.102399826,265.0621033,0.473576933,4.0,-4.69201088
1821.0,0.0,1335.0,10215.74512,149.9059143,21.0,0.609600008,0.0,6000.0,16.73279953,16.73279953,236.9501343,0.130254552,7.0,-1.023190498
1822.0,0.0,1329.0,12835.9541,769.8803101,20.0,0.609600008,0.0,4000.0,16.3423996,17.03759956,222.8307648,0.32306841,7.0,0.97642231
1823.0,0.0,1280.0,12236.73828,234.2348938,34.0,2.43840003,0.0,3000.0,15.10239983,15.10239983,210.852951,0.104492448,3.0,0.011228561
1824.0,0.0,1316.0,17938.87305,150.0809479,26.0,2.43840003,0.0,1000.0,13.80799961,13.80799961,217.4099884,0.367647678,7.0,3.327337265
1825.0,0.0,1291.0,9873.232422,491.7445679,32.0,4.87680006,0.0,1000.0,21.33200073,20.33200073,228.7861938,0.575541019,7.0,0.939775467
1826.0,0.0,1327.0,8880.169922,393.8147888,27.0,5.181600094,10.05840015,4000.0,18.770401,8.711999893,223.5497742,0.604251683,3.0,-1.724214554
1827.0,0.0,1285.0,3383.449707,875.8040771,37.0,0.0,0.0,4000.0,28.16080093,28.16080093,252.3137817,0.828603983,3.0,-1.93536377
1828.0,0.0,1282.0,4986.00293,756.9121094,21.0,-1.219200015,0.0,4000.0,10.33199978,13.33199978,238.1139221,0.176009178,3.0,-2.127649307
1829.0,0.0,1336.0,2764.699951,430.0983887,14.0,4.267199993,0.0,1000.0,12.78079987,12.78079987,283.1739502,0.474730492,7.0,2.439352036
1830.0,0.0,1324.0,4139.731445,2093.313232,30.0,7.619999886,9.448800087,2000.0,17.50320053,8.05439949,218.2549744,0.240018502,3.0,-3.586490631
1831.0,0.0,1299.0,18637.58984,954.715271,30.0,-1.828799963,0.0,6000.0,22.68479919,22.68479919,263.4459534,0.038742796,7.0,-5.025670052
1832.0,0.0,1321.0,16658.37695,95.0307312,24.0,1.524000049,0.0,4000.0,16.07519913,16.07519913,219.3165894,0.095047697,7.0,-0.1198349
1833.0,0.0,1327.0,12613.7334,596.7388306,18.0,0.609600008,0.0,2000.0,13.73279953,13.73279953,262.67453,0.147875264,7.0,-0.517115593
1834.0,0.0,1299.0,18084.11133,685.368042,33.0,-1.524000049,0.0,6000.0,25.68479919,25.68479919,314.4051208,0.071490176,7.0,-4.899209023
1835.0,0.0,1320.0,4850.909668,30.0634346,9.0,1.524000049,0.0,5000.0,4.427999973,6.427999973,231.7849121,0.495997697,7.0,1.332315445
1836.0,0.0,1339.0,992.5159302,330.687561,3.0,-1.828799963,0.0,6000.0,3.304800034,2.304800034,282.9754028,0.058063004,4.0,-5.066682339
1837.0,0.0,1286.0,1382.374268,127.2717743,31.0,0.609600008,0.0,4000.0,23.68479919,23.68479919,229.3314362,0.449302346,3.0,-4.201885223
1838.0,0.0,1324.0,13662.93066,883.8602295,22.0,0.914399981,0.0,2000.0,15.5991993,15.5991993,273.5794983,0.072380252,7.0,-0.240041733
1839.0,0.0,1307.0,19931.97461,300.8797913,29.0,0.0,0.0,6000.0,18.02719879,18.02719879,268.2764893,0.0154364,7.0,-4.399551392
1840.0,0.0,1336.0,11029.96289,296.9715881,26.0,1.219200015,0.0,6000.0,22.03759956,22.03759956,235.5085449,0.029566299,7.0,-1.259825706
1841.0,0.0,1296.0,14191.69141,42.42882538,26.0,4.572000027,0.0,1000.0,18.68479919,18.68479919,236.7782288,0.186071932,7.0,2.840990067
1842.0,0.0,1280.0,12565.6123,693.8116455,31.0,2.133599997,0.0,4000.0,11.79759979,12.79759979,210.852951,0.106740549,3.0,-0.049224854
1843.0,0.0,1294.0,8163.162598,180.3747711,28.0,3.048000097,14.6303997,2000.0,13.67439938,0.0,282.7222595,0.478968322,3.0,-10.72660446
1844.0,0.0,1335.0,8668.523438,29.93740463,10.0,0.304800004,0.0,1000.0,12.13360023,12.13360023,251.3142853,0.103972718,7.0,-2.024124622
1845.0,0.0,1295.0,7732.099121,324.7810364,36.0,3.657599926,0.0,4000.0,23.80799866,23.80799866,232.8488159,0.440416902,7.0,-2.38958168
1846.0,0.0,1287.0,7292.444824,299.8083191,26.0,0.914399981,10.97280025,1000.0,24.1711998,13.19839954,315.5827026,0.07532756,3.0,-9.440299988
1847.0,0.0,1291.0,9236.625,283.2964172,29.0,4.572000027,0.0,3000.0,17.41759872,17.41759872,228.7861938,0.026872447,7.0,0.969751358
1848.0,0.0,1286.0,2256.766113,120.2492828,33.0,-0.609600008,0.0,6000.0,25.07519913,24.07519913,238.4859467,0.256500155,3.0,-3.979372025
1849.0,0.0,1296.0,9568.233398,190.0502014,35.0,3.96239996,0.0,2000.0,24.02719879,22.02719879,228.7861938,0.164700612,7.0,-0.194242477
1850.0,0.0,1310.0,7575.343262,2920.599609,44.0,10.66800022,0.0,1000.0,26.93120003,25.93120003,312.378479,2.614887714,4.0,1.540964127
1851.0,0.0,1353.0,3980.516602,1569.852905,25.0,0.0,0.0,6000.0,35.36320114,37.36320114,227.4178925,0.006026495,4.0,-1.365834236
1852.0,0.0,1329.0,2092.922363,375.4680481,37.0,14.6303997,0.0,4000.0,18.71199989,18.71199989,631.8383789,0.308625549,4.0,-3.16661644
1853.0,0.0,1336.0,4555.78418,1091.756958,17.0,4.87680006,0.0,4000.0,13.03759956,13.03759956,220.7017975,2.029816151,7.0,-2.74615097
1854.0,0.0,1350.0,2057.977539,1623.696411,11.0,0.304800004,0.0,4000.0,17.09600067,16.09600067,329.38974,0.24863334,4.0,-3.252678871
1855.0,0.0,1342.0,3553.539063,1921.901245,41.0,11.27760029,8.83920002,1000.0,29.1128006,20.27359962,455.4801636,0.839387655,4.0,3.764719009
1856.0,0.0,1341.0,3743.438477,742.71875,36.0,16.76399994,0.0,4000.0,22.89360046,23.89360046,407.3225708,1.134413242,4.0,3.139579773
1857.0,0.0,1331.0,4202.605469,799.4544678,56.0,16.15439987,6.400800228,4000.0,33.13999939,26.73920059,348.6244812,0.086927384,3.0,-2.91888237
1858.0,0.0,1332.0,2342.349609,149.6979065,22.0,8.83920002,0.0,2000.0,2.187999725,1.187999725,357.8823242,1.312718987,4.0,-7.996084213
1859.0,0.0,1331.0,1814.52771,701.1691895,56.0,9.144000053,0.0,4000.0,38.62639999,33.62639999,317.2833252,1.601648092,4.0,7.292098999
1860.0,0.0,1342.0,5539.55127,1156.004272,34.0,9.753600121,0.0,1000.0,12.66399956,12.66399956,334.0578308,0.903733432,7.0,5.899957657
1861.0,0.0,1331.0,10125.55664,1819.541748,22.0,8.83920002,0.0,1000.0,16.5135994,18.5135994,260.6384583,0.283132702,7.0,2.728643417
1862.0,0.0,1337.0,5387.327637,2298.731689,34.0,9.753600121,0.0,1000.0,21.80799866,21.80799866,326.5972595,0.833647311,7.0,-0.699222565
1863.0,0.0,1307.0,7274.154297,561.4592285,62.0,6.400800228,24.68880081,1000.0,45.540802,19.85200119,554.1856079,2.930384636,3.0,8.630626678
1864.0,0.0,1325.0,1428.3479,403.5454407,30.0,9.448800087,0.0,2000.0,11.40719986,14.40719986,358.5592346,2.077812672,4.0,-0.306547165
1865.0,0.0,1339.0,3650.567627,241.607132,19.0,2.43840003,0.0,1000.0,18.69519997,15.69519997,231.9938965,0.448595554,7.0,-3.191161633
1866.0,0.0,1328.0,495.6478271,268.6674194,45.0,9.144000053,0.0,4000.0,27.32159996,27.32159996,281.9907532,2.371359825,4.0,-3.607303619
1867.0,0.0,1320.0,1235.124878,2888.488037,45.0,3.352800131,0.0,4000.0,29.4552002,29.4552002,377.6092224,0.808292866,4.0,6.509277344
1868.0,0.0,1314.0,2419.128418,2865.051025,29.0,4.572000027,0.0,1000.0,10.71199989,5.711999893,330.124054,1.39592576,4.0,-1.011501312
1869.0,0.0,1355.0,4868.877441,29.93916512,3.0,-2.133599997,0.0,5000.0,13.97280025,13.97280025,336.9589233,0.109867901,4.0,-2.134691238
1870.0,0.0,1304.0,7132.775391,1937.052246,28.0,0.609600008,0.0,4000.0,16.72240067,16.72240067,263.2529602,1.53344965,7.0,-5.557262421
1872.0,0.0,1328.0,3326.721191,781.661499,44.0,12.49680042,3.96239996,1000.0,23.27359962,19.92079926,456.0515137,0.996236622,3.0,2.427398682
1873.0,0.0,1325.0,2629.998291,442.4240723,24.0,10.66800022,0.0,8000.0,15.16079998,16.16080093,358.2705994,0.130109102,3.0,-5.256103516
1874.0,0.0,1342.0,3187.036133,108.0781021,39.0,10.97280025,0.0,4000.0,19.79759979,18.57839966,462.9517517,1.466470361,7.0,-1.576814651
1875.0,0.0,1324.0,8009.496094,234.3822479,71.0,17.67840004,0.609600008,4000.0,46.31119919,47.31119919,562.5910034,3.636749506,3.0,20.43473816
1876.0,0.0,1321.0,1816.420654,576.4185791,67.0,10.36320019,0.609600008,2000.0,46.57839966,45.96879959,429.3248596,2.461303711,3.0,26.68040466
1877.0,0.0,1336.0,2405.17041,381.8210449,14.0,5.791200161,0.0,1000.0,13.0855999,13.0855999,283.1739502,0.909307718,7.0,1.239302635
1878.0,0.0,1284.0,10244.58691,3243.818604,34.0,1.524000049,0.0,7000.0,19.97919846,21.97919846,237.6868286,0.223824263,4.0,-0.986698151
1879.0,0.0,1339.0,4661.828613,1740.261719,33.0,11.88720036,0.0,8000.0,6.78719902,6.78719902,289.7206421,2.164331675,7.0,5.415643692
1880.0,0.0,1346.0,742.8206177,189.4206848,6.0,-2.43840003,0.0,6000.0,7.828800201,7.828800201,297.0545654,0.140313685,4.0,-3.888607502
1881.0,0.0,1346.0,6931.441406,3280.880859,37.0,11.58240032,0.0,1000.0,20.84560013,19.84560013,319.922821,0.542305052,7.0,14.07100582
1882.0,0.0,1352.0,817.9683838,1116.419189,26.0,0.0,0.0,6000.0,33.31520081,34.31520081,326.2629089,0.02383106,4.0,-3.72682786
1883.0,0.0,1322.0,8107.36084,29.93858528,24.0,11.27760029,0.0,6000.0,0.0,0.615999222,393.8403015,0.432920486,4.0,-13.41826439
1884.0,0.0,1354.0,391.4703979,179.6385956,18.0,-1.828799963,0.0,6000.0,22.5720005,24.5720005,281.054718,0.049136333,4.0,-3.265678167
1885.0,0.0,1314.0,5335.950195,1999.724365,55.0,3.96239996,0.0,1000.0,35.49279785,38.49279785,317.7275391,2.959353685,4.0,16.8499794
1886.0,0.0,1342.0,542.2492065,853.145813,51.0,13.41120052,0.0,4000.0,31.79759979,31.79759979,236.0689087,1.19469595,4.0,6.348459244
1887.0,0.0,1317.0,7097.524902,1249.432373,32.0,2.743200064,0.0,1000.0,16.4552002,16.4552002,297.0076904,0.228629559,7.0,1.868307114
1888.0,0.0,1343.0,6909.924316,2150.131836,29.0,10.66800022,0.0,2000.0,13.15040016,13.15040016,342.063446,0.380818337,7.0,-0.933673859
1889.0,0.0,1347.0,5898.022949,1349.834106,40.0,21.03120041,0.0,1000.0,24.4552002,24.4552002,272.0221863,0.954235315,4.0,7.171823502
1890.0,0.0,1325.0,1956.592651,296.9696045,30.0,10.36320019,0.0,2000.0,9.578399658,11.57839966,236.0636139,1.086806655,4.0,-10.0013485
1891.0,0.0,1338.0,3075.507324,457.6004944,34.0,14.02080059,0.0,1000.0,12.66399956,12.66399956,337.5325623,2.192590475,4.0,3.740652084
1892.0,0.0,1309.0,6936.015137,3829.380371,40.0,9.144000053,0.0,8000.0,25.06480026,31.06480026,319.9000854,1.117249727,7.0,20.58392906
1893.0,0.0,1342.0,2824.525635,845.7752075,51.0,12.80160046,0.0,1000.0,32.40719986,35.40719986,249.7655334,2.488651514,4.0,15.53242493
1894.0,0.0,1342.0,7469.110352,2798.154297,32.0,9.144000053,0.0,4000.0,17.06480026,17.06480026,299.9576721,0.180150971,7.0,-2.13740921
1895.0,0.0,1349.0,5212.709473,1089.730591,39.0,14.02080059,0.0,2000.0,19.79759979,19.79759979,253.9841766,0.896197081,4.0,10.74897575
1897.0,0.0,1332.0,1428.500488,1108.161987,80.0,10.05840015,0.0,1000.0,61.71199799,59.71199799,326.7598877,1.644403934,4.0,45.26374435
1898.0,0.0,1336.0,2706.26123,511.0817261,14.0,5.181600094,0.0,1000.0,12.78079987,15.78079987,283.1739502,0.795780122,7.0,2.855649948
1899.0,0.0,1344.0,5778.475586,2230.009277,56.0,14.02080059,0.0,1000.0,38.62639999,38.62639999,464.5131226,3.042044401,4.0,12.3078022
1900.0,0.0,1304.0,10616.23047,1479.307373,24.0,3.96239996,0.0,2000.0,9.979199409,9.979199409,379.0010986,1.521251202,3.0,-1.281549454
1902.0,0.0,1346.0,6311.066895,2166.905273,35.0,12.49680042,0.0,1000.0,17.93120003,17.93120003,416.7452087,2.216183662,4.0,8.332710266
1903.0,0.0,1321.0,1447.959717,108.0862885,67.0,10.05840015,1.524000049,2000.0,46.8832016,47.35919952,429.3248596,2.445449114,3.0,23.13219452
1904.0,0.0,1339.0,3788.147949,1074.784912,12.0,2.133599997,0.0,8000.0,8.951999664,7.951999664,271.5491333,0.511457682,7.0,-6.263304234
1905.0,0.0,1343.0,3812.965332,1919.893433,10.0,0.304800004,0.0,4000.0,17.92480087,17.01040077,277.801239,0.203371838,4.0,-2.319208622
1906.0,0.0,1334.0,1172.737793,2338.836914,37.0,7.924799919,0.0,4000.0,17.18799973,18.18799973,351.1989746,2.701654673,4.0,-0.325386047
1907.0,0.0,1341.0,2348.910889,886.7424316,13.0,0.304800004,0.0,6000.0,15.7432003,15.7432003,234.8482513,0.261044383,4.0,-3.444104671
1908.0,0.0,1296.0,10880.31348,134.3361206,28.0,0.0,0.0,1000.0,13.67439938,13.67439938,235.9627838,0.800048769,7.0,-7.572158813
1909.0,0.0,1313.0,3439.26123,4126.4375,43.0,3.657599926,0.0,4000.0,26.23600006,26.23600006,278.2729492,1.31237185,4.0,-0.41137886
1910.0,0.0,1277.0,11838.3877,901.8597412,42.0,1.828799963,0.0,4000.0,29.50320053,29.50320053,220.4593506,0.081599586,4.0,1.2311306
1911.0,0.0,1331.0,3584.163086,817.4451294,54.0,14.02080059,0.0,4000.0,35.71199799,34.71199799,401.246521,2.329285622,3.0,8.6652565
1912.0,0.0,1345.0,6165.45166,211.7199097,26.0,8.229599953,0.0,4000.0,13.50319958,12.50319958,252.5210571,0.40727374,7.0,-2.797252655
1913.0,0.0,1340.0,3389.689209,658.0041504,43.0,7.924799919,0.0,1000.0,22.57839966,24.88319969,335.7701111,3.416583538,4.0,14.39705086
1914.0,0.0,1326.0,1173.786499,361.97052,33.0,10.66800022,0.0,4000.0,14.40719986,7.40719986,328.5140076,0.984046102,4.0,-9.504364014
1915.0,0.0,1331.0,1988.162842,276.5144348,36.0,10.97280025,0.0,4000.0,23.80799866,23.80799866,253.3100128,0.972356558,3.0,-8.658660889
1916.0,0.0,1328.0,451.9246521,258.2557678,37.0,11.88720036,0.0,8000.0,19.32159996,19.32159996,270.0866699,0.363981009,3.0,-7.653476715
1917.0,0.0,1340.0,7824.762695,1060.611816,21.0,7.924799919,0.0,1000.0,13.98959923,13.98959923,264.8453064,1.082884669,7.0,-2.251615524
1918.0,0.0,1352.0,3739.751953,1023.814392,40.0,12.19200039,0.0,1000.0,13.17759895,13.17759895,336.9825439,0.822949886,4.0,13.11352921
1919.0,0.0,1349.0,3692.44751,1442.887207,25.0,0.0,0.0,6000.0,35.97280121,35.27759933,227.1337433,0.021621805,4.0,-1.831392646
1920.0,0.0,1342.0,4198.362305,722.09729,22.0,0.0,0.0,6000.0,26.5720005,24.5720005,231.9942322,0.197707176,7.0,-4.076227665
1921.0,0.0,1321.0,987.7474365,721.4683838,23.0,5.486400127,0.0,2000.0,5.016799927,7.016799927,408.847168,1.156022072,4.0,-6.9572258
1922.0,0.0,1335.0,3595.638184,457.609314,48.0,17.98320007,0.0,4000.0,33.06480026,32.06480026,463.6768188,0.318802893,4.0,6.166801453
1923.0,0.0,1339.0,4131.958984,318.8037109,17.0,2.133599997,0.0,1000.0,17.0,17.0,231.9938965,0.170133844,7.0,-2.547242641
1924.0,0.0,1348.0,6198.085449,1537.51709,35.0,18.89760017,0.0,1000.0,18.23600006,17.23600006,303.3988647,1.145350337,3.0,16.17538834
1925.0,0.0,1337.0,4844.498047,884.9421387,41.0,10.66800022,0.0,1000.0,22.10239983,20.10239983,285.6894226,0.529469728,4.0,1.509222031
1926.0,0.0,1332.0,9791.838867,2428.884766,28.0,8.229599953,0.0,1000.0,22.5135994,23.5135994,277.5012512,0.287211001,7.0,0.373739243
1927.0,0.0,1325.0,2843.366455,816.5571899,41.0,8.229599953,0.0,4000.0,21.79759979,21.79759979,346.5042725,0.684049904,4.0,0.725017548
1928.0,0.0,1293.0,11032.61621,119.7547913,23.0,0.0,0.0,4000.0,8.674399376,8.674399376,222.4406281,0.920410097,7.0,-3.422704697
1929.0,0.0,1349.0,3910.685303,1789.377808,13.0,2.133599997,0.0,4000.0,13.9144001,13.9144001,307.9926147,0.373167366,4.0,-0.893614769
1930.0,0.0,1287.0,11557.14453,763.6304932,27.0,1.524000049,0.0,4000.0,10.54080009,10.54080009,278.0552979,0.190022513,4.0,-0.218200684
1931.0,0.0,1345.0,2927.777832,582.9004517,16.0,0.914399981,0.0,3000.0,15.0855999,16.0855999,310.2044983,0.064719886,4.0,-2.706930637
1932.0,0.0,1314.0,6436.027344,269.4440002,61.0,10.97280025,0.0,2000.0,39.96879959,39.96879959,531.4314575,1.91193974,3.0,19.63116837
1933.0,0.0,1309.0,5922.828125,3972.810547,36.0,3.96239996,0.0,4000.0,20.15040016,17.15040016,262.388855,2.781432152,4.0,1.62122345
1934.0,0.0,1296.0,11348.07031,752.6733398,28.0,1.828799963,0.0,1000.0,11.23600006,11.23600006,235.6235657,0.619424403,4.0,-1.105325699
1935.0,0.0,1300.0,9384.058594,524.9035645,19.0,0.0,0.0,6000.0,6.198399544,5.198399544,235.1511383,0.239457116,7.0,-9.364567757
1936.0,0.0,1346.0,537.2979736,457.5276489,8.0,-1.219200015,0.0,6000.0,12.26720047,12.26720047,310.8534851,0.086778134,4.0,-3.253429413
1937.0,0.0,1326.0,5154.666504,150.3076019,43.0,12.80160046,0.0,6000.0,18.31119919,17.39679909,376.3665161,1.337816596,4.0,-5.56401825
1938.0,0.0,1321.0,992.6009521,67.00327301,19.0,6.400800228,0.0,6000.0,0.711999893,0.711999893,408.847168,0.159328386,4.0,-14.59795475
1939.0,0.0,1343.0,5635.001953,1776.948853,31.0,9.144000053,0.0,1000.0,9.968799591,8.968799591,339.2011719,1.156572104,7.0,6.795192719
1940.0,0.0,1286.0,7997.73291,678.7824707,31.0,1.219200015,0.0,6000.0,16.97919846,16.97919846,232.2086029,0.146793976,4.0,-1.568534851
1941.0,0.0,1332.0,2251.809082,179.6374969,24.0,8.83920002,0.0,2000.0,4.187999725,1.187999725,357.8823242,1.424633145,4.0,-7.996084213
1942.0,0.0,1340.0,5907.094238,1298.960205,26.0,13.10640049,0.0,6000.0,12.89359951,12.89359951,336.4151611,0.0857362,4.0,-5.230354309
1943.0,0.0,1344.0,2074.880127,1297.98645,51.0,12.80160046,0.0,4000.0,31.18799973,31.18799973,461.4510803,1.154578328,4.0,11.93918419
1944.0,0.0,1331.0,4694.676758,1217.57605,18.0,6.096000195,0.0,1000.0,11.90399933,12.90399933,271.8753967,0.466445208,7.0,-3.206233025
1945.0,0.0,1345.0,1490.963867,532.5402832,10.0,-0.914399981,0.0,4000.0,9.695199966,8.695199966,318.346283,0.250122041,4.0,-3.509463787
1946.0,0.0,1357.0,1816.326782,200.9963074,6.0,-2.133599997,0.0,6000.0,13.61999989,14.61999989,354.8502808,0.045969851,4.0,-0.961273909
1947.0,0.0,1310.0,7137.023438,2808.711182,47.0,3.657599926,0.0,4000.0,32.97919846,33.97919846,302.2075195,1.826521873,7.0,15.42689133
1948.0,0.0,1349.0,4140.02832,1386.302734,12.0,0.304800004,0.0,4000.0,12.30480003,12.30480003,216.1294098,0.060911987,4.0,-6.168712139
1949.0,0.0,1344.0,3415.669434,1531.634277,11.0,-0.304800004,0.0,6000.0,10.69519997,10.69519997,239.1464386,0.136344984,7.0,-5.992175102
1950.0,0.0,1295.0,9062.689453,256.7079163,31.0,-0.609600008,0.0,1000.0,18.19839859,12.19839954,208.7731018,0.773117959,7.0,-5.901504517
1951.0,0.0,1339.0,1747.389038,562.9053955,56.0,10.66800022,0.0,4000.0,38.93119812,38.93119812,459.0648193,1.737509727,4.0,11.10686111
1952.0,0.0,1326.0,6044.186523,1475.758545,59.0,20.11680031,0.304800004,4000.0,35.2256012,32.83519745,378.8361206,5.067207813,3.0,7.550636292
1953.0,0.0,1303.0,7129.099121,2133.549072,40.0,0.609600008,0.0,4000.0,28.1128006,28.1128006,263.2529602,0.745312154,7.0,0.897928238
1954.0,0.0,1313.0,3482.360596,2711.626953,35.0,3.657599926,0.0,2000.0,23.1128006,23.1128006,293.461792,1.650883436,7.0,1.927427292
1955.0,0.0,1347.0,6169.293945,2018.839722,26.0,7.924799919,0.0,1000.0,15.33199978,15.33199978,313.6260681,0.916804194,7.0,1.473953247
1956.0,0.0,1348.0,2824.59375,643.3656616,5.0,0.304800004,0.0,6000.0,6.524000168,8.524000168,236.8090668,0.066450462,4.0,-5.578372478
1957.0,0.0,1344.0,3946.539795,1568.544067,40.0,12.80160046,8.83920002,1000.0,27.80799866,18.96879959,408.1231689,0.858645558,4.0,7.3991642
1958.0,0.0,1341.0,4863.584473,749.0842285,18.0,2.133599997,0.0,4000.0,14.03759956,14.03759956,262.7994385,0.24707979,7.0,-6.977030754
1959.0,0.0,1293.0,9942.601563,802.0014648,29.0,1.524000049,0.0,1000.0,14.06480026,12.06480026,206.7268829,0.45890522,7.0,-4.435993195
1960.0,0.0,1348.0,4356.787598,2414.907471,22.0,0.304800004,0.0,6000.0,31.14400101,30.14400101,239.2835388,0.013861752,4.0,-2.261661291
1961.0,0.0,1301.0,10183.07617,1035.501831,55.0,3.657599926,0.0,4000.0,42.50320053,42.50320053,288.8889465,2.319247007,3.0,14.24946976
1962.0,0.0,1324.0,8465.804688,538.8924561,58.0,14.32560062,0.304800004,4000.0,33.31119919,32.00640106,551.7205811,1.939483881,3.0,0.746070862
1963.0,0.0,1321.0,557.6636353,510.6834717,26.0,4.267199993,0.0,2000.0,9.845600128,11.84560013,408.847168,1.212473869,4.0,-5.977231979
1964.0,0.0,1313.0,2574.897217,4022.456055,35.0,3.352800131,0.0,4000.0,21.58879852,20.58879852,253.4423065,3.028018713,4.0,1.978717804
1965.0,0.0,1277.0,12032.39063,1493.621704,38.0,1.828799963,0.0,4000.0,25.19839859,26.19839859,232.9122162,0.04917758,4.0,0.740032196
1966.0,0.0,1353.0,4072.937012,1547.094238,23.0,-1.219200015,0.0,6000.0,33.97280121,33.97280121,406.3502502,0.03793332,4.0,-1.094584584
1967.0,0.0,1341.0,6702.250488,2064.220459,24.0,10.66800022,0.0,4000.0,12.41759968,12.41759968,305.3633423,0.965001643,7.0,-1.953640938
1968.0,0.0,1299.0,10482.10449,470.1322632,20.0,0.609600008,0.0,2000.0,7.198399544,6.198399544,264.1870422,1.659440517,7.0,-4.934921265
1969.0,0.0,1285.0,8502.432617,1734.803101,36.0,1.219200015,0.0,6000.0,22.2840004,22.2840004,239.4875183,0.098216362,4.0,-0.679521561
1970.0,0.0,1343.0,2219.678711,1303.876953,18.0,0.304800004,0.0,6000.0,17.39039993,15.39039993,233.1146698,0.138177752,4.0,-3.478605747
1971.0,0.0,1332.0,5835.388184,364.2509155,70.0,14.32560062,4.267199993,1000.0,45.61599731,41.65359879,688.1488647,1.718435287,3.0,29.90727615
1972.0,0.0,1341.0,4179.170898,1307.663086,13.0,1.828799963,0.0,8000.0,10.2567997,16.2567997,262.7994385,0.418316364,7.0,-4.41766119
1973.0,0.0,1323.0,3270.818848,736.9769287,28.0,5.791200161,0.0,2000.0,8.797599792,7.797599792,336.3086853,1.045077682,4.0,1.56908226
1974.0,0.0,1319.0,4596.549316,1449.772827,36.0,8.229599953,0.0,1000.0,12.22559929,12.22559929,312.2568054,0.514489293,4.0,-8.637929916
1975.0,0.0,1308.0,4666.417969,470.1803284,76.0,9.753600121,2.743200064,1000.0,57.40719986,52.35919952,328.3512878,0.695354402,3.0,22.86966324
1976.0,0.0,1344.0,2101.433838,1028.96875,22.0,0.0,0.0,6000.0,29.01040077,29.01040077,239.8586121,0.032375388,4.0,-2.706424475
1977.0,0.0,1299.0,9462.501953,161.3095245,27.0,-0.304800004,0.0,4000.0,14.19839954,12.19839954,262.0233765,0.973464549,7.0,-5.187875748
1978.0,0.0,1317.0,2514.875244,1744.205322,34.0,4.267199993,0.0,1000.0,20.89360046,17.89360046,391.3803406,2.281680346,4.0,-2.050163269
1980.0,0.0,1331.0,8442.691406,2248.717041,23.0,6.400800228,0.0,1000.0,17.81839943,17.81839943,282.0496521,0.361738116,7.0,0.144886017
1981.0,0.0,1319.0,3447.201416,123.9222717,56.0,10.66800022,0.304800004,4000.0,33.74959946,32.8832016,462.6445618,1.605922461,3.0,-0.872612
1982.0,0.0,1311.0,4892.65625,1475.391113,25.0,2.43840003,0.0,2000.0,12.80799961,13.80799961,294.8327026,1.785254955,7.0,-0.70916748
1983.0,0.0,1344.0,5642.782715,2082.166992,30.0,14.6303997,0.0,3000.0,12.01679993,12.01679993,379.7138062,1.039040923,4.0,3.212884903
1985.0,0.0,1303.0,5777.501953,571.1618042,25.0,0.914399981,0.0,4000.0,13.72239971,13.72239971,238.1529846,0.77325815,7.0,-5.880182266
1986.0,0.0,1340.0,3342.198242,637.6514893,21.0,-0.304800004,0.0,4000.0,20.39039993,17.39039993,280.1040039,0.32204935,4.0,-3.898635864
1987.0,0.0,1347.0,6543.59375,1958.82312,23.0,19.50720024,0.0,1000.0,6.540800095,8.540800095,372.9462891,8.52e-06,4.0,15.03686905
1988.0,0.0,1310.0,3991.178467,282.7495728,53.0,14.02080059,0.0,2000.0,32.57839966,32.57839966,292.7594604,2.105027199,3.0,7.468929291
1989.0,0.0,1279.0,12285.20801,1616.955566,34.0,1.828799963,0.0,6000.0,20.2840004,20.2840004,227.8167725,0.13348338,4.0,0.069618225
1990.0,0.0,1280.0,10002.35059,1996.568359,37.0,1.524000049,0.0,6000.0,24.50320053,24.50320053,218.1096344,0.051383998,4.0,-0.108491898
1991.0,0.0,1319.0,5930.730469,2014.982788,38.0,3.048000097,0.0,4000.0,23.67440033,22.67440033,407.8029785,0.626691937,7.0,6.533586502
1992.0,0.0,1326.0,6614.60498,276.5151978,36.0,14.32560062,0.0,2000.0,11.00639915,8.006399155,353.0669556,0.067535497,3.0,-7.967796326
1993.0,0.0,1337.0,2384.005127,805.9961548,33.0,10.66800022,0.0,2000.0,13.79759979,13.79759979,390.1185608,2.329760313,4.0,-3.29675293
1994.0,0.0,1308.0,7057.697266,3467.603027,40.0,8.229599953,0.0,4000.0,23.54080009,23.54080009,267.9155884,1.429040313,4.0,4.856473923
1995.0,0.0,1283.0,5792.134277,822.2072754,27.0,-0.914399981,0.0,3000.0,16.02719879,16.02719879,224.3617096,0.564852893,7.0,-1.977624893
1996.0,0.0,1339.0,3540.951904,189.4210968,15.0,1.828799963,0.0,1000.0,15.0,13.0,231.9938965,0.296622485,7.0,-4.870824337
1997.0,0.0,1307.0,9246.939453,1475.773193,45.0,19.50720024,0.609600008,2000.0,27.01679993,26.40719986,288.4171143,1.534384012,3.0,3.035175323
1998.0,0.0,1338.0,5560.799316,1196.042236,16.0,1.524000049,0.0,4000.0,13.86639977,13.86639977,239.151001,0.245403454,7.0,-3.895706177
1999.0,0.0,1335.0,1488.288696,645.282959,21.0,4.572000027,0.0,1000.0,21.0,20.0,244.20784,0.999164045,7.0,0.788884163
2000.0,0.0,1311.0,5570.724121,2914.639648,38.0,1.524000049,0.0,4000.0,25.80799866,24.80799866,237.2947693,1.542352438,7.0,3.935792923
2001.0,0.0,1317.0,8379.644531,643.4085083,41.0,14.32560062,0.0,2000.0,20.27359962,17.27359962,585.112854,1.102252245,3.0,-7.57289505
2002.0,0.0,1341.0,5279.709473,1900.491821,35.0,11.58240032,0.0,4000.0,12.13999939,12.13999939,289.7206421,1.186366796,7.0,11.19237518
2003.0,0.0,1315.0,2596.308838,3565.332275,42.0,3.352800131,0.0,4000.0,29.50320053,28.50320053,290.0576477,1.36305666,7.0,11.10529518
2004.0,0.0,1355.0,1103.78418,857.4793701,16.0,-2.133599997,0.0,6000.0,23.31520081,23.31520081,392.5795593,0.028713904,4.0,-1.099869013
2005.0,0.0,1308.0,5335.772949,371.7559204,19.0,0.914399981,0.0,4000.0,7.417599678,11.41759968,283.7507019,0.846592784,7.0,-3.584026337
2006.0,0.0,1351.0,1489.309082,1506.27478,21.0,0.304800004,0.0,6000.0,28.61999893,28.61999893,334.8039856,0.145488396,4.0,-3.707441807
2007.0,0.0,1326.0,3299.123535,715.0616455,31.0,7.924799919,11.27760029,4000.0,10.57839966,14.71199989,404.1706848,1.144450068,4.0,-7.518262863
2008.0,0.0,1344.0,1380.330811,94.71421814,11.0,1.828799963,0.0,1000.0,10.69519997,13.69519997,269.3808289,0.302871823,7.0,0.107875347
2009.0,0.0,1304.0,7808.927246,401.9768066,35.0,5.791200161,0.304800004,2000.0,18.23600006,16.93120003,543.1373901,1.102540135,3.0,-11.43600464
2010.0,0.0,1320.0,1397.330566,295.8888855,52.0,9.448800087,3.352800131,1000.0,32.79759979,29.74959946,382.3204041,2.369029522,3.0,6.607757568
2011.0,0.0,1336.0,1663.719727,473.5921021,42.0,11.58240032,0.0,4000.0,23.10239983,22.10239983,449.6407776,1.198923111,4.0,-6.539140701
2012.0,0.0,1292.0,6508.351074,29.93829536,23.0,-0.609600008,0.0,4000.0,15.68480015,16.68479919,235.6752472,0.439208657,7.0,-8.887254715
2013.0,0.0,1358.0,648.795105,384.3421326,18.0,-2.133599997,0.0,6000.0,26.83919907,26.83919907,370.1638184,0.005891521,4.0,-0.915440619
2014.0,0.0,1347.0,1745.900513,108.2567902,3.0,-1.219200015,0.0,6000.0,5.438400269,5.438400269,271.8787537,0.099408351,4.0,-4.120925426
2015.0,0.0,1344.0,2190.712891,783.017395,22.0,0.304800004,0.0,6000.0,26.87680054,25.87680054,278.4735413,0.036091816,4.0,-3.106467247
2016.0,0.0,1326.0,2539.323486,302.0924072,38.0,10.05840015,0.0,4000.0,19.40719986,19.40719986,413.8379822,1.249634862,4.0,-3.21570015
2017.0,0.0,1305.0,8538.080078,2727.474609,46.0,5.181600094,0.0,1000.0,30.76000023,32.76000214,229.5565948,1.921315432,7.0,8.676038742
2018.0,0.0,1342.0,7814.467285,1403.428223,51.0,12.49680042,0.0,1000.0,36.06480026,36.97919846,368.6531982,2.751844168,4.0,15.74644279
2019.0,0.0,1341.0,4486.508301,843.3970337,46.0,19.50720024,0.0,4000.0,28.01679993,29.01679993,365.9632874,0.517779887,4.0,-2.230632782
2020.0,0.0,1311.0,7659.788574,306.5152283,23.0,5.486400127,0.0,2000.0,1.663999557,0.0,313.9940186,1.097419143,4.0,-13.05968475
2021.0,0.0,1319.0,8857.651367,150.0947571,43.0,12.80160046,0.304800004,1000.0,19.22559929,20.61599922,551.7205811,0.678637326,4.0,-9.711111069
2022.0,0.0,1334.0,3238.350342,212.1437836,38.0,16.76399994,0.0,8000.0,23.06480026,23.06480026,463.6768188,0.447686702,4.0,2.331647873
2023.0,0.0,1355.0,629.4441528,418.467926,19.0,-1.828799963,0.0,6000.0,28.44879913,28.44879913,370.1638184,0.054804094,4.0,-0.614390075
2024.0,0.0,1297.0,13195.26563,276.0675659,30.0,0.914399981,0.0,1000.0,12.93120003,12.93120003,236.5292969,0.1689457,4.0,-0.653013229
2025.0,0.0,1283.0,9163.770508,3351.574707,34.0,1.524000049,0.0,4000.0,21.19839859,21.19839859,232.8162842,0.211695701,4.0,0.491340637
2026.0,0.0,1322.0,539.7456055,420.2278748,36.0,3.96239996,0.0,2000.0,19.23600006,19.23600006,376.5524902,1.844271183,4.0,3.972724915
2027.0,0.0,1338.0,3930.952881,216.1547241,28.0,14.32560062,0.0,2000.0,10.01679993,10.01679993,384.8378906,0.374321222,4.0,-5.597549438
2028.0,0.0,1308.0,10032.7207,1279.897461,36.0,14.6303997,0.304800004,2000.0,19.84560013,23.84560013,274.4753723,2.147027016,3.0,-5.307088852
2029.0,0.0,1329.0,1294.390991,744.8893433,55.0,9.144000053,0.0,4000.0,37.62639999,37.62639999,377.0899048,2.581647873,4.0,7.922172546
2030.0,0.0,1347.0,1263.024292,283.2862854,23.0,0.0,0.0,6000.0,24.21920013,25.21920013,312.9230652,0.07448829,4.0,-4.010586739
2031.0,0.0,1355.0,618.4205933,426.2303162,19.0,-2.133599997,0.0,6000.0,24.79120064,26.79120064,377.3820496,0.043051977,4.0,-1.945847034
2032.0,0.0,1336.0,4168.362305,792.4143677,61.0,20.11680031,0.0,4000.0,46.06480026,46.06480026,504.8937683,4.218688488,4.0,13.14681625
2033.0,0.0,1338.0,4779.453125,108.0768738,20.0,3.352800131,0.0,1000.0,15.12319946,14.12319946,211.5708466,0.538492918,7.0,-5.697226048
2034.0,0.0,1338.0,5555.884766,1321.912842,16.0,1.524000049,0.0,4000.0,14.78079987,17.78079987,231.6612701,0.529210806,7.0,-2.591168404
2036.0,0.0,1352.0,1678.695679,720.0571289,19.0,-0.914399981,0.0,6000.0,27.83919907,28.14400101,237.4608154,0.004605715,4.0,-1.935694456
2037.0,0.0,1282.0,8910.508789,2251.168213,45.0,0.914399981,0.0,6000.0,32.50320053,32.50320053,230.730484,0.035876948,4.0,-1.827648163
2038.0,0.0,1322.0,2510.341797,408.2842407,34.0,8.534399986,3.352800131,2000.0,15.10239983,7.749599457,257.0845642,0.358886808,3.0,-4.9069767
2039.0,0.0,1346.0,5898.706543,487.4417725,31.0,6.705600262,0.0,1000.0,20.33200073,18.50320053,279.5931702,0.929543972,7.0,13.02279568
2041.0,0.0,1350.0,2678.215576,537.3352051,6.0,-1.219200015,0.0,6000.0,15.44880009,14.44880009,324.3476868,0.052102078,4.0,-1.791725993
2042.0,0.0,1336.0,4114.129883,606.96875,20.0,2.743200064,0.0,4000.0,16.3423996,17.3423996,274.3887329,0.611975849,7.0,-2.750177383
2043.0,0.0,1346.0,6946.32373,3458.224609,33.0,10.97280025,0.0,1000.0,17.15040016,20.15040016,319.922821,2.016360044,7.0,10.74756527
2044.0,0.0,1320.0,1045.334839,1499.09375,44.0,3.352800131,0.0,4000.0,27.54080009,28.54080009,410.282196,0.859285653,4.0,9.191640854
2045.0,0.0,1332.0,7348.354492,1412.907593,29.0,11.58240032,0.0,1000.0,22.29439926,20.29439926,238.6938019,0.695693254,7.0,1.25176239
2046.0,0.0,1355.0,1039.305908,768.7512207,18.0,-1.524000049,0.0,6000.0,24.70560074,24.70560074,239.3945923,0.038893916,4.0,-1.812182426
2047.0,0.0,1339.0,4764.98584,782.1629028,44.0,17.98320007,0.0,4000.0,26.01679993,25.01679993,365.9632874,0.572411418,4.0,-3.786121368
2048.0,0.0,1349.0,5474.491211,1331.357422,47.0,17.37360001,0.0,1000.0,32.67440033,32.67440033,327.1914368,0.194031671,4.0,12.17628479
2049.0,0.0,1297.0,8657.262695,1090.144287,38.0,2.743200064,0.0,2000.0,28.85599899,26.85599899,322.8359985,1.127962947,3.0,-2.284261703
2050.0,0.0,1338.0,5236.739258,640.130127,52.0,17.06879997,0.0,1000.0,34.32160187,34.32160187,244.8974915,3.938303709,4.0,-18.71596527
2051.0,0.0,1322.0,5333.293945,1592.095825,54.0,5.791200161,0.0,2000.0,33.8832016,33.8832016,487.60495,3.38455224,4.0,18.27801704
2052.0,0.0,1319.0,2559.10083,550.1104126,67.0,10.66800022,0.609600008,2000.0,46.57839966,45.96879959,674.3560181,0.662803531,3.0,22.76200104
2053.0,0.0,1297.0,9764.573242,255.9343872,27.0,-0.304800004,0.0,4000.0,13.28399944,11.28399944,217.1325378,0.276453733,7.0,-7.554859161
2054.0,0.0,1332.0,6589.774902,2216.730225,29.0,14.02080059,0.0,1000.0,22.5991993,22.5991993,273.0891724,0.550390482,7.0,5.539718628
2055.0,0.0,1320.0,1247.23999,2018.369019,50.0,3.048000097,0.0,2000.0,33.540802,38.540802,410.282196,4.556191921,3.0,27.21006012
2056.0,0.0,1327.0,3356.721436,323.6011047,45.0,11.58240032,0.0,1000.0,22.13999939,23.13999939,338.353241,1.330636621,4.0,5.063739777
2057.0,0.0,1324.0,5231.539551,1464.845337,34.0,1.828799963,0.0,4000.0,15.71199989,15.71199989,455.506012,2.326365709,7.0,-0.545072556
2058.0,0.0,1281.0,6942.192383,1818.841919,29.0,-0.304800004,0.0,6000.0,16.80799866,16.80799866,225.5201111,0.14335753,4.0,-1.603099823
2059.0,0.0,1338.0,3825.863525,351.6838074,10.0,3.048000097,0.0,1000.0,4.513599873,5.513599873,387.6413879,0.415562451,7.0,-7.294896126
2060.0,0.0,1339.0,4553.185547,1621.780029,36.0,18.28800011,0.0,1000.0,22.2840004,22.2840004,306.1075745,0.242304042,4.0,4.244148254
2061.0,0.0,1342.0,6014.984863,2056.875488,58.0,19.81200027,0.0,1000.0,41.23600006,41.23600006,303.3988647,1.782257199,4.0,16.9276638
2062.0,0.0,1337.0,2519.692139,753.9281616,18.0,3.657599926,0.0,1000.0,16.1711998,15.1711998,238.3990784,0.788463116,7.0,-1.556678772
2063.0,0.0,1316.0,2788.765625,2260.246094,36.0,5.486400127,0.0,1000.0,16.49279976,16.49279976,296.944397,0.972258031,4.0,-0.061540604
2064.0,0.0,1358.0,1193.38269,89.81864929,7.0,-2.133599997,0.0,6000.0,15.83920002,15.83920002,368.7609558,0.10641969,4.0,-0.743966699
2065.0,0.0,1314.0,1703.380127,3259.715576,41.0,2.743200064,0.0,4000.0,25.4552002,26.4552002,330.8650513,1.155915976,4.0,10.63785172
2066.0,0.0,1325.0,7467.209473,493.8924255,47.0,13.71600056,0.0,1000.0,19.56799889,20.17759895,364.2592163,1.432903886,4.0,-2.220279694
2067.0,0.0,1335.0,1974.005371,283.2573547,28.0,10.97280025,0.0,4000.0,9.40719986,9.40719986,354.4865112,1.082512736,4.0,-7.551113129
2068.0,0.0,1312.0,5181.183594,2098.499756,44.0,3.657599926,0.0,2000.0,30.58879852,35.58879852,306.5845032,0.829341829,7.0,7.344018936
2069.0,0.0,1356.0,1325.905151,1308.213623,18.0,-1.828799963,0.0,6000.0,25.61999893,25.61999893,260.7244568,0.019447071,4.0,-1.431442142
2070.0,0.0,1312.0,8744.026367,299.8114014,74.0,32.91839981,0.304800004,2000.0,55.40719986,56.93119812,609.6812134,2.64166975,3.0,30.80968857
2071.0,0.0,1327.0,2052.611816,488.252655,43.0,13.41120052,5.181600094,4000.0,22.88319969,20.70159912,399.0760193,0.919670641,3.0,2.91560936
2072.0,0.0,1328.0,1816.601929,509.8450317,39.0,12.19200039,0.0,4000.0,24.3696003,28.3696003,235.9149628,0.430161268,3.0,-7.275472641
2073.0,0.0,1312.0,3307.25415,2769.666016,38.0,2.743200064,0.0,4000.0,25.80799866,24.80799866,276.8526917,0.083834551,7.0,3.743078232
2074.0,0.0,1342.0,3272.014893,1169.393799,36.0,10.97280025,0.0,1000.0,17.40719986,17.40719986,235.7965393,1.757360101,4.0,-0.199350357
2075.0,0.0,1346.0,4796.981934,269.4539185,41.0,12.19200039,0.0,4000.0,19.05439949,18.05439949,223.230011,0.210197359,4.0,6.577987671
2076.0,0.0,1342.0,2917.074463,428.9578857,28.0,12.80160046,0.0,4000.0,10.93120003,9.663999557,289.7608643,1.076959729,4.0,-3.826412201
2077.0,0.0,1305.0,8040.325195,3358.087891,46.0,10.05840015,0.0,1000.0,30.15040016,30.15040016,229.5565948,2.164310455,7.0,6.9382267
2078.0,0.0,1326.0,2855.696533,174.7672119,31.0,9.144000053,7.924799919,1000.0,20.02719879,14.10239983,344.1536865,0.261268854,3.0,-6.558004379
2079.0,0.0,1292.0,7813.378906,95.02147675,27.0,-0.609600008,0.0,1000.0,16.63679886,16.63679886,269.4292603,1.499089479,7.0,-7.647275925
2080.0,0.0,1332.0,5217.678711,683.9766846,36.0,7.619999886,10.36320019,4000.0,28.07519913,16.71199989,271.9770508,0.543989062,3.0,-3.966056824
2081.0,0.0,1283.0,9075.249023,2908.403564,40.0,1.524000049,0.0,6000.0,27.50320053,26.50320053,236.29245,0.206296384,4.0,-1.062376022
2082.0,0.0,1299.0,10779.67383,573.0976563,33.0,1.219200015,0.0,1000.0,19.89360046,18.89360046,276.8800049,0.986352444,7.0,-7.658481598
2083.0,0.0,1324.0,3112.251221,682.9108276,45.0,11.88720036,1.524000049,4000.0,23.35919952,21.13999939,488.2920532,0.642366946,3.0,-4.016841888
2084.0,0.0,1335.0,5564.70166,1721.72998,38.0,14.32560062,0.0,4000.0,30.07519913,30.07519913,315.8339539,1.113996506,7.0,7.260084152
2085.0,0.0,1337.0,4903.245117,30.06098175,41.0,15.84959984,0.0,1000.0,22.71199989,20.71199989,302.1526184,0.985522151,4.0,-7.006958008
2086.0,0.0,1284.0,11303.0,2190.280762,42.0,1.524000049,0.0,6000.0,27.67440033,25.67440033,237.6868286,0.074681699,4.0,0.982292175
2087.0,0.0,1331.0,2035.259521,962.4234009,47.0,15.5447998,0.0,2000.0,29.01679993,30.01679993,543.1060791,2.609341621,3.0,9.106941223
2088.0,0.0,1349.0,3153.740967,902.3431396,42.0,16.76399994,0.0,1000.0,29.19839859,28.19839859,407.3225708,6.091582775,4.0,-8.490585327
2089.0,0.0,1344.0,3191.44751,300.6201782,23.0,0.609600008,0.0,6000.0,22.0855999,22.0855999,368.1611328,0.241267055,4.0,-4.125025749
2090.0,0.0,1336.0,2016.313232,67.00380707,33.0,10.97280025,0.0,6000.0,14.10239983,14.10239983,358.3510742,0.627451301,4.0,-7.441177368
2091.0,0.0,1321.0,1144.046143,360.5083618,28.0,7.924799919,6.400800228,1000.0,12.15040016,5.749599457,275.8050232,0.126774698,3.0,-8.768693924
2092.0,0.0,1310.0,7652.40625,2631.51416,41.0,3.657599926,0.0,4000.0,26.97919846,26.97919846,219.667099,2.671461582,7.0,10.02515793
2093.0,0.0,1306.0,10720.46387,2852.215576,48.0,9.448800087,0.0,4000.0,32.4552002,29.4552002,348.7895813,1.985547185,3.0,4.655456543
2094.0,0.0,1306.0,8743.363281,1467.440186,43.0,2.743200064,0.0,4000.0,29.58879852,29.58879852,346.7356567,0.364473701,7.0,6.511064529
2095.0,0.0,1338.0,4829.041504,295.8825073,17.0,3.352800131,0.0,1000.0,13.03759956,13.03759956,258.6186523,1.564415336,7.0,-7.234823704
2096.0,0.0,1304.0,4966.116699,937.6295776,32.0,1.524000049,0.0,4000.0,20.41759872,20.41759872,325.9769287,0.475736111,7.0,-3.589284897
2097.0,0.0,1341.0,2176.911621,267.9940796,54.0,10.66800022,0.0,4000.0,36.93119812,34.93119812,459.0648193,2.869704962,4.0,8.15737915
2098.0,0.0,1284.0,10251.3916,2498.013428,25.0,2.133599997,0.0,6000.0,10.06480026,17.06480026,270.5559998,0.106299132,4.0,-0.754985809
2100.0,0.0,1281.0,6809.410645,1695.578247,33.0,0.914399981,0.0,4000.0,20.80799866,19.80799866,233.9148102,0.176381245,4.0,0.259422302
2101.0,0.0,1305.0,5514.902344,1233.0177,34.0,1.219200015,0.0,4000.0,23.02719879,23.02719879,333.5863342,0.683390081,7.0,2.390518188
2102.0,0.0,1297.0,12401.7998,313.7347717,21.0,0.0,0.0,6000.0,4.845600128,4.845600128,224.980072,0.931351304,7.0,-3.038698196
2104.0,0.0,1342.0,4341.338867,936.8449097,19.0,2.133599997,0.0,4000.0,16.2567997,16.2567997,262.7994385,0.232570112,7.0,-4.882503033
2105.0,0.0,1338.0,4551.134277,629.4457397,45.0,15.23999977,0.0,4000.0,27.01679993,27.01679993,347.8423767,0.164741457,4.0,-0.676065445
2106.0,0.0,1340.0,5036.458496,1165.792236,16.0,0.0,0.0,6000.0,20.87680054,22.87680054,239.977356,0.021699503,4.0,-3.809248447
2107.0,0.0,1305.0,8563.207031,2926.801025,31.0,8.229599953,0.0,1000.0,15.4552002,16.4552002,344.8899841,0.690701067,7.0,-1.062011719
2108.0,0.0,1295.0,13858.40234,615.5994873,28.0,0.914399981,0.0,1000.0,10.32159996,10.32159996,307.0138855,0.711362481,4.0,0.722505569
2109.0,0.0,1304.0,7181.275391,542.2245483,39.0,6.096000195,0.609600008,4000.0,21.62639999,26.93120003,507.7119141,3.032115936,3.0,-9.018363953
2110.0,0.0,1328.0,1679.034546,1298.140747,40.0,10.97280025,0.0,2000.0,21.10239983,21.10239983,232.993866,1.422266006,4.0,0.962490082
2111.0,0.0,1308.0,9064.472656,2173.823975,61.0,4.267199993,10.36320019,1000.0,49.1128006,36.74959946,685.3369141,4.643717766,3.0,13.45075607
2112.0,0.0,1353.0,2564.747803,1639.74585,25.0,0.0,0.0,6000.0,29.26720047,28.26720047,374.9771423,0.039479658,4.0,-4.070782185
2113.0,0.0,1331.0,5097.009766,591.0765381,62.0,12.80160046,10.97280025,1000.0,39.13999939,26.16719818,392.3570557,1.649587631,3.0,13.94600677
2114.0,0.0,1354.0,1625.111694,1079.931519,21.0,-0.914399981,0.0,6000.0,30.44879913,30.44879913,251.0667114,0.019263104,4.0,-1.878741264
2115.0,0.0,1329.0,6006.344238,1636.435425,27.0,10.66800022,12.49680042,7000.0,21.20879936,6.711999893,228.4344177,0.252298504,3.0,1.140829086
2116.0,0.0,1339.0,4546.945801,883.8201904,49.0,21.03120041,0.0,1000.0,33.76000214,33.76000214,504.8937683,1.174658179,4.0,14.41168594
2117.0,0.0,1318.0,1930.500977,3751.58252,50.0,3.352800131,0.0,4000.0,35.36959839,34.36959839,440.0491333,1.387321949,4.0,16.71265221
2118.0,0.0,1326.0,1919.877075,623.8034668,29.0,11.88720036,0.0,2000.0,9.187999725,11.18799973,370.850708,0.155706003,4.0,-8.684955597
2119.0,0.0,1346.0,1679.062378,1543.866699,23.0,0.0,0.0,6000.0,23.0,22.0,225.827774,0.01210846,4.0,-4.207915306
2120.0,0.0,1338.0,4783.844727,443.4241638,62.0,21.64080048,0.0,4000.0,46.4552002,46.4552002,457.3655701,1.723343253,4.0,12.64276123
2121.0,0.0,1309.0,6468.822754,3728.121094,26.0,4.87680006,0.0,4000.0,11.06480026,12.06480026,332.0577087,1.891979694,4.0,-1.382936478
2122.0,0.0,1332.0,3774.8125,407.7695618,43.0,14.32560062,0.0,1000.0,25.01679993,24.01679993,268.4341431,0.410549015,4.0,-9.536800385
2124.0,0.0,1330.0,1463.474243,657.0415039,62.0,8.83920002,0.0,4000.0,44.62639999,47.93119812,377.0899048,2.275370359,4.0,19.65585709
2125.0,0.0,1323.0,3465.03833,538.8880615,61.0,11.88720036,0.609600008,4000.0,38.44480133,37.44480133,268.214325,4.414027691,3.0,14.29184341
2126.0,0.0,1325.0,4798.616211,2004.94519,36.0,2.43840003,0.0,2000.0,19.84560013,19.84560013,356.9699707,2.713036299,7.0,0.540466309
2127.0,0.0,1345.0,2639.533691,1819.492554,17.0,0.0,0.0,6000.0,18.8288002,21.8288002,297.0360107,0.310953647,4.0,-5.22252655
2128.0,0.0,1312.0,5704.338379,3288.996094,40.0,1.828799963,0.0,4000.0,27.50320053,27.50320053,231.3507385,0.799065709,7.0,1.858095169
2129.0,0.0,1304.0,9652.731445,1943.072754,35.0,15.5447998,0.0,1000.0,17.62639999,18.62639999,406.5111084,1.58105123,3.0,-3.76004982
2130.0,0.0,1357.0,901.1350098,216.5110626,16.0,-1.524000049,0.0,6000.0,25.75360107,24.75360107,349.4799805,0.03434195,4.0,-0.817241013
2131.0,0.0,1347.0,5839.166992,2757.74292,28.0,9.144000053,0.0,1000.0,6.663999557,6.663999557,231.1847687,0.682837844,7.0,1.826021194
2132.0,0.0,1339.0,5786.653809,1421.463989,26.0,12.19200039,0.0,2000.0,13.19839954,11.19839954,395.9239502,0.315723687,4.0,-5.282188416
2133.0,0.0,1289.0,6894.394043,234.2072296,28.0,-0.304800004,0.0,4000.0,17.02719879,16.02719879,223.572052,1.048644781,7.0,-4.351844788
2134.0,0.0,1342.0,3764.275635,753.9060059,30.0,10.66800022,0.0,1000.0,11.10239983,11.10239983,235.7965393,2.480314255,4.0,-1.273727417
2135.0,0.0,1295.0,9422.592773,257.913147,32.0,-0.304800004,0.0,6000.0,18.89360046,17.89360046,235.6297455,1.012025237,7.0,-9.65036869
2136.0,0.0,1339.0,4219.762695,349.5397034,44.0,15.5447998,0.0,4000.0,26.32159996,21.32159996,344.4639893,0.760232091,4.0,-6.16072464
2137.0,0.0,1355.0,2181.019043,108.0871201,20.0,-1.219200015,0.0,6000.0,29.75360107,29.75360107,322.4160156,0.020129526,4.0,-1.473416209
2138.0,0.0,1353.0,211.7201996,618.1849365,23.0,-1.828799963,0.0,6000.0,27.5720005,27.5720005,281.054718,0.061036605,4.0,-3.130252361
2139.0,0.0,1312.0,3290.447266,3771.76709,37.0,2.743200064,0.0,4000.0,23.2840004,26.2840004,230.365509,2.355834961,4.0,4.39415741
2140.0,0.0,1310.0,4251.764648,4599.251953,31.0,2.43840003,0.0,4000.0,16.06480026,15.06480026,234.1127625,2.910561085,4.0,-6.216697693
2141.0,0.0,1349.0,3204.459473,661.3517456,39.0,16.15439987,0.0,1000.0,26.19839859,26.50320053,407.3225708,2.620955944,4.0,17.63589478
2142.0,0.0,1328.0,7520.363281,384.3821716,52.0,13.71600056,0.0,1000.0,26.09199905,30.09199905,415.6524963,3.978270292,3.0,11.34106064
2143.0,0.0,1339.0,4790.32666,1647.765869,42.0,10.05840015,0.0,1000.0,22.49279976,22.49279976,274.0597229,0.51501596,4.0,7.044128418
2144.0,0.0,1328.0,6829.356445,2107.75,24.0,9.448800087,0.0,1000.0,18.20879936,20.20879936,251.1693268,0.515059233,7.0,0.510702133
2145.0,0.0,1296.0,12252.27441,810.5859375,21.0,0.0,0.0,6000.0,5.455200195,5.455200195,226.4073029,1.451481223,7.0,-5.836126328
2146.0,0.0,1344.0,6109.322754,2164.3125,25.0,8.534399986,0.0,1000.0,6.711999893,6.711999893,262.1974792,0.568089962,7.0,1.327135086
2147.0,0.0,1345.0,3471.189209,534.3666382,13.0,0.0,0.0,6000.0,11.78079987,11.78079987,240.9286652,0.204674259,4.0,-5.992125034
2148.0,0.0,1337.0,1992.140747,720.0220337,27.0,10.97280025,0.0,2000.0,8.102399826,13.10239983,390.1185608,0.513007104,4.0,-5.024112701
2149.0,0.0,1313.0,2889.801514,3147.801514,34.0,5.181600094,0.0,1000.0,15.40719986,18.40719986,330.124054,0.691862762,4.0,-5.542373657
2150.0,0.0,1356.0,1984.215454,1790.577515,22.0,-0.609600008,0.0,6000.0,27.18160057,27.18160057,252.5010681,0.00181301,4.0,-3.387598753
2151.0,0.0,1343.0,4794.411621,2074.302734,19.0,0.0,0.0,6000.0,23.87680054,24.87680054,250.0480652,0.172866777,4.0,-3.994367361
2152.0,0.0,1306.0,10828.9541,2404.825928,53.0,4.87680006,0.0,1000.0,37.4552002,34.4552002,348.7895813,1.782292485,3.0,17.41450119
2153.0,0.0,1320.0,7046.320313,335.8406982,64.0,28.04160118,0.304800004,6000.0,40.83519745,42.66400146,409.6513672,4.571341991,3.0,17.58707428
2154.0,0.0,1339.0,4835.572266,1892.032104,38.0,18.89760017,0.0,1000.0,23.67440033,23.67440033,306.1075745,1.497106433,4.0,5.911512375
2155.0,0.0,1318.0,3490.104736,524.6425781,63.0,11.88720036,0.609600008,4000.0,41.35919952,40.18799973,381.5360413,3.075969696,3.0,3.409172058
2156.0,0.0,1309.0,7549.39502,1467.443115,37.0,6.400800228,0.0,1000.0,18.10239983,18.10239983,319.6175537,0.672014773,4.0,-6.444330215
2157.0,0.0,1354.0,1838.813477,1019.718872,25.0,-0.914399981,0.0,6000.0,33.53440094,33.53440094,237.4608154,0.011929697,4.0,-2.293377638
2158.0,0.0,1294.0,8665.53418,631.5671387,26.0,0.0,0.0,1000.0,14.72239971,15.33199978,231.085144,1.188087821,7.0,-4.407352448
2159.0,0.0,1347.0,2849.776855,365.9612427,9.0,0.304800004,0.0,4000.0,9.0,10.0,339.4425964,0.075833246,4.0,-5.070169926
2160.0,0.0,1294.0,8186.165039,1004.273071,25.0,1.524000049,0.0,2000.0,15.24639988,15.24639988,376.8583984,0.448354423,7.0,-2.70734024
2161.0,0.0,1355.0,699.0809937,684.0523682,20.0,-2.133599997,0.0,6000.0,27.31520081,26.31520081,381.6057129,0.027603671,4.0,-1.351423025
2162.0,0.0,1345.0,2878.614746,813.8704834,25.0,0.304800004,0.0,6000.0,24.0855999,24.0855999,310.2044983,0.030305345,4.0,-3.756606817
2163.0,0.0,1339.0,4389.859863,1152.052246,26.0,10.05840015,0.0,4000.0,8.016799927,6.016799927,433.0066528,1.196162343,7.0,-2.235923767
2164.0,0.0,1341.0,4898.890625,1759.130249,37.0,10.66800022,0.0,1000.0,24.50320053,25.80799866,452.6177368,0.700891495,7.0,1.506731033
2165.0,0.0,1317.0,818.2320557,1796.289307,35.0,3.96239996,0.0,4000.0,21.58879852,21.58879852,345.3604736,2.219436407,4.0,-2.445400238
2166.0,0.0,1309.0,5126.850586,642.4067383,32.0,1.524000049,0.0,4000.0,20.1128006,20.41759872,237.4301453,0.824227989,7.0,1.497934341
2167.0,0.0,1287.0,7632.405762,1383.166504,38.0,0.609600008,0.0,4000.0,24.89360046,21.89360046,231.1042023,0.074063726,4.0,-1.286218643
2168.0,0.0,1327.0,1171.047363,457.611969,33.0,11.27760029,6.400800228,4000.0,17.15040016,10.66399956,280.4715271,0.210102782,3.0,-11.37156105
2169.0,0.0,1312.0,2536.279053,174.7757568,21.0,0.609600008,0.0,2000.0,14.5991993,6.599199772,221.1204071,0.136878893,4.0,0.717590332
2170.0,0.0,1332.0,2777.975342,29.94239616,13.0,2.743200064,0.0,1000.0,6.903999805,6.903999805,260.5211487,1.323846102,7.0,-3.329568863
2171.0,0.0,1326.0,4097.655273,2827.077393,43.0,5.486400127,3.048000097,4000.0,14.95839882,14.73920059,294.8017578,1.852560163,4.0,7.948091507
2172.0,0.0,1333.0,12534.875,5254.432617,38.0,5.486400127,14.02080059,4000.0,18.49279976,4.472000122,359.5637512,0.706774235,3.0,7.24250412
2173.0,0.0,1313.0,6574.961426,1290.539917,14.0,1.524000049,0.0,6000.0,9.123199463,7.12319994,230.9163971,0.028899437,7.0,-1.673147202
2174.0,0.0,1372.0,7866.280762,127.2849579,4.0,-2.133599997,0.0,6000.0,7.048000336,7.048000336,230.3361816,0.155916974,4.0,0.297614396
2175.0,0.0,1313.0,4125.039551,958.5906372,26.0,-0.914399981,0.0,6000.0,21.4279995,21.4279995,287.8940125,0.14405176,7.0,-1.546395302
2176.0,0.0,1403.0,4221.991211,108.2429886,9.0,-1.828799963,0.0,6000.0,9.304800034,9.304800034,256.0427246,0.010270313,13.0,-1.275635481
2177.0,0.0,1337.0,7824.213379,42.42433548,18.0,2.43840003,0.0,5000.0,9.16079998,9.16079998,392.3456421,0.765909612,7.0,-5.026535034
2178.0,0.0,1350.0,7335.989746,1474.129883,26.0,0.0,0.0,4000.0,22.64719963,22.64719963,299.4914856,1.359181762,7.0,4.775390625
2179.0,0.0,1334.0,15588.2002,1975.161011,34.0,4.267199993,9.448800087,4000.0,16.62639999,7.177598953,295.9063416,1.207286835,3.0,1.24530983
2180.0,0.0,1353.0,700.4036255,514.5249023,14.0,-2.43840003,0.0,6000.0,16.13360023,17.13360023,267.2099304,0.007438908,4.0,-2.114055872
2181.0,0.0,1390.0,1790.703857,610.8031006,19.0,-0.914399981,0.0,6000.0,19.30480003,19.30480003,265.6285706,0.095418043,4.0,-1.561554909
2182.0,0.0,1327.0,2390.044922,90.18144989,42.0,9.753600121,0.609600008,1000.0,15.17759895,13.56799889,320.2920532,2.172367096,3.0,-0.984453201
2183.0,0.0,1346.0,7928.012695,1747.594482,30.0,3.352800131,11.88720036,4000.0,25.4279995,14.54080009,234.0576324,0.788407445,3.0,2.965183258
2184.0,0.0,1390.0,2957.343506,1218.759521,19.0,-0.304800004,0.0,4000.0,18.69519997,15.69519997,221.4127655,0.053708687,4.0,-0.935349464
2185.0,0.0,1386.0,2702.655273,1108.331299,20.0,-1.219200015,0.0,6000.0,20.0,19.0,297.7880554,0.04970235,4.0,-1.932152033
2186.0,0.0,1373.0,12538.30371,3795.766113,46.0,0.609600008,0.0,4000.0,41.73279953,42.73279953,225.7859955,1.137029648,3.0,18.1079216
2188.0,0.0,1319.0,9216.71875,530.7276611,26.0,2.133599997,0.609600008,4000.0,5.273599625,4.663999557,266.0610962,0.359444529,7.0,-4.561677933
2189.0,0.0,1380.0,11651.0332,94.72177124,16.0,-1.828799963,0.0,1000.0,15.39039993,15.39039993,258.4622192,0.429300785,9.0,-7.480219841
2190.0,0.0,1340.0,15126.64355,2278.010498,41.0,4.267199993,11.88720036,4000.0,19.66399956,7.776798248,370.9900818,0.797281086,3.0,13.89847946
2191.0,0.0,1360.0,1222.517334,362.9790955,17.0,-1.219200015,0.0,6000.0,17.30480003,15.30480003,233.0070953,0.089338414,4.0,-2.012646198
2192.0,0.0,1359.0,10701.96289,1389.101685,38.0,2.133599997,6.705600262,1000.0,29.16080093,23.4552002,310.2229919,1.181659579,3.0,7.501775742
2193.0,0.0,1343.0,2432.522705,624.6315308,16.0,3.657599926,0.0,1000.0,15.69519997,15.69519997,283.6571045,1.193138003,7.0,-7.543715477
2194.0,0.0,1395.0,1144.123535,867.3494263,19.0,-1.219200015,0.0,6000.0,19.60960007,19.60960007,414.7644958,0.078635044,4.0,-1.758327007
2195.0,0.0,1325.0,5040.506348,1131.146484,29.0,1.219200015,0.0,6000.0,20.770401,20.770401,252.1249695,0.477930903,7.0,-0.935415268
2196.0,0.0,1325.0,4189.679199,615.5008545,29.0,0.914399981,0.0,6000.0,20.770401,19.770401,392.7057495,0.23245278,7.0,-1.98387146
2198.0,0.0,1342.0,11207.95996,3316.568604,35.0,2.743200064,17.67840004,4000.0,25.24639893,9.567998886,239.1528168,0.554051161,3.0,2.609004974
2199.0,0.0,1315.0,8776.984375,29.94120407,11.0,-0.609600008,0.0,5000.0,7.342400074,7.342400074,295.9191895,0.138154387,7.0,-2.655546188
2200.0,0.0,1371.0,7562.223633,29.94071388,6.0,-2.133599997,0.0,6000.0,6.914400101,7.914400101,237.5875549,0.047019579,4.0,0.167204231
2201.0,0.0,1351.0,10253.0459,1406.737061,34.0,0.609600008,0.0,4000.0,27.90399933,27.90399933,271.0189209,2.084433794,4.0,1.012989044
2202.0,0.0,1317.0,7302.325195,1589.385498,40.0,0.609600008,3.657599926,4000.0,14.70159912,11.04399872,336.4626465,0.27232939,7.0,8.167161942
2203.0,0.0,1327.0,2020.256836,437.5118408,15.0,1.219200015,0.0,6000.0,7.989599705,5.989599705,259.6847229,0.13634564,7.0,-4.087202072
2204.0,0.0,1358.0,7317.600098,1461.458862,27.0,6.096000195,3.657599926,1000.0,28.21920013,25.56159973,317.1850281,1.407873988,3.0,2.006126404
2205.0,0.0,1342.0,11276.65234,4965.869629,33.0,3.96239996,9.448800087,4000.0,17.76000023,7.311199188,327.4674072,0.942220092,3.0,0.209569931
2206.0,0.0,1319.0,6507.549805,1301.171021,18.0,0.914399981,0.0,4000.0,10.38000011,10.38000011,311.7997131,0.188156903,7.0,-0.33689785
2207.0,0.0,1390.0,2465.863281,1007.478088,8.0,-0.914399981,0.0,6000.0,8.0,9.0,221.4127655,0.099005736,4.0,-1.678038001
2208.0,0.0,1338.0,14147.35742,3332.213135,41.0,4.572000027,11.88720036,4000.0,19.96879959,8.472000122,372.8635864,1.298735023,3.0,12.48794365
2209.0,0.0,1318.0,10185.84961,29.94140816,14.0,-0.304800004,0.0,6000.0,8.208799362,8.208799362,232.419632,0.108137198,7.0,-2.235539436
2210.0,0.0,1352.0,174.7713318,29.94006538,16.0,-2.43840003,0.0,6000.0,18.13360023,18.13360023,239.3251953,0.032385655,4.0,-3.153730869
2211.0,0.0,1343.0,5527.930664,1581.345825,25.0,4.87680006,0.0,1000.0,22.86639977,24.86639977,404.8662415,0.864296079,7.0,7.342391968
2212.0,0.0,1333.0,1591.562988,1881.902832,33.0,7.315199852,7.010400295,4000.0,10.44479942,2.434400558,217.826416,0.488854527,4.0,0.03127861
2213.0,0.0,1357.0,5656.246582,2316.531494,34.0,-0.304800004,0.0,2000.0,29.12319946,33.12319946,307.8945313,0.736510277,7.0,13.07719803
2214.0,0.0,1334.0,714.1430664,2033.563477,46.0,7.619999886,10.05840015,4000.0,28.01679993,17.95839882,351.1989746,2.213255644,4.0,-1.263332367
2215.0,0.0,1333.0,4292.753418,134.0036469,25.0,4.572000027,0.0,1000.0,19.20879936,19.20879936,239.3428802,0.468869358,7.0,-2.883452415
2216.0,0.0,1323.0,6470.505371,1122.387695,31.0,3.352800131,2.43840003,1000.0,10.27359962,12.71199989,581.6820068,3.13672471,7.0,-4.544757843
2217.0,0.0,1365.0,10598.35352,5595.387207,36.0,3.048000097,3.657599926,1000.0,28.38000107,24.72240067,274.0524292,1.133795857,3.0,8.859869003
2218.0,0.0,1309.0,10095.14355,95.02321625,24.0,1.828799963,0.0,1000.0,17.90399933,15.90399933,313.3982239,0.718170524,7.0,-0.049813271
2219.0,0.0,1332.0,3965.839844,3555.815186,40.0,5.486400127,11.58240032,4000.0,18.35919952,5.776798248,276.4171143,1.682543635,4.0,7.142681122
2220.0,0.0,1304.0,7438.874023,359.2841797,33.0,-0.609600008,0.0,6000.0,25.68479919,24.68479919,325.6624756,0.336288184,4.0,-1.478877068
2221.0,0.0,1321.0,10140.7666,1340.145142,31.0,0.0,0.0,2000.0,13.32159996,13.32159996,268.5422058,1.184686303,7.0,11.73934937
2222.0,0.0,1342.0,8382.510742,599.7042847,14.0,3.048000097,7.619999886,3000.0,6.380000114,0.0,294.1700134,0.398527116,7.0,-7.882012367
2223.0,0.0,1377.0,9631.623047,482.8317871,5.0,3.657599926,0.0,4000.0,0.0,1.818399906,234.0450134,0.333236903,7.0,-9.716171265
2224.0,0.0,1346.0,11917.43262,672.0361938,25.0,3.048000097,12.19200039,1000.0,13.41759968,1.225599289,447.7718506,1.794446349,3.0,0.379470825
2225.0,0.0,1355.0,10703.62891,884.9060669,39.0,1.524000049,0.0,4000.0,35.64720154,36.64720154,294.4902649,1.270789385,3.0,7.43778801
2226.0,0.0,1366.0,6517.743652,190.0442505,10.0,-2.133599997,0.0,6000.0,11.21920013,13.21920013,232.7919769,0.09067101,4.0,0.131892323
2227.0,0.0,1318.0,9971.235352,218.0351257,24.0,1.828799963,0.0,6000.0,18.5135994,20.5135994,232.419632,0.846328795,7.0,2.171118736
2229.0,0.0,1302.0,5881.349609,1246.298828,11.0,0.304800004,0.0,6000.0,3.684800148,3.684800148,231.5368042,0.010858315,4.0,-1.241299629
2230.0,0.0,1353.0,4884.114746,1083.545898,17.0,0.609600008,0.0,4000.0,12.12319946,13.12319946,507.144989,0.019469269,7.0,-5.386296749
2231.0,0.0,1344.0,5105.003418,1264.489136,22.0,6.705600262,0.0,1000.0,13.16079998,14.16079998,365.3650513,0.757370532,7.0,1.160000801
2232.0,0.0,1389.0,2609.82959,1201.074463,19.0,-0.914399981,0.0,6000.0,19.0,19.0,306.6739807,0.006234405,4.0,-1.348158956
2233.0,0.0,1322.0,8169.615234,212.5268555,10.0,-0.304800004,0.0,6000.0,3.294399738,3.294399738,226.4150848,0.064050615,7.0,-1.909452438
2234.0,0.0,1318.0,7577.221191,751.4278564,28.0,0.0,0.0,4000.0,21.5991993,20.5991993,280.5020142,0.450587004,7.0,0.8309412
2235.0,0.0,1344.0,4809.943848,2187.418945,22.0,3.352800131,0.0,1000.0,17.73279953,16.73279953,312.837738,0.65430963,7.0,2.639122963
2237.0,0.0,1357.0,1888.989136,1271.352295,18.0,-1.828799963,0.0,6000.0,18.9144001,18.9144001,383.7534485,0.013810058,4.0,-1.423521757
2238.0,0.0,1361.0,3631.493652,108.2446976,5.0,-2.133599997,0.0,6000.0,5.304800034,5.304800034,231.3963013,0.010388068,4.0,-0.32451421
2239.0,0.0,1382.0,10671.24512,67.00501251,6.0,-1.828799963,0.0,6000.0,8.133600235,8.133600235,600.0,0.147747487,4.0,0.242250472
2240.0,0.0,1362.0,7250.262207,2295.870605,34.0,0.914399981,0.0,1000.0,26.98959923,25.98959923,400.7451477,1.049948454,3.0,10.94410324
2241.0,0.0,1355.0,4674.52002,285.0498047,28.0,4.267199993,5.486400127,1000.0,28.30480003,22.81839943,349.8468018,2.248464823,7.0,-1.811145782
2242.0,0.0,1331.0,2240.591309,1409.67981,37.0,9.753600121,7.315199852,2000.0,13.53039932,6.520000458,277.7576599,1.155346274,4.0,1.079389572
2243.0,0.0,1337.0,4590.258789,782.1359253,28.0,3.96239996,0.0,4000.0,23.4279995,21.4279995,358.1221619,3.289849281,7.0,-1.746334076
2244.0,0.0,1318.0,8048.734375,1524.482666,41.0,2.43840003,0.0,2000.0,24.84560013,24.84560013,336.8633423,1.173407793,7.0,10.75869942
2245.0,0.0,1326.0,3825.015137,29.94203758,16.0,0.609600008,0.0,6000.0,7.16079998,13.46560001,355.3633728,0.698919475,4.0,-1.859547615
2246.0,0.0,1319.0,11550.12305,1575.330688,31.0,0.0,0.0,2000.0,19.41759872,15.41759968,236.6968384,1.8381778,7.0,4.788370132
2247.0,0.0,1346.0,4915.228027,2334.3125,27.0,5.181600094,0.0,1000.0,21.20879936,21.20879936,266.041687,1.757539392,7.0,6.467267036
2248.0,0.0,1351.0,1795.824097,711.8662109,12.0,-0.304800004,0.0,6000.0,13.52400017,13.52400017,347.5810547,0.023040524,4.0,-4.938290119
2249.0,0.0,1399.0,9141.155273,239.5428467,11.0,1.828799963,0.0,4000.0,10.39039993,12.39039993,320.7115479,0.280770242,13.0,-0.069426537
2250.0,0.0,1319.0,10182.78906,553.3717651,27.0,0.0,0.0,1000.0,20.29439926,20.29439926,202.1131897,0.326072276,7.0,-1.752286911
2251.0,0.0,1301.0,8118.971191,89.82093811,20.0,-0.609600008,0.0,6000.0,12.68480015,13.68480015,231.6887817,0.014762558,4.0,-1.47998333
2252.0,0.0,1372.0,11711.83789,4586.211426,50.0,2.743200064,0.0,3000.0,42.98960114,46.98960114,230.2150726,1.748846769,3.0,21.10252953
2253.0,0.0,1344.0,8663.144531,3160.490723,29.0,2.133599997,0.0,1000.0,26.86639977,26.86639977,307.6529846,1.021747828,7.0,9.523204803
2254.0,0.0,1360.0,5188.286621,785.223938,11.0,0.609600008,0.0,1000.0,4.903999805,4.903999805,533.7050171,0.09450008,4.0,-7.53056097
2255.0,0.0,1334.0,14666.82715,3439.164795,22.0,5.486400127,14.93519974,4000.0,2.492799759,4.711999893,384.901947,2.910908461,3.0,-5.573120117
2256.0,0.0,1347.0,7843.050781,3601.638428,27.0,1.828799963,0.0,1000.0,24.86639977,24.86639977,316.5686951,1.015640855,7.0,0.247339249
2257.0,0.0,1370.0,9765.760742,4572.847168,50.0,1.828799963,0.0,1000.0,39.02719879,39.02719879,272.8495483,0.548058748,3.0,15.17404747
2258.0,0.0,1355.0,8421.902344,1047.720703,23.0,-0.609600008,0.0,1000.0,22.69519997,22.69519997,237.971817,1.315193653,4.0,4.737390518
2259.0,0.0,1328.0,9348.308594,4486.310547,40.0,5.181600094,17.06879997,4000.0,20.49279976,3.423999786,323.0663757,0.201515749,3.0,10.16197395
2260.0,0.0,1370.0,9337.486328,1146.40979,25.0,-0.304800004,0.0,1000.0,24.69519997,23.69519997,472.0160217,1.040370345,3.0,4.02580452
2261.0,0.0,1326.0,4288.834961,268.028595,26.0,0.304800004,0.0,6000.0,17.46559906,17.46559906,392.7057495,0.412016034,4.0,-3.069004059
2262.0,0.0,1341.0,7014.031738,949.0055542,33.0,2.43840003,0.0,4000.0,27.20879936,27.20879936,291.7242126,2.86766386,7.0,9.506471634
2264.0,0.0,1355.0,2248.343994,153.2531128,6.0,-2.43840003,0.0,6000.0,6.0,5.0,271.58255,0.029755183,4.0,-0.790222168
2265.0,0.0,1328.0,10111.57031,255.9344025,7.0,0.0,0.0,6000.0,0.0,0.0,351.7397766,0.557091415,7.0,-5.721920967
2266.0,0.0,1345.0,10918.70215,3413.291504,28.0,2.743200064,0.0,1000.0,19.16080093,19.16080093,239.1528168,0.762738585,3.0,1.9702034
2267.0,0.0,1313.0,5036.751953,1658.193726,16.0,0.304800004,0.0,6000.0,11.12319946,12.12319946,273.9382324,0.185161471,7.0,-1.188081741
2268.0,0.0,1314.0,10467.4834,625.3479614,29.0,1.524000049,0.0,2000.0,15.89359951,14.89359951,238.2026215,0.288408786,4.0,0.412727356
2269.0,0.0,1355.0,1003.11908,697.2085571,26.0,-1.219200015,0.0,6000.0,29.35280037,29.35280037,221.9310303,0.053605378,4.0,-3.778249264
2270.0,0.0,1331.0,7179.338867,95.01940918,9.0,1.219200015,0.0,6000.0,0.770400047,1.770400047,230.4533997,0.074335441,7.0,-3.850305557
2271.0,0.0,1352.0,13388.71387,786.6810913,43.0,2.133599997,11.88720036,1000.0,33.24639893,21.35919952,343.749054,2.471406698,3.0,12.26988792
2272.0,0.0,1341.0,1274.613892,1133.694092,21.0,2.743200064,0.0,4000.0,17.95199966,16.95199966,263.4664307,0.80906117,7.0,-1.762302399
2273.0,0.0,1344.0,4812.308594,2566.946289,21.0,4.87680006,11.58240032,2000.0,19.78079987,10.19839954,236.5799408,1.459369898,7.0,-0.615272522
2274.0,0.0,1309.0,12115.75781,60.12024689,27.0,-0.609600008,0.0,6000.0,19.07519913,20.07519913,222.2154541,0.603260219,4.0,-1.776520729
2275.0,0.0,1371.0,7866.22168,108.2534561,7.0,-2.133599997,0.0,6000.0,7.914400101,5.914400101,244.8319855,0.032480799,4.0,0.231587619
2276.0,0.0,1313.0,6155.645508,29.9411087,13.0,-0.609600008,0.0,1000.0,10.56159973,10.56159973,228.1747742,0.182246536,7.0,-0.40579319
2277.0,0.0,1327.0,5573.831543,932.4891357,51.0,4.267199993,13.10640049,4000.0,27.83519936,12.72879791,414.231842,2.252454281,4.0,14.13895035
2278.0,0.0,1360.0,10260.52051,1192.213013,40.0,2.133599997,0.0,1000.0,31.16080093,33.16080093,310.2229919,0.750784278,3.0,10.04796028
2279.0,0.0,1307.0,7094.407715,525.2514648,14.0,0.304800004,0.0,6000.0,7.903999805,7.903999805,238.1517334,0.020205034,7.0,-0.938465118
2280.0,0.0,1335.0,14383.08887,2006.355347,31.0,4.87680006,10.36320019,4000.0,12.71199989,2.653598785,349.2928772,2.103114605,3.0,-1.568929672
2281.0,0.0,1334.0,1659.926392,192.022934,28.0,1.524000049,0.0,6000.0,20.38000107,18.38000107,240.5162354,0.088175192,4.0,-3.550639153
2282.0,0.0,1328.0,11302.84473,134.3165588,16.0,1.524000049,0.0,4000.0,6.246399879,6.246399879,260.6186829,0.935252845,7.0,-4.70879364
2283.0,0.0,1375.0,12310.2334,2882.266357,43.0,-1.828799963,0.0,1000.0,39.95199966,39.95199966,344.242157,1.350450873,7.0,21.83910179
2284.0,0.0,1344.0,9387.601563,2832.742432,20.0,1.828799963,0.0,1000.0,16.95199966,17.95199966,219.9283905,0.425335735,7.0,-8.735473633
2285.0,0.0,1360.0,672.052063,381.8215637,6.0,-1.524000049,0.0,6000.0,6.0,6.0,236.9927368,0.053642675,4.0,-2.662981033
2287.0,0.0,1360.0,9093.129883,3990.422119,26.0,3.048000097,5.486400127,1000.0,20.5135994,17.02719879,294.5540466,1.785865426,3.0,1.011722565
2288.0,0.0,1374.0,773.75354,189.4462738,5.0,-2.43840003,0.0,6000.0,5.0,5.0,264.2141113,0.231204644,4.0,-0.944680154
2289.0,0.0,1330.0,12796.7832,1667.159424,31.0,3.657599926,7.315199852,4000.0,13.93120003,7.615999222,333.0535583,0.986930072,7.0,-0.323350906
2290.0,0.0,1316.0,8457.463867,629.9414063,33.0,-0.609600008,0.0,4000.0,11.66399956,13.66399956,341.5246277,0.205222234,7.0,-1.31231308
2291.0,0.0,1349.0,9725.771484,867.3880005,22.0,0.914399981,0.0,4000.0,14.07520008,13.07520008,351.6847839,1.721673369,7.0,-5.42043972
2292.0,0.0,1348.0,9417.335938,964.8540039,25.0,0.609600008,0.0,4000.0,18.5991993,18.5991993,352.4020691,1.869852185,4.0,1.00834465
2293.0,0.0,1357.0,10312.41211,2289.792969,27.0,3.657599926,7.010400295,1000.0,19.38000107,12.3696003,248.4278412,1.735748291,3.0,-3.221408844
2294.0,0.0,1326.0,2720.576172,1164.129883,10.0,1.524000049,0.0,4000.0,2.684800148,1.684800148,272.0409851,0.297561795,7.0,-3.004088402
2295.0,0.0,1366.0,4642.592285,108.080574,3.0,-1.828799963,0.0,6000.0,3.609600067,3.609600067,238.0110779,0.073021837,4.0,-0.453563571
2296.0,0.0,1350.0,11664.10938,1657.003174,22.0,0.914399981,7.315199852,4000.0,18.3423996,10.02719975,380.770874,0.328447431,3.0,-2.925256729
2297.0,0.0,1370.0,11221.76855,4599.036133,23.0,4.87680006,3.352800131,4000.0,17.81839943,14.46560001,257.5521851,3.62436986,3.0,-2.254192352
2298.0,0.0,1345.0,604.1333618,1377.689209,23.0,3.352800131,6.400800228,4000.0,21.1711998,15.77040005,291.4968872,0.181635976,7.0,-3.975030899
2299.0,0.0,1312.0,5944.497559,976.9547119,16.0,0.304800004,0.0,6000.0,10.5135994,11.5135994,226.4905548,0.367956758,7.0,-1.38214016
2300.0,0.0,1399.0,2448.006104,153.24646,11.0,-1.828799963,0.0,6000.0,11.9144001,11.9144001,307.3226318,0.104360171,4.0,-1.573359966
2301.0,0.0,1363.0,7464.283691,1855.203369,22.0,0.0,0.0,4000.0,17.12319946,17.12319946,302.1420898,0.897395253,7.0,-1.852087021
2302.0,0.0,1350.0,12006.31348,1080.810791,38.0,2.43840003,11.27760029,1000.0,32.81840134,18.15040016,237.5600281,1.400082946,3.0,7.055610657
2303.0,0.0,1353.0,659.3208618,744.9664307,19.0,-0.609600008,0.0,6000.0,20.8288002,20.8288002,307.5010376,0.129311472,4.0,-5.038150787
2304.0,0.0,1371.0,9140.87207,792.9810791,29.0,-2.133599997,0.0,2000.0,29.0,24.0,472.0160217,2.541360855,3.0,6.254999161
2305.0,0.0,1363.0,2890.530518,211.7344666,16.0,-2.133599997,0.0,6000.0,16.0,16.0,300.2080994,0.038172599,4.0,-1.122318268
2306.0,0.0,1346.0,3465.848145,825.333313,18.0,2.743200064,0.0,1000.0,14.95199966,14.95199966,344.9768372,0.609520137,7.0,-2.101593971
2307.0,0.0,1366.0,8713.912109,1743.296753,47.0,6.096000195,2.743200064,1000.0,46.39039993,43.64720154,434.8807373,0.989695013,3.0,21.649086
2308.0,0.0,1341.0,5461.159668,2182.962891,32.0,6.096000195,0.0,4000.0,21.33200073,23.33200073,282.7182007,0.705852151,7.0,4.731508255
2309.0,0.0,1356.0,2645.390137,108.0891113,3.0,-2.743200064,0.0,6000.0,3.609600067,5.609600067,321.1094055,0.159772888,4.0,-0.584817886
2310.0,0.0,1349.0,10961.34961,2151.50708,28.0,1.219200015,0.914399981,4000.0,13.97919941,13.06480026,232.3458405,1.583142519,3.0,-2.69890976
2311.0,0.0,1329.0,2608.246338,1896.748779,40.0,6.705600262,7.924799919,4000.0,14.70159912,7.776798248,299.7266235,0.997574449,4.0,5.018556595
2312.0,0.0,1366.0,7106.853027,269.4648132,10.0,-2.133599997,0.0,6000.0,11.52400017,11.52400017,226.8200836,0.071740173,4.0,0.058272064
2313.0,0.0,1386.0,2595.484375,480.0097656,8.0,-1.524000049,0.0,6000.0,8.304800034,5.304800034,356.3475342,0.044298619,4.0,-1.361979723
2314.0,0.0,1352.0,11326.62207,1339.94165,24.0,0.304800004,7.924799919,1000.0,21.2567997,14.55119991,342.8963013,0.73780936,3.0,-9.692094803
2315.0,0.0,1318.0,7908.789063,1706.539917,34.0,2.43840003,0.0,4000.0,17.23600006,17.23600006,336.8633423,0.056582402,7.0,6.970632553
2316.0,0.0,1345.0,6744.642578,2237.568359,29.0,5.181600094,0.0,4000.0,18.02719879,18.02719879,245.7146454,1.196997046,7.0,8.216949463
2317.0,0.0,1323.0,7608.199707,42.42877579,10.0,0.609600008,0.0,6000.0,2.684800148,2.684800148,244.9546051,0.008497098,7.0,-2.913572311
2318.0,0.0,1324.0,5422.500977,2122.996094,24.0,0.609600008,0.0,6000.0,16.07519913,15.07520008,303.3895874,0.130694896,7.0,-1.936743736
2319.0,0.0,1343.0,9377.147461,2710.995117,22.0,1.828799963,0.0,1000.0,18.95199966,17.95199966,237.9610291,0.72219032,7.0,-6.05958271
2320.0,0.0,1336.0,8170.970703,3642.839111,30.0,3.96239996,0.0,4000.0,22.07519913,22.07519913,297.522522,1.201633096,3.0,-5.212684631
2321.0,0.0,1341.0,4968.416992,84.84883118,47.0,3.96239996,0.0,4000.0,41.20880127,41.20880127,358.1221619,1.198862195,7.0,8.019842148
2322.0,0.0,1333.0,7484.413086,4456.156738,39.0,5.486400127,14.93519974,4000.0,24.97919846,12.04399872,230.3328857,0.932527781,3.0,6.1074543
2323.0,0.0,1347.0,8470.958984,277.089325,22.0,0.914399981,0.0,1000.0,16.81839943,16.81839943,233.6713409,0.381017745,7.0,-3.702129364
2324.0,0.0,1333.0,15165.36328,2966.614258,17.0,5.791200161,4.87680006,4000.0,6.027199745,3.150400162,452.8487244,3.330812693,3.0,-16.85231781
2325.0,0.0,1382.0,5967.007813,844.3745728,13.0,0.0,0.0,4000.0,10.2567997,9.256799698,229.3865509,0.553663969,4.0,-3.210590601
2326.0,0.0,1303.0,2969.613037,1680.954224,13.0,0.0,0.0,6000.0,5.075200081,8.075200081,259.5991516,0.010506524,4.0,-1.404398918
2328.0,0.0,1299.0,5551.577148,714.9990234,24.0,0.609600008,0.0,6000.0,15.46560001,17.46559906,266.9838562,0.144860134,4.0,0.05915451
2329.0,0.0,1366.0,4858.223633,841.631897,10.0,0.0,0.0,1000.0,6.342400074,8.342399597,256.8136597,0.328180999,7.0,-10.92560387
2330.0,0.0,1407.0,6991.368652,228.178009,8.0,-2.133599997,0.0,6000.0,8.0,8.0,319.6896362,0.095141813,13.0,-1.364519596
2331.0,0.0,1321.0,9605.516602,242.3286896,21.0,0.609600008,0.0,4000.0,14.90399933,14.90399933,286.8435669,0.44298768,7.0,-3.525474548
2332.0,0.0,1406.0,5283.399902,334.8023682,9.0,-1.828799963,0.0,6000.0,9.304800034,12.30480003,305.0085449,0.068549253,13.0,-1.409222245
2334.0,0.0,1349.0,9950.019531,1121.808716,21.0,0.914399981,0.0,4000.0,13.07520008,13.07520008,351.6847839,0.719403327,3.0,-7.367512703
2335.0,0.0,1344.0,1119.083862,1348.745605,19.0,3.96239996,7.010400295,4000.0,16.56159973,8.551199913,336.8617554,1.269006848,7.0,-2.687282562
2336.0,0.0,1310.0,12318.71582,95.02341461,20.0,2.43840003,0.0,6000.0,12.98959923,16.98959923,230.1405487,0.275564075,7.0,-4.389901161
2337.0,0.0,1355.0,5541.637207,875.0546265,39.0,5.791200161,4.87680006,1000.0,39.91439819,35.03760147,347.7138367,0.35422498,7.0,7.771726608
2338.0,0.0,1394.0,1290.267456,1257.920898,20.0,-0.914399981,0.0,6000.0,20.30480003,19.30480003,265.6285706,0.018560532,4.0,-1.543272257
2339.0,0.0,1405.0,4398.298828,42.42481232,9.0,-2.133599997,0.0,6000.0,9.609600067,7.609600067,340.8920593,0.164322034,4.0,-1.634595156
2340.0,0.0,1332.0,389.2160645,1533.239014,34.0,10.36320019,17.98320007,1000.0,11.74959946,0.0,235.5277405,3.957822561,4.0,-1.350816727
2341.0,0.0,1338.0,6299.972168,1126.431152,43.0,3.048000097,0.0,2000.0,39.3423996,39.3423996,307.4444275,1.545896888,7.0,14.60137749
2342.0,0.0,1339.0,3962.253174,1232.905518,22.0,7.924799919,0.0,2000.0,10.11279964,12.11279964,333.0631104,2.13384366,7.0,1.340494156
2343.0,0.0,1346.0,6012.208008,928.1323853,39.0,6.096000195,0.0,4000.0,28.33200073,28.33200073,279.5931702,1.874243617,7.0,7.704410553
2344.0,0.0,1376.0,12675.67969,3778.418701,51.0,-0.609600008,0.0,4000.0,46.73279953,44.73279953,225.7859955,0.970647156,3.0,25.45344734
2345.0,0.0,1326.0,5955.57373,2026.987549,29.0,3.657599926,6.400800228,1000.0,2.78719902,0.0,237.4703369,0.885717988,7.0,5.583789825
2346.0,0.0,1412.0,10062.98145,453.1452332,11.0,0.0,0.0,6000.0,8.866399765,12.86639977,276.207489,0.20162113,9.0,-1.589792013
2347.0,0.0,1332.0,3184.938477,474.0311584,43.0,6.400800228,6.096000195,4000.0,13.12960052,7.033599854,399.9244995,1.610841274,4.0,5.060827255
2348.0,0.0,1320.0,9529.005859,578.1598511,17.0,2.133599997,0.0,2000.0,10.90399933,9.903999329,256.6748352,0.655306399,7.0,-1.081206322
2349.0,0.0,1367.0,1435.010254,458.3167725,18.0,-1.524000049,0.0,4000.0,18.0,16.0,290.9102173,0.04634903,4.0,-1.931645632
2350.0,0.0,1362.0,3950.082031,175.0962067,7.0,0.0,0.0,4000.0,3.951999903,3.951999903,237.6803589,0.705394745,4.0,-8.130712509
2351.0,0.0,1367.0,915.156311,59.88299942,8.0,-2.743200064,0.0,6000.0,8.0,7.0,290.9102173,0.039670181,4.0,-3.232167721
2352.0,0.0,1310.0,5770.858887,1250.805298,16.0,1.219200015,0.0,4000.0,10.20879936,11.20879936,204.0688782,0.335902423,7.0,-1.125688553
2353.0,0.0,1313.0,9989.518555,722.3671265,22.0,0.0,0.0,1000.0,4.931200027,4.931200027,237.1591492,1.018897295,7.0,-0.881456375
2354.0,0.0,1320.0,12230.13086,1440.07959,22.0,1.219200015,0.0,2000.0,9.503199577,8.503199577,295.6751709,0.802612543,7.0,-5.894454956
2355.0,0.0,1392.0,1062.513794,123.9029388,2.0,-2.133599997,0.0,6000.0,2.609600067,1.609600067,300.8526611,0.170323879,4.0,-1.084193826
2356.0,0.0,1351.0,10282.47168,1075.203979,20.0,0.0,7.619999886,4000.0,17.86639977,12.33199978,288.796814,0.873932123,3.0,-12.12030029
2357.0,0.0,1329.0,1326.792603,645.3031616,28.0,12.19200039,5.181600094,6000.0,6.663999557,6.663999557,282.4003601,0.27797547,4.0,-9.819519043
2358.0,0.0,1359.0,5423.889648,751.2161255,17.0,3.048000097,0.0,1000.0,11.81839943,11.81839943,377.7817383,0.756813109,7.0,-1.935731888
2359.0,0.0,1338.0,1923.381836,218.7658539,18.0,1.828799963,0.0,4000.0,13.73279953,13.73279953,242.9218292,1.051880598,7.0,-4.013282776
2360.0,0.0,1340.0,10417.68555,6726.671875,42.0,5.791200161,18.28800011,4000.0,24.32159996,9.033599854,329.9827271,0.862526715,3.0,9.294019699
2361.0,0.0,1309.0,12272.52832,593.9378662,27.0,4.572000027,0.0,1000.0,19.68479919,18.68479919,262.8931885,1.277048469,7.0,4.343608856
2362.0,0.0,1337.0,11304.60449,381.8581848,29.0,2.743200064,7.010400295,1000.0,15.89359951,6.883199692,259.6495667,1.282931209,7.0,-2.114582062
2363.0,0.0,1375.0,12164.07422,4123.253418,34.0,0.609600008,0.0,1000.0,28.20879936,32.20880127,267.0775757,0.964874327,3.0,14.38846207
2364.0,0.0,1329.0,5346.04834,542.2623291,56.0,3.96239996,15.84959984,4000.0,33.44480133,16.59519958,414.231842,1.153611422,3.0,20.10025406
2365.0,0.0,1319.0,9810.489258,329.3537598,25.0,-0.304800004,0.0,1000.0,19.81839943,20.12319946,273.6684875,0.268285155,7.0,-1.242067337
2366.0,0.0,1370.0,6598.983887,1719.128906,12.0,2.743200064,0.0,1000.0,4.684800148,4.684800148,270.0033569,0.760718346,7.0,-4.524755478
2367.0,0.0,1330.0,11617.68359,2516.631348,34.0,2.743200064,15.23999977,4000.0,16.62639999,0.0,289.2063599,0.628715277,7.0,5.534622192
2368.0,0.0,1333.0,381.8586426,903.7940063,38.0,9.448800087,12.49680042,1000.0,14.83519936,2.33839798,265.2467041,2.331189871,4.0,6.709360123
2369.0,0.0,1365.0,1629.900757,1326.846313,15.0,-1.524000049,0.0,6000.0,14.0855999,14.0855999,234.6211395,0.155170128,4.0,-3.073582649
2370.0,0.0,1319.0,12629.1582,1461.397949,24.0,0.609600008,0.0,2000.0,13.94159985,13.63679981,236.6968384,0.934175491,7.0,2.797031403
2371.0,0.0,1332.0,2177.349854,339.3945923,20.0,1.828799963,0.0,4000.0,12.98959923,13.29439926,289.3903809,0.181648895,4.0,-4.066748619
2372.0,0.0,1335.0,6366.449219,4150.890625,37.0,5.181600094,14.02080059,4000.0,20.84560013,10.04399872,269.0804138,0.430094242,3.0,-0.275701523
2373.0,0.0,1353.0,2340.407715,974.895752,12.0,0.0,0.0,6000.0,12.60960007,12.60960007,231.7112122,0.014738967,4.0,-5.773391724
2374.0,0.0,1353.0,9441.685547,684.4716187,21.0,0.304800004,0.0,1000.0,17.95199966,17.95199966,340.028717,5.129992485,4.0,-17.33448219
2375.0,0.0,1367.0,7577.558594,1024.453979,29.0,4.87680006,3.048000097,1000.0,29.30480003,26.2567997,415.0044861,1.230865955,3.0,6.814161301
2376.0,0.0,1352.0,10898.36328,805.9656372,24.0,-0.304800004,7.924799919,4000.0,21.86639977,12.94159985,357.0018005,0.542607486,3.0,-5.160600662
2378.0,0.0,1333.0,5958.130859,2956.981201,40.0,5.181600094,0.0,4000.0,29.33200073,29.33200073,239.6516724,0.690657675,3.0,-0.242982864
2379.0,0.0,1326.0,4937.076172,1929.534546,10.0,0.914399981,0.0,6000.0,1.770400047,0.770400047,303.3895874,0.012642353,7.0,-2.682529449
2380.0,0.0,1350.0,3720.729492,595.6176758,28.0,5.181600094,6.096000195,1000.0,28.0,23.90399933,262.703949,0.955287218,7.0,6.036514282
2381.0,0.0,1321.0,5346.700195,793.0609131,29.0,0.914399981,0.0,6000.0,20.770401,15.77040005,252.1249695,0.221312419,7.0,-0.557333946
2382.0,0.0,1334.0,7238.285645,30.05837822,16.0,1.828799963,0.0,1000.0,7.465600014,9.465600014,367.0386047,0.209789589,7.0,-5.059659958
2383.0,0.0,1346.0,13060.06152,1104.669312,30.0,2.133599997,6.400800228,4000.0,15.67439938,9.273599625,247.1071167,0.572622061,3.0,-0.684213638
2384.0,0.0,1331.0,7863.983887,523.0281982,11.0,1.219200015,0.0,6000.0,2.465600014,3.465600014,270.4975586,0.232318267,7.0,-4.386657715
2385.0,0.0,1345.0,4274.397949,454.868988,29.0,5.791200161,0.0,2000.0,21.07519913,20.07519913,372.7044983,1.482817411,7.0,1.487949371
2386.0,0.0,1330.0,6648.85498,523.005188,12.0,1.524000049,0.0,6000.0,3.770400047,3.770400047,248.0578156,0.005234801,7.0,-4.269687653
2387.0,0.0,1371.0,9153.772461,4355.591309,45.0,1.524000049,0.0,1000.0,34.33200073,34.33200073,356.7462158,1.305147409,3.0,19.88359833
2388.0,0.0,1335.0,5725.49707,3643.420898,44.0,4.87680006,18.59280014,4000.0,29.06480026,10.47200012,335.478363,0.761001885,3.0,4.244354248
2389.0,0.0,1343.0,3365.162109,1292.642456,24.0,5.486400127,10.66800022,4000.0,23.0855999,12.41759968,279.813385,0.678433001,7.0,-4.208130836
2390.0,0.0,1374.0,8094.193359,67.00067902,7.0,-2.133599997,0.0,1000.0,10.04800034,10.04800034,224.6712036,0.109063871,4.0,0.084751308
2391.0,0.0,1334.0,3117.029297,169.7147675,16.0,1.524000049,0.0,1000.0,9.599199295,9.599199295,337.1042175,0.177313998,4.0,-3.548915863
2392.0,0.0,1336.0,6646.381836,1528.237427,27.0,3.352800131,0.0,4000.0,23.3423996,24.3423996,274.9765625,1.534538031,7.0,0.222421646
2393.0,0.0,1335.0,16457.43555,2413.411621,26.0,4.87680006,6.705600262,4000.0,10.76000023,4.05439949,275.8217468,3.439933538,3.0,-4.946006775
2394.0,0.0,1322.0,9875.805664,67.00064087,24.0,1.524000049,0.0,1000.0,18.20879936,19.20879936,265.5245972,0.121320657,7.0,1.448426247
2395.0,0.0,1336.0,4906.870605,513.4317017,30.0,4.572000027,0.0,2000.0,26.03759956,26.03759956,353.1177979,1.29491806,7.0,0.120315552
2396.0,0.0,1326.0,11676.42285,1601.785156,37.0,1.524000049,17.06879997,1000.0,20.54080009,4.472000122,297.8214417,2.108783245,7.0,7.058626175
2397.0,0.0,1325.0,11282.8877,1197.990479,38.0,1.524000049,22.55520058,4000.0,21.84560013,0.0,372.0191345,2.189248323,7.0,8.433416367
2398.0,0.0,1304.0,8348.384766,546.4084473,30.0,-0.304800004,0.0,6000.0,22.98959923,23.98959923,318.5162048,0.01655546,4.0,-1.256902695
2399.0,0.0,1322.0,5481.337891,42.4288063,26.0,0.0,0.0,5000.0,17.770401,10.77040005,294.4446411,0.318796366,4.0,-3.190307617
2400.0,0.0,1338.0,2981.821777,1998.412598,45.0,5.486400127,0.0,4000.0,35.55120087,35.55120087,322.32547,1.140477419,4.0,3.117338181
2401.0,0.0,1356.0,3831.789063,161.326355,4.0,-2.133599997,0.0,6000.0,6.438400269,6.438400269,238.5084686,0.004682491,4.0,-0.289493442
2402.0,0.0,1352.0,575.956543,95.01807404,21.0,-2.743200064,0.0,6000.0,23.43840027,22.43840027,239.3251953,0.042818744,4.0,-3.057223797
2403.0,0.0,1336.0,6558.600586,3497.015625,46.0,5.181600094,13.10640049,4000.0,33.50320053,11.39679909,239.6516724,1.582484722,3.0,5.736963272
2404.0,0.0,1334.0,4230.635254,402.9614868,59.0,6.096000195,9.753600121,4000.0,28.82480049,18.07120132,283.419281,3.287329912,4.0,14.53437805
2405.0,0.0,1350.0,6263.466309,948.0845337,15.0,5.791200161,10.36320019,4000.0,15.0,6.636799812,255.8919983,1.763163924,3.0,-15.94633389
2406.0,0.0,1371.0,5580.333008,984.5212402,15.0,0.304800004,0.0,1000.0,11.03759956,11.03759956,271.5040894,0.180376172,7.0,-7.288417816
2407.0,0.0,1302.0,4186.944336,842.1953735,21.0,-0.304800004,0.0,6000.0,12.46560001,12.46560001,240.2220154,0.012648816,4.0,-1.419088364
2408.0,0.0,1319.0,11626.13574,1932.568726,22.0,0.0,0.0,4000.0,9.198399544,9.198399544,314.0299377,0.357386231,7.0,-4.643596649
2409.0,0.0,1376.0,10817.13184,690.2072754,31.0,-1.828799963,0.0,1000.0,30.69519997,30.69519997,534.6436768,0.368110567,3.0,4.913785934
2410.0,0.0,1330.0,7266.601563,149.7087555,12.0,2.133599997,0.0,6000.0,2.551199913,2.551199913,338.7492371,0.063307032,7.0,-4.920948029
2411.0,0.0,1326.0,6333.768066,2979.247559,42.0,3.96239996,7.924799919,4000.0,15.78719902,3.862400055,268.2106018,2.317208767,3.0,8.668140411
2412.0,0.0,1342.0,10215.92285,1828.960449,29.0,3.657599926,13.10640049,1000.0,18.9416008,5.835199356,356.2158813,2.351385832,3.0,-2.43583107
2413.0,0.0,1336.0,4944.833008,3538.075195,39.0,4.267199993,18.28800011,4000.0,24.06480026,5.776798248,335.478363,0.321448773,4.0,4.613540649
2414.0,0.0,1323.0,6988.525391,1600.932983,44.0,1.219200015,10.36320019,1000.0,21.13999939,9.557598114,337.8363953,1.522809744,7.0,14.07490158
2415.0,0.0,1339.0,15750.72852,3012.437012,27.0,5.181600094,5.181600094,4000.0,5.968799591,0.78719902,348.7189026,0.866979837,3.0,-8.507686615
2416.0,0.0,1386.0,8235.682617,1146.187622,16.0,1.524000049,0.0,1000.0,13.2567997,13.2567997,233.9492798,0.593644083,7.0,-0.372112751
2417.0,0.0,1310.0,5104.265625,1847.006592,16.0,0.304800004,0.0,4000.0,10.20879936,10.20879936,220.1583862,0.33965072,7.0,-0.921811104
2418.0,0.0,1353.0,42.42456055,228.1503448,19.0,-1.219200015,0.0,6000.0,21.43840027,21.43840027,294.3809204,0.266901702,4.0,-5.492543697
2419.0,0.0,1336.0,2594.26001,779.1972656,26.0,9.753600121,0.0,2000.0,11.67439938,11.67439938,475.4278259,1.087279677,4.0,-6.705615997
2420.0,0.0,1309.0,10820.71973,150.2992554,7.0,2.133599997,0.0,2000.0,0.903999805,7.903999805,227.0005646,0.717422128,7.0,-2.029780388
2421.0,0.0,1346.0,10469.73242,703.3537598,32.0,3.657599926,11.27760029,1000.0,24.68479919,13.40719986,282.1671143,1.527635098,3.0,1.205835342
2422.0,0.0,1307.0,4310.232422,2885.311523,13.0,0.609600008,0.0,6000.0,5.989599705,10.98959923,246.6352997,0.077107511,4.0,-0.788589478
2423.0,0.0,1311.0,10386.29492,302.0901184,17.0,1.524000049,0.0,6000.0,10.5991993,7.599199772,320.859314,0.06909138,7.0,-2.430120468
2424.0,0.0,1319.0,6183.57959,2225.704834,26.0,3.048000097,6.400800228,1000.0,0.0,0.0,237.4703369,2.703452587,7.0,-1.937953949
2425.0,0.0,1362.0,8847.183594,1506.135376,37.0,-0.914399981,0.0,2000.0,33.95199966,33.95199966,310.5688782,0.619658947,4.0,3.77904892
2426.0,0.0,1332.0,9047.915039,5038.986328,49.0,5.486400127,20.11680031,4000.0,30.10239983,8.985599518,323.0663757,1.317827702,3.0,15.96116447
2427.0,0.0,1333.0,5771.634277,29.94200516,12.0,2.43840003,0.0,5000.0,4.684800148,4.684800148,346.3070374,0.067879692,7.0,-5.140109062
2428.0,0.0,1338.0,3658.197021,1424.746338,33.0,5.181600094,0.0,4000.0,27.20879936,26.98959923,471.8767395,0.566516042,3.0,-8.119794846
2429.0,0.0,1329.0,2270.573975,578.5194092,39.0,6.096000195,6.096000195,4000.0,10.65359879,10.65359879,320.3684082,1.110456347,4.0,6.490522385
2430.0,0.0,1362.0,4978.110352,900.2557373,15.0,0.0,0.0,1000.0,11.95199966,11.95199966,233.9782867,0.535533726,7.0,-12.96051598
2431.0,0.0,1335.0,11350.02832,951.7548218,19.0,2.133599997,9.448800087,6000.0,5.283999443,0.0,294.8086548,1.746658802,7.0,-4.440217972
2433.0,0.0,1365.0,9353.223633,3310.963623,40.0,1.828799963,0.0,1000.0,28.1128006,28.1128006,271.000946,0.36658752,3.0,11.76984787
2434.0,0.0,1389.0,1211.025513,330.6413574,8.0,-1.524000049,0.0,6000.0,8.609600067,11.60960007,300.8526611,0.03366157,4.0,-1.096082211
2435.0,0.0,1323.0,6373.11377,1111.42395,30.0,2.43840003,2.133599997,1000.0,6.530399323,0.0,210.8333588,0.909241676,7.0,2.140052795
2436.0,0.0,1324.0,7145.845215,2186.720947,37.0,1.219200015,13.10640049,4000.0,13.53039932,0.0,332.961792,0.672157049,7.0,5.148635864
2437.0,0.0,1351.0,11475.88965,1660.10144,35.0,0.609600008,7.924799919,1000.0,32.86640167,24.63679886,380.770874,0.429201245,3.0,6.300252914
2438.0,0.0,1364.0,5772.669922,108.0887451,10.0,-2.133599997,0.0,6000.0,10.0,10.0,278.4005127,0.062841631,4.0,-0.380178332
2439.0,0.0,1328.0,10592.62305,362.0405579,10.0,1.524000049,0.0,2000.0,0.551199913,0.551199913,298.1235046,0.522408187,7.0,-2.379822731
2440.0,0.0,1339.0,5434.39502,1476.942749,33.0,4.87680006,0.0,4000.0,26.5991993,27.5991993,322.3105469,1.198823333,3.0,1.014175415
2441.0,0.0,1331.0,14702.31348,445.9229431,35.0,2.743200064,18.59280014,4000.0,19.4552002,0.862400055,412.4253235,1.227696419,7.0,10.66236305
2442.0,0.0,1329.0,7526.149902,2675.999268,37.0,3.657599926,11.58240032,4000.0,12.92079926,0.33839798,293.8341064,0.671698809,3.0,8.145565033
2443.0,0.0,1344.0,5882.585449,2039.852783,22.0,4.267199993,12.49680042,1000.0,19.56159973,7.064800262,232.0625,2.059053898,7.0,0.471458435
2444.0,0.0,1390.0,2549.4375,641.6787109,9.0,-1.219200015,0.0,6000.0,9.0,9.0,236.5166626,0.146791101,4.0,-1.478616118
2445.0,0.0,1326.0,4087.856445,89.82606506,28.0,0.304800004,0.0,6000.0,19.46559906,19.46559906,355.3633728,0.354519874,4.0,-3.147321701
2446.0,0.0,1359.0,3442.436523,120.2380753,5.0,-2.43840003,0.0,6000.0,5.0,5.0,208.8739777,0.048359588,4.0,-0.241410553
2447.0,0.0,1328.0,2807.466309,1398.037842,29.0,9.753600121,13.10640049,2000.0,5.225599289,0.0,296.056366,0.344586641,4.0,4.100669861
2448.0,0.0,1344.0,3852.08374,488.4713135,25.0,4.87680006,8.83920002,1000.0,25.30480003,13.46560001,322.7124023,0.391500741,7.0,-1.799959183
2449.0,0.0,1331.0,9946.699219,4787.825684,39.0,5.181600094,16.15439987,4000.0,19.79759979,2.643199921,258.9134216,1.216968179,3.0,8.338691711
2450.0,0.0,1317.0,7831.708496,1245.473389,20.0,0.0,0.0,2000.0,0.0,0.0,269.417572,0.521200836,7.0,-3.457641602
2451.0,0.0,1315.0,4974.427246,423.4593811,15.0,-0.304800004,0.0,2000.0,10.12319946,16.12319946,241.5900421,0.114137746,4.0,-1.577827454
2452.0,0.0,1389.0,2343.0354,322.6661682,13.0,-1.828799963,0.0,6000.0,13.30480003,13.30480003,378.3137207,0.032577161,4.0,-1.266541004
2453.0,0.0,1307.0,2448.186035,1595.379272,22.0,0.304800004,0.0,4000.0,14.38000011,12.38000011,268.4014893,0.444742531,4.0,0.049965858
2454.0,0.0,1377.0,8282.126953,1924.648804,26.0,3.96239996,0.0,4000.0,18.68479919,18.68479919,492.8469238,0.935997605,7.0,1.908748627
2455.0,0.0,1346.0,5479.996094,2217.371338,28.0,3.352800131,0.0,1000.0,20.98959923,20.07519913,266.041687,0.697282791,7.0,5.935462952
2456.0,0.0,1347.0,6886.855957,1701.036133,34.0,3.657599926,12.49680042,1000.0,29.73279953,17.84560013,242.8175964,2.49563694,7.0,9.232334137
2457.0,0.0,1355.0,6052.566406,2127.047119,30.0,0.0,0.0,1000.0,25.12319946,25.12319946,237.09729,2.663363218,7.0,16.63654709
2458.0,0.0,1301.0,6927.706055,123.4732895,15.0,0.0,0.0,6000.0,7.380000114,9.380000114,306.5343628,0.003534073,4.0,-1.354457855
2460.0,0.0,1339.0,7691.74707,1340.279297,19.0,2.133599997,0.0,4000.0,15.03759956,15.03759956,238.3486176,1.947343111,7.0,-6.81366539
2461.0,0.0,1321.0,7486.484863,1382.584106,38.0,1.219200015,0.0,4000.0,17.27359962,18.27359962,338.9694824,2.163334131,7.0,6.20372963
2462.0,0.0,1337.0,13327.49219,3899.723633,42.0,3.96239996,11.88720036,4000.0,21.88319969,9.995998383,303.5528259,1.409524918,3.0,8.626045227
2463.0,0.0,1353.0,9449.341797,871.8602295,19.0,0.0,0.0,1000.0,17.78079987,17.78079987,340.028717,6.823989391,4.0,-2.744941711
2464.0,0.0,1351.0,94.71378326,42.42455673,22.0,-1.219200015,0.0,6000.0,24.13360023,24.13360023,343.8348083,0.239183217,4.0,-5.324212551
2465.0,0.0,1320.0,7502.675293,1045.313843,15.0,0.0,0.0,6000.0,7.989599705,8.989599228,275.383606,0.011515026,7.0,-1.340647697
2466.0,0.0,1353.0,1083.952881,495.9658813,12.0,-2.133599997,0.0,6000.0,16.87680054,17.87680054,333.7005615,0.006960047,4.0,-2.556158543
2467.0,0.0,1347.0,10601.14258,1846.659668,35.0,1.219200015,7.010400295,4000.0,23.72240067,16.71199989,281.0329895,1.170078039,3.0,1.97019577
2468.0,0.0,1345.0,2437.111328,1102.344727,20.0,5.181600094,8.534399986,4000.0,18.78079987,10.24639988,308.2875061,0.780080497,7.0,-2.600154877
2469.0,0.0,1360.0,2916.069336,228.7805023,9.0,-1.219200015,0.0,6000.0,8.695199966,8.695199966,235.9615326,0.318277478,4.0,-1.05553472
2470.0,0.0,1339.0,8359.320313,572.0560913,27.0,2.43840003,7.619999886,4000.0,19.38000107,9.760000229,294.1700134,1.209394813,7.0,-7.093262672
2471.0,0.0,1343.0,12119.10645,3373.51001,21.0,2.43840003,5.181600094,4000.0,5.760000229,5.578399658,273.9357605,2.136462688,3.0,-6.767889023
2472.0,0.0,1341.0,9501.242188,1779.77124,29.0,4.267199993,12.49680042,1000.0,20.46559906,6.968799591,264.6276855,1.146453261,3.0,-1.221961975
2473.0,0.0,1309.0,13439.05566,842.2235107,13.0,0.609600008,0.0,6000.0,2.027199745,1.027199745,297.4830627,0.007939645,4.0,-5.265514374
2474.0,0.0,1339.0,15960.3916,2461.246094,47.0,5.181600094,17.98320007,4000.0,26.57839966,7.985599518,238.1809235,2.149605751,3.0,17.05077744
2475.0,0.0,1322.0,11198.29004,641.6671753,20.0,0.914399981,0.0,4000.0,12.38000011,12.38000011,266.3283997,0.749323308,7.0,-2.888014793
2476.0,0.0,1320.0,12426.83301,974.9056396,30.0,1.219200015,0.0,1000.0,16.89360046,16.89360046,244.3821106,1.788806319,7.0,1.934528351
2477.0,0.0,1353.0,9389.610352,1289.473145,26.0,-0.304800004,0.0,1000.0,23.2567997,23.2567997,344.4610291,1.12578547,3.0,-1.920825958
2478.0,0.0,1374.0,8275.44043,2734.934814,45.0,10.36320019,0.0,1000.0,36.770401,34.770401,417.7061157,1.487203598,3.0,20.05804062
2479.0,0.0,1326.0,10427.28027,389.4786072,13.0,-0.304800004,0.0,6000.0,4.16079998,3.16079998,326.5503845,0.438198894,7.0,-5.091281891
2480.0,0.0,1309.0,10286.28027,1206.078369,22.0,0.0,0.0,1000.0,5.845600128,4.845600128,231.6712189,1.269295931,7.0,-4.087017059
2482.0,0.0,1332.0,2679.311279,150.2887878,21.0,1.828799963,0.0,1000.0,14.5991993,17.5991993,318.3562927,0.301399231,4.0,-5.512919426
2483.0,0.0,1371.0,4468.195313,94.71739197,4.0,-2.43840003,0.0,6000.0,6.133600235,7.219200134,286.9493103,0.133600548,4.0,-0.170449615
2484.0,0.0,1327.0,7599.253906,1140.2771,32.0,2.743200064,0.609600008,4000.0,5.78719902,5.177598953,353.4235535,1.746719122,3.0,2.793262482
2485.0,0.0,1361.0,3763.427246,558.3422241,11.0,-2.133599997,0.0,6000.0,11.30480003,11.30480003,237.196579,0.067807019,4.0,-0.521853924
2486.0,0.0,1351.0,2807.638916,66.99907684,4.0,-2.43840003,0.0,6000.0,8.26720047,8.26720047,318.0367737,0.251004785,4.0,-0.889898896
2487.0,0.0,1376.0,782.982666,94.72315216,9.0,-2.43840003,0.0,6000.0,9.0,9.0,284.7579346,0.41145581,4.0,-1.24180007
2488.0,0.0,1329.0,4306.404297,384.0060425,16.0,1.828799963,0.0,6000.0,9.294399261,9.294399261,279.1446533,0.394323349,7.0,-3.265159607
2489.0,0.0,1396.0,9001.474609,900.286499,13.0,1.524000049,0.0,1000.0,10.86639977,13.56159973,238.7529907,0.123138353,13.0,1.141524792
2490.0,0.0,1326.0,5085.84375,1301.848999,27.0,4.87680006,1.524000049,1000.0,2.006399155,0.482398987,475.1472473,0.525450885,4.0,-1.486854553
2491.0,0.0,1363.0,11374.86426,4790.083008,31.0,2.133599997,3.657599926,8000.0,21.24639893,17.58879852,327.63797,1.441297174,3.0,6.509126663
2492.0,0.0,1329.0,1597.428955,255.9233551,31.0,11.88720036,2.43840003,4000.0,9.663999557,10.22559929,310.1330566,0.601472378,4.0,-9.273628235
2493.0,0.0,1375.0,12369.36328,3043.484863,40.0,-2.43840003,0.0,1000.0,36.64720154,37.64720154,271.8134155,0.86780107,7.0,18.22092247
2494.0,0.0,1342.0,13436.96191,1192.918335,49.0,2.743200064,6.096000195,4000.0,31.93120003,21.83519936,313.7319641,0.843300939,3.0,15.30568886
2495.0,0.0,1353.0,9603.02832,703.1397095,25.0,-0.609600008,0.0,1000.0,23.1711998,21.1711998,306.6386108,2.295479298,3.0,-5.046640396
2496.0,0.0,1330.0,3952.55127,1014.363892,11.0,1.219200015,0.0,6000.0,3.380000114,3.380000114,232.0612793,0.237457052,7.0,-3.520813942
2497.0,0.0,1330.0,6361.168457,4922.394043,42.0,4.267199993,23.46960068,4000.0,21.88319969,2.632801056,256.3026733,1.312898755,3.0,10.90525627
2499.0,0.0,1375.0,3822.601074,60.11648178,13.0,0.0,0.0,2000.0,10.56159973,10.56159973,229.1942291,0.193286687,4.0,-3.817409515
2501.0,0.0,1408.0,7042.700195,0.0,5.0,-2.133599997,0.0,6000.0,5.0,5.0,319.6896362,0.018613214,13.0,-2.043224096
2502.0,0.0,1325.0,8506.245117,1505.15625,38.0,3.048000097,11.27760029,2000.0,14.53039932,2.252799988,369.3534851,1.719971538,3.0,10.12863159
2503.0,0.0,1360.0,4612.054688,84.85675812,5.0,-2.43840003,0.0,6000.0,5.609600067,4.609600067,233.5436859,0.028534945,4.0,0.037017286
2504.0,0.0,1365.0,6203.977051,255.9458466,8.0,-2.133599997,0.0,6000.0,8.0,9.0,228.9258728,0.058709465,4.0,-0.243871927
2505.0,0.0,1328.0,12356.36816,2743.649414,19.0,4.572000027,4.267199993,4000.0,6.807999611,2.187999725,312.0429077,0.865024149,3.0,-11.04608917
2506.0,0.0,1396.0,8858.094727,1025.117676,18.0,1.219200015,0.0,6000.0,15.56159973,14.56159973,238.7529907,0.259477079,13.0,0.770079136
2507.0,0.0,1330.0,469.0527954,246.9726868,23.0,0.609600008,0.0,6000.0,14.77040005,16.770401,266.5647278,0.105722904,4.0,-3.010867119
2508.0,0.0,1345.0,15311.30469,1665.429077,41.0,3.352800131,16.45919991,4000.0,21.79759979,6.33839798,389.8926086,0.788140774,3.0,10.30870438
2509.0,0.0,1351.0,5058.34082,1834.492798,30.0,4.572000027,7.315199852,1000.0,29.69519997,22.38000107,343.3447571,1.507961392,7.0,2.520889282
2510.0,0.0,1336.0,2802.374756,1032.858887,21.0,3.352800131,0.0,6000.0,16.73279953,16.73279953,259.8302612,0.212918773,7.0,-7.316017151
2511.0,0.0,1352.0,2941.765625,308.555603,4.0,-2.43840003,0.0,6000.0,4.609600067,4.609600067,241.1138153,0.04735722,4.0,-0.519923985
2512.0,0.0,1323.0,12371.9873,957.1268311,11.0,2.133599997,0.0,1000.0,0.0,0.0,235.871994,0.141856387,7.0,-7.665934563
2513.0,0.0,1345.0,6488.404785,1392.681885,24.0,3.657599926,12.49680042,1000.0,20.03759956,8.540800095,274.013092,1.371996164,7.0,-5.2374506
2514.0,0.0,1348.0,5525.824707,2107.811035,23.0,5.486400127,8.83920002,8000.0,23.0,13.16079998,326.8225098,1.383556247,3.0,-0.912460327
2515.0,0.0,1338.0,14647.80762,2792.969971,38.0,4.267199993,12.19200039,4000.0,16.66399956,3.472000122,308.0744324,0.679570019,3.0,12.68704987
2517.0,0.0,1332.0,670.0397339,1535.536499,33.0,9.448800087,0.0,1000.0,11.35919952,9.359199524,311.6179504,4.946178913,4.0,-0.302248001
2518.0,0.0,1324.0,3778.42041,606.5454102,40.0,7.619999886,13.71600056,2000.0,15.31119919,3.595199585,398.7271729,0.638415337,4.0,7.399181366
2519.0,0.0,1336.0,6479.119629,1396.456421,30.0,3.352800131,0.0,4000.0,26.03759956,29.03759956,274.9765625,1.036068201,7.0,3.794120789
2520.0,0.0,1360.0,530.8158569,512.5310669,22.0,-1.219200015,0.0,6000.0,22.60960007,23.60960007,221.9205475,0.085414246,4.0,-3.157782078
2521.0,0.0,1325.0,3435.900391,931.8043213,14.0,2.743200064,0.0,4000.0,5.770400047,5.770400047,291.4562988,0.110220991,7.0,-0.78646946
2522.0,0.0,1308.0,9699.210938,134.3312531,23.0,0.304800004,0.0,1000.0,16.29439926,18.29439926,232.1582336,0.601366282,7.0,0.905923843
2523.0,0.0,1318.0,9048.561523,67.16378021,20.0,0.0,0.0,6000.0,13.90399933,13.90399933,279.6150513,0.408083439,7.0,-2.00970459
2524.0,0.0,1310.0,11401.25,360.7190857,22.0,5.791200161,0.0,2000.0,15.5991993,15.5991993,287.3266602,0.606102526,7.0,3.068664551
2525.0,0.0,1314.0,7473.743652,371.7336731,10.0,-1.219200015,0.0,6000.0,8.475999832,9.475999832,282.2337036,0.004033685,7.0,-2.031645775
2526.0,0.0,1331.0,13865.41602,1794.214233,31.0,3.657599926,9.753600121,1000.0,16.3696003,6.615999222,311.3988342,1.601914167,7.0,3.938497543
2527.0,0.0,1317.0,8760.249023,255.9430542,31.0,-1.219200015,0.0,2000.0,10.88319969,10.88319969,341.5246277,1.710397601,7.0,-3.8132267
2528.0,0.0,1349.0,8368.693359,834.5040283,21.0,1.219200015,0.0,1000.0,16.4279995,16.4279995,233.6713409,0.880093217,7.0,-3.372879028
2529.0,0.0,1353.0,9269.84082,277.0750732,24.0,-0.304800004,0.0,2000.0,25.8288002,31.35280037,325.870636,0.437601864,4.0,-1.464672089
2530.0,0.0,1359.0,5279.39502,459.7467346,15.0,3.352800131,0.0,1000.0,10.12319946,12.12319946,377.7817383,1.730975389,7.0,0.453295708
2531.0,0.0,1324.0,7103.11084,2361.363281,44.0,1.219200015,8.83920002,4000.0,20.53039932,8.472000122,332.961792,0.655635595,7.0,7.541870117
2532.0,0.0,1299.0,5454.199707,430.1075745,29.0,0.304800004,0.0,6000.0,20.16080093,19.16080093,239.1805267,0.029825585,4.0,-1.466855049
2533.0,0.0,1331.0,3080.262451,883.7423706,36.0,5.486400127,2.743200064,1000.0,7.043998718,9.567998886,345.9299316,1.738302827,4.0,-4.115032196
2534.0,0.0,1347.0,3541.980713,1344.658813,18.0,0.914399981,0.0,1000.0,15.2567997,15.2567997,337.535614,0.073549502,7.0,-3.997107506
2535.0,0.0,1356.0,3514.998779,1024.445923,10.0,0.0,0.0,4000.0,6.951999664,6.951999664,213.3416748,0.309254915,4.0,-7.191662788
2536.0,0.0,1351.0,1257.023804,1338.688354,19.0,0.0,0.0,6000.0,20.52400017,20.52400017,234.3930206,0.064337328,4.0,-4.429316521
2537.0,0.0,1329.0,3633.311279,1421.290527,11.0,1.219200015,0.0,6000.0,3.380000114,6.380000114,232.0612793,0.384050488,7.0,-3.129007339
2538.0,0.0,1352.0,808.9359741,916.7276001,19.0,-1.219200015,0.0,6000.0,21.13360023,22.13360023,234.3930206,0.042123582,4.0,-4.060979366
2539.0,0.0,1363.0,5871.32666,257.9149475,17.0,-2.133599997,0.0,6000.0,17.0,17.0,245.4611206,0.106122635,4.0,0.05313623
2540.0,0.0,1339.0,2592.509277,570.0709229,25.0,4.572000027,9.144000053,4000.0,21.95199966,13.11279964,234.4272308,0.804669201,7.0,-0.614919662
2541.0,0.0,1377.0,4941.861816,421.8803711,11.0,1.219200015,0.0,4000.0,7.951999664,7.951999664,230.7299347,0.191033766,4.0,-5.328235149
2542.0,0.0,1353.0,3537.562012,29.93994522,6.0,-2.43840003,0.0,6000.0,10.26720047,10.26720047,239.6111145,0.092353769,4.0,-1.136783481
2543.0,0.0,1344.0,5305.470215,2319.847656,40.0,5.181600094,11.27760029,1000.0,40.0,28.72240067,213.4204254,2.050373077,7.0,3.802755356
2544.0,0.0,1318.0,7389.133301,1721.213135,29.0,0.914399981,3.657599926,4000.0,5.225599289,1.567998886,298.6432495,0.358318806,7.0,2.646997452
2545.0,0.0,1339.0,8356.554688,539.793396,25.0,2.43840003,7.619999886,4000.0,17.38000107,7.760000229,294.1700134,1.0439713,7.0,-6.912603378
2546.0,0.0,1335.0,15729.3457,2466.738037,17.0,4.267199993,5.486400127,4000.0,1.760000229,2.369600296,271.9959717,0.593271077,3.0,-17.49419403
2547.0,0.0,1329.0,14566.20898,1195.973999,44.0,3.048000097,14.32560062,1000.0,29.06480026,14.73920059,303.182373,1.042470098,3.0,6.511180878
2548.0,0.0,1308.0,13254.89648,123.9087296,20.0,2.133599997,0.0,2000.0,11.46560001,11.46560001,238.7757721,0.588867009,7.0,-3.197360992
2549.0,0.0,1314.0,3715.756592,108.2429657,23.0,-0.304800004,0.0,1000.0,17.20879936,17.20879936,220.8346405,0.120751545,4.0,-0.789197922
2550.0,0.0,1311.0,10501.08008,1551.683594,29.0,2.133599997,0.0,4000.0,15.28399944,16.2840004,228.4182892,0.668597698,7.0,-0.331001282
2551.0,0.0,1376.0,10604.56738,246.9777374,22.0,-5.181600094,0.0,1000.0,22.30480003,22.30480003,440.4055786,1.679087281,7.0,-2.239095688
2552.0,0.0,1357.0,6406.634766,1256.53125,39.0,5.791200161,4.572000027,1000.0,39.91439819,35.3423996,347.7138367,1.156223893,7.0,6.920717239
2553.0,0.0,1377.0,8603.916992,1109.502563,20.0,4.87680006,0.0,1000.0,14.81839943,14.81839943,262.1902466,0.033750664,7.0,-6.024549961
2554.0,0.0,1389.0,2924.927002,454.8352051,18.0,-0.914399981,0.0,6000.0,18.0,20.0,236.5166626,0.184869424,13.0,-1.208234787
2555.0,0.0,1341.0,4463.59668,2738.105957,38.0,4.572000027,21.64080048,4000.0,26.1128006,8.520000458,287.4446411,0.64874208,3.0,5.04343605
2556.0,0.0,1330.0,3660.436035,1230.30481,11.0,1.219200015,0.0,6000.0,3.380000114,3.380000114,232.0612793,0.042145729,7.0,-3.087456703
2557.0,0.0,1338.0,6933.411621,2215.234863,32.0,3.96239996,0.0,4000.0,26.20879936,28.20879936,335.9450073,2.46101284,3.0,-0.662862778
2558.0,0.0,1336.0,2388.393799,678.8587646,23.0,2.43840003,0.0,4000.0,18.73279953,18.73279953,248.6342926,0.544696748,7.0,-5.739490509
2559.0,0.0,1335.0,2575.822754,94.72593689,27.0,1.219200015,0.0,6000.0,19.68479919,19.68479919,230.7176208,0.090519205,4.0,-6.503097534
2561.0,0.0,1334.0,4179.439453,120.2415009,68.0,5.181600094,10.97280025,4000.0,36.60559845,23.63280106,256.8882751,9.027991295,4.0,28.59718132
2562.0,0.0,1387.0,3135.877441,134.0033569,0.0,-2.43840003,0.0,6000.0,0.609600008,1.609600067,233.280899,0.051416136,4.0,-0.400323868
2563.0,0.0,1325.0,9828.512695,2703.104492,30.0,3.96239996,6.096000195,4000.0,9.273599625,6.177598953,396.0274353,1.226291537,3.0,1.671773911
2564.0,0.0,1382.0,11923.09766,211.7428436,14.0,0.609600008,0.0,1000.0,13.39039993,13.39039993,258.4622192,0.715846717,9.0,-4.796153069
2565.0,0.0,1313.0,6087.094727,1109.442139,27.0,1.524000049,0.0,4000.0,21.81839943,21.81839943,226.4905548,0.882102549,7.0,1.379841805
2566.0,0.0,1349.0,4290.968262,1298.708374,13.0,0.914399981,0.0,1000.0,11.78079987,11.78079987,281.155365,0.414729416,4.0,-5.059368134
2567.0,0.0,1366.0,7019.540039,300.9078979,10.0,-2.133599997,0.0,6000.0,11.52400017,10.52400017,226.8200836,0.038281508,4.0,0.388788253
2568.0,0.0,1373.0,8724.041992,84.84945679,5.0,-1.828799963,0.0,6000.0,6.828800201,6.828800201,236.6628723,0.083223112,4.0,0.203526914
2569.0,0.0,1333.0,5959.96875,3147.61792,39.0,4.87680006,18.28800011,4000.0,26.80799866,8.520000458,239.6516724,1.223469853,3.0,3.089994431
2570.0,0.0,1330.0,4499.139648,1633.142456,15.0,0.914399981,0.0,6000.0,7.075200081,7.075200081,233.2961426,0.018347604,7.0,-2.655278206
2571.0,0.0,1358.0,6993.355957,1167.058716,32.0,6.096000195,3.657599926,1000.0,33.21920013,27.56159973,332.6975403,3.518171549,7.0,6.575311661
2572.0,0.0,1362.0,8452.875977,2187.130127,41.0,1.219200015,0.0,1000.0,32.46559906,35.46559906,322.1841125,2.323889494,3.0,15.05286789
2573.0,0.0,1364.0,8994.080078,2333.681885,35.0,5.791200161,3.048000097,1000.0,33.78079987,30.73279953,313.3172302,0.323724478,3.0,7.444831848
2575.0,0.0,1352.0,3069.241943,578.5700073,12.0,0.0,0.0,1000.0,9.866399765,10.86639977,227.8285065,0.456968337,4.0,-5.651958942
2576.0,0.0,1357.0,8570.612305,3651.16333,37.0,3.657599926,5.791200161,1000.0,32.12319946,26.33200073,294.5540466,1.00239718,3.0,14.58080482
2577.0,0.0,1373.0,6487.48584,212.1420746,11.0,0.304800004,0.0,2000.0,7.951999664,7.951999664,266.8149719,0.753743827,7.0,-10.53677082
2578.0,0.0,1345.0,10942.625,3357.971191,29.0,2.743200064,0.0,1000.0,20.16080093,18.16080093,239.1528168,1.281061769,3.0,2.65533638
2579.0,0.0,1309.0,11660.18945,30.06009293,17.0,-0.914399981,0.0,6000.0,9.380000114,7.380000114,222.2154541,0.124810919,4.0,-2.322342873
2580.0,0.0,1399.0,2646.395996,90.17431641,9.0,-1.219200015,0.0,6000.0,9.914400101,9.914400101,307.3226318,0.015727054,4.0,-1.308119297
2581.0,0.0,1337.0,11903.62988,5714.639648,43.0,5.486400127,17.37360001,4000.0,24.10239983,5.728797913,269.0918274,0.912453234,3.0,10.77994347
2582.0,0.0,1357.0,2585.076904,793.4397583,15.0,-1.828799963,0.0,6000.0,15.0,14.0,306.4810181,0.064594589,4.0,-0.799070597
2583.0,0.0,1343.0,1856.43811,540.0419922,28.0,4.267199993,8.83920002,4000.0,25.2567997,17.02719879,268.5756226,1.162263989,7.0,-4.108754158
2584.0,0.0,1330.0,9705.629883,30.05874443,12.0,0.304800004,0.0,5000.0,2.246399879,2.246399879,351.7397766,0.441664189,7.0,-6.09379673
2585.0,0.0,1336.0,6160.04248,1325.927368,34.0,3.96239996,0.0,1000.0,29.4279995,29.4279995,329.7383118,0.70120579,3.0,2.389856339
2586.0,0.0,1329.0,9961.014648,218.0476837,25.0,0.304800004,0.0,4000.0,14.33199978,12.33199978,351.7397766,0.698523581,7.0,-2.845342636
2587.0,0.0,1324.0,2703.086914,1449.30188,20.0,2.133599997,0.0,4000.0,12.38000011,9.380000114,279.2528687,0.284276694,7.0,-1.293938637
2588.0,0.0,1322.0,7806.479004,1647.463135,46.0,0.609600008,0.0,1000.0,24.66399956,24.66399956,331.2494507,0.539005637,7.0,5.78194809
2589.0,0.0,1351.0,7019.90918,1246.349121,39.0,5.486400127,9.144000053,4000.0,37.47600174,28.33200073,324.8112183,1.81882751,3.0,6.546878815
2590.0,0.0,1352.0,2376.788574,241.4050903,7.0,0.0,0.0,3000.0,7.0,7.0,231.9790802,0.190975472,4.0,-5.448056698
2591.0,0.0,1307.0,13490.45996,1134.594238,13.0,2.43840003,0.0,6000.0,4.16079998,4.16079998,296.1665039,0.140848115,7.0,-5.123785973
2592.0,0.0,1358.0,2688.864014,67.00483704,1.0,-2.743200064,0.0,6000.0,1.0,0.0,240.3850708,0.048757058,4.0,-0.630683184
2593.0,0.0,1375.0,7947.792969,523.2613525,9.0,4.87680006,0.0,4000.0,3.513599873,5.513599873,306.0481567,0.355008274,7.0,-4.166069031
2594.0,0.0,1306.0,6034.180176,1655.302368,18.0,0.304800004,0.0,6000.0,11.29439926,12.29439926,217.3416748,0.087274052,7.0,-1.113817215
2595.0,0.0,1329.0,11579.90234,2252.66626,43.0,2.43840003,13.10640049,1000.0,25.32159996,11.91040039,324.7088623,0.901266098,7.0,8.689081192
2596.0,0.0,1313.0,3547.582031,1786.5896,16.0,0.914399981,0.0,3000.0,10.5135994,11.5135994,235.682785,0.136556223,7.0,-0.289039612
2597.0,0.0,1378.0,12604.84961,1181.989502,29.0,1.828799963,0.0,1000.0,27.1711998,26.1711998,483.0757141,0.355140805,7.0,7.729656219
2598.0,0.0,1343.0,9974.801758,2921.517334,22.0,1.828799963,0.0,1000.0,18.3423996,18.3423996,298.97995,0.987191856,7.0,-3.886787415
2599.0,0.0,1332.0,12425.22266,4813.094727,38.0,6.096000195,10.36320019,4000.0,18.49279976,6.129600525,311.9298401,1.122974038,3.0,6.891368866
2601.0,0.0,1337.0,2431.269775,108.0921707,15.0,1.524000049,0.0,1000.0,9.513599396,9.513599396,337.1701355,0.239030287,4.0,-4.610616684
2602.0,0.0,1356.0,4165.901367,161.7943726,5.0,-2.133599997,0.0,6000.0,7.133600235,7.133600235,238.5084686,0.022332951,4.0,-0.126942098
2603.0,0.0,1339.0,3873.394531,94.71357727,20.0,6.096000195,0.0,2000.0,12.07520008,13.07520008,372.7044983,1.890769482,4.0,-11.47507954
2604.0,0.0,1374.0,6564.356934,577.7104492,8.0,0.0,0.0,1000.0,2.818399906,2.818399906,272.3269043,0.609412193,7.0,-9.24374485
2605.0,0.0,1316.0,7106.237793,827.6268311,20.0,1.524000049,0.0,4000.0,15.12319946,17.12319946,230.9163971,0.214911044,7.0,-1.729417801
2606.0,0.0,1321.0,11700.83301,453.1268311,18.0,2.133599997,0.0,8000.0,8.855999947,8.855999947,375.0463562,1.181253076,7.0,-1.194248199
2607.0,0.0,1367.0,1379.246216,493.9321289,14.0,-1.524000049,0.0,6000.0,14.0,14.0,290.9102173,0.045187458,4.0,-2.090437889
2608.0,0.0,1337.0,12931.90723,1033.463745,42.0,2.743200064,17.37360001,1000.0,26.15040016,8.776798248,267.4832458,0.895937622,3.0,14.32733917
2609.0,0.0,1340.0,3412.238037,580.2355957,14.0,7.010400295,0.0,2000.0,6.075200081,6.075200081,337.4295654,1.156860113,4.0,-6.224159241
2610.0,0.0,1321.0,6488.476563,2001.636719,42.0,1.219200015,5.791200161,2000.0,13.65359879,0.643199921,262.587616,0.836077154,7.0,9.358690262
2611.0,0.0,1356.0,2217.522217,437.559967,1.0,-2.133599997,0.0,6000.0,1.914399981,0.914399981,241.1138153,0.027531842,4.0,-0.635577917
2612.0,0.0,1377.0,13306.5918,1647.237427,25.0,2.743200064,0.0,4000.0,21.95199966,21.95199966,408.8594666,0.04013722,7.0,5.251110077
2613.0,0.0,1376.0,12179.10742,3443.744385,36.0,-1.828799963,0.0,1000.0,30.81839943,30.81839943,420.2253113,1.396505237,7.0,12.93448639
2614.0,0.0,1374.0,12039.7168,3657.784912,30.0,-1.524000049,0.0,1000.0,24.20879936,24.20879936,420.2253113,1.006202698,7.0,12.90830803
2615.0,0.0,1350.0,13320.31152,790.6394653,37.0,2.133599997,12.49680042,1000.0,25.1128006,13.61599922,319.4976196,0.916119099,3.0,5.609600067
2616.0,0.0,1378.0,10721.08496,1803.707886,28.0,7.924799919,0.0,4000.0,22.5135994,19.5135994,410.9389038,0.573744357,7.0,5.237094879
2617.0,0.0,1350.0,6159.365234,1320.31604,29.0,5.181600094,11.27760029,4000.0,29.0,15.72239971,245.9689178,1.26290524,3.0,-0.833816528
2618.0,0.0,1359.0,11403.41699,1442.570435,29.0,2.133599997,7.924799919,1000.0,21.68479919,13.76000023,260.0485229,2.646238804,3.0,3.108337402
2619.0,0.0,1354.0,11712.07813,542.2894287,33.0,2.43840003,0.0,4000.0,27.20879936,25.20879936,285.6491089,0.391505152,3.0,6.916183472
2620.0,0.0,1333.0,5529.241211,242.1168823,12.0,2.743200064,0.0,6000.0,5.599199772,12.5991993,326.9766846,0.050922677,7.0,-4.908233643
2621.0,0.0,1314.0,7930.676758,119.7656021,8.0,-0.304800004,0.0,6000.0,3.732800007,6.732800007,283.2933655,0.086346231,7.0,-1.329703331
2622.0,0.0,1386.0,2725.282471,1068.896729,20.0,-1.219200015,0.0,6000.0,20.0,18.0,370.9228821,0.114792898,4.0,-1.43469429
2623.0,0.0,1320.0,8662.132813,375.5161743,19.0,1.828799963,0.0,6000.0,14.4279995,14.4279995,233.8208008,0.977851331,7.0,-1.629867554
2624.0,0.0,1329.0,1589.276001,334.8006287,18.0,1.219200015,0.0,1000.0,10.07520008,10.07520008,285.9465942,0.249930948,7.0,-2.140870094
2625.0,0.0,1333.0,7872.189941,4755.896484,38.0,5.486400127,19.20240021,4000.0,23.67440033,7.472000122,272.9034119,0.194968015,3.0,4.441242218
2626.0,0.0,1332.0,8378.944336,234.40242,21.0,1.828799963,0.0,1000.0,11.55119991,10.55119991,241.6381989,0.739646614,7.0,-2.447011948
2627.0,0.0,1320.0,11907.51563,553.3123779,21.0,1.219200015,0.0,4000.0,11.85599995,13.85599995,232.2550049,0.554513931,7.0,-1.174823761
2628.0,0.0,1340.0,10248.84961,89.82485962,24.0,2.43840003,12.19200039,1000.0,12.72239971,0.530399323,352.7557983,0.470246673,7.0,-0.563270569
2629.0,0.0,1341.0,12588.87695,285.0423584,36.0,3.048000097,14.32560062,1000.0,22.2840004,10.95839882,412.5577087,1.688344359,3.0,10.53009605
2630.0,0.0,1329.0,15983.32227,2185.944092,22.0,5.181600094,9.144000053,1000.0,3.711999893,0.0,351.4078674,1.132863164,3.0,-1.804803848
2631.0,0.0,1350.0,12329.09375,276.6829834,38.0,1.828799963,10.97280025,1000.0,31.90399933,20.93120003,444.309082,1.967682719,3.0,11.23176384
2632.0,0.0,1355.0,3724.993896,190.0457001,4.0,-2.43840003,0.0,6000.0,5.219200134,5.219200134,228.2962341,0.006433485,4.0,-0.259699583
2633.0,0.0,1325.0,5136.35498,883.7485962,31.0,0.914399981,0.0,6000.0,22.770401,20.770401,252.1249695,0.100106046,7.0,-1.693450928
2634.0,0.0,1329.0,9083.587891,2395.426758,46.0,3.657599926,14.6303997,4000.0,24.05439949,7.423999786,369.3534851,1.562649488,3.0,10.46147537
2635.0,0.0,1249.0,7906.406738,239.5136414,21.0,-5.486400127,48.15840149,6000.0,70.98719788,22.21920013,239.3991547,0.371149123,7.0,-6.127856255
2636.0,0.0,1249.0,5801.244141,42.42295074,9.0,-5.486400127,26.21280098,1000.0,29.11680031,2.294399738,299.2289734,0.697482049,2.0,-5.532764435
2637.0,0.0,1243.0,7460.962402,42.42267227,20.0,-2.133599997,43.58639908,1000.0,63.58639908,21.0,285.5822449,0.33345452,7.0,-3.271079063
2638.0,0.0,1235.0,2950.388428,150.072113,22.0,-1.524000049,30.17519951,1000.0,50.34640121,16.1711998,286.1387939,0.35764724,7.0,5.38688755
2639.0,0.0,1246.0,3963.046143,119.7608185,4.0,-7.315199852,13.10640049,6000.0,17.10639954,4.0,381.4116211,0.08396741,8.0,-4.895023823
2640.0,0.0,1272.0,1102.369507,495.6556396,24.0,-0.609600008,19.50720024,4000.0,46.55519867,27.6576004,342.6462402,0.407051712,7.0,6.53830719
2641.0,0.0,1232.0,4788.787109,450.1171265,19.0,4.267199993,21.33600044,8000.0,40.33599854,19.0,233.2840271,0.199203297,3.0,11.23877335
2642.0,0.0,1244.0,3397.301758,189.4243927,21.0,-3.657599926,26.82240105,6000.0,44.46960068,17.64719963,267.5206299,0.220666721,3.0,-2.553440094
2643.0,0.0,1237.0,3976.902832,402.0372314,19.0,-4.87680006,27.12720108,1000.0,40.64080048,13.5135994,273.884552,0.259917587,7.0,-2.316044807
2644.0,0.0,1249.0,6536.398438,175.0819397,15.0,-2.43840003,51.81600189,1000.0,69.25440216,17.43840027,300.3293762,0.85765183,7.0,-3.659243584
2645.0,0.0,1281.0,7340.705566,423.45224,8.0,-3.048000097,31.08959961,2000.0,47.31919861,16.229599,317.5279236,0.587460577,2.0,-0.908865929
2646.0,0.0,1269.0,3147.772949,902.6869507,12.0,-4.572000027,25.60320091,2000.0,43.08959961,15.4864006,228.0246735,0.419603288,2.0,-0.347486496
2647.0,0.0,1249.0,4646.977539,169.6905823,30.0,3.048000097,37.79520035,4000.0,70.2335968,33.43840027,303.3439026,1.420840859,7.0,7.314190865
2648.0,0.0,1235.0,4426.373047,514.5222168,17.0,2.43840003,21.94560051,1000.0,39.55519867,17.60960007,276.772583,0.509026408,3.0,7.821712494
2649.0,0.0,1266.0,3805.573242,361.1959534,8.0,-7.619999886,0.0,6000.0,36.04160309,36.04160309,252.8716888,0.083349921,2.0,-7.978099346
2650.0,0.0,1235.0,5582.084473,0.0,17.0,1.219200015,29.87039948,1000.0,43.51760101,13.64719963,239.8160706,0.494385153,7.0,0.932088852
2651.0,0.0,1236.0,2365.241943,182.8259735,11.0,-7.619999886,30.78479958,1000.0,41.78479767,9.0,245.0391846,1.093807578,7.0,-2.322367668
2652.0,0.0,1246.0,6098.181641,59.88079453,23.0,-1.524000049,27.73680115,1000.0,48.60320282,18.86639977,311.8487854,0.811395586,7.0,4.123976707
2653.0,0.0,1237.0,8639.758789,42.42271805,25.0,-0.914399981,32.61360168,5000.0,54.56559753,19.95199966,229.2902069,0.669757664,7.0,-3.225031853
2654.0,0.0,1272.0,5556.233398,661.2993164,8.0,-7.924799919,0.0,6000.0,31.77440071,31.77440071,277.9581299,0.129135236,2.0,-7.863125801
2655.0,0.0,1272.0,6046.852539,729.4563599,6.0,-1.828799963,7.924799919,8000.0,18.19200134,10.26720047,236.2436676,1.365534782,2.0,-2.958276987
2656.0,0.0,1238.0,4876.669922,510.7572937,20.0,-2.743200064,27.43200111,6000.0,41.64080048,18.20879936,250.7423706,0.075575955,3.0,-1.254142761
2657.0,0.0,1244.0,6176.486328,284.1401978,9.0,-1.828799963,0.0,1000.0,34.60320282,34.60320282,275.8401489,0.182892203,7.0,0.742248535
2658.0,0.0,1236.0,9629.533203,30.06097794,26.0,3.048000097,28.04160118,8000.0,49.16480255,21.12319946,314.774292,0.211855724,3.0,0.977056503
2659.0,0.0,1253.0,6105.293457,277.0755005,24.0,1.524000049,26.51760101,1000.0,48.38400269,21.86639977,227.4510803,0.649442017,7.0,5.237821579
2660.0,0.0,1273.0,8202.512695,351.6950073,12.0,-2.43840003,6.705600262,4000.0,22.97280121,16.26720047,214.3601685,0.154868618,2.0,-1.260581493
2661.0,0.0,1249.0,4362.762695,210.4263458,22.0,-7.010400295,43.28160095,6000.0,69.54879761,24.26720047,255.2675323,0.337356627,7.0,-6.434985638
2662.0,0.0,1280.0,8924.294922,200.9871979,4.0,-7.315199852,26.51760101,6000.0,42.40480042,15.88720036,362.2596436,0.054594412,2.0,-3.896008968
2663.0,0.0,1253.0,5269.039063,127.2902527,29.0,-8.229599953,23.16480064,6000.0,47.89759827,24.4279995,263.4006042,0.198167831,2.0,-10.32210827
2664.0,0.0,1267.0,5654.284668,127.2675629,22.0,0.914399981,39.01440048,1000.0,64.36720276,26.35280037,267.6949463,1.350815892,7.0,3.119571686
2665.0,0.0,1244.0,6771.869141,370.4477844,13.0,-2.743200064,0.0,1000.0,38.60320282,38.60320282,217.0512848,0.116568439,7.0,0.274958611
2666.0,0.0,1244.0,911.4245605,474.6405029,17.0,-3.048000097,29.56559944,4000.0,32.5447998,2.979199409,395.9031982,1.140003085,7.0,-5.939547539
2667.0,0.0,1269.0,3306.63208,299.8590393,20.0,-0.914399981,21.64080048,4000.0,46.21279907,24.5720005,273.1227722,0.787732184,7.0,1.139386177
2668.0,0.0,1266.0,4434.083008,445.3278809,10.0,-7.924799919,0.0,6000.0,40.17520142,40.17520142,252.8716888,0.069059536,2.0,-7.571379662
2669.0,0.0,1248.0,5456.04541,299.3998108,13.0,-8.534399986,17.67840004,4000.0,31.28800011,12.60960007,344.4350586,0.137215286,8.0,-3.871226549
2670.0,0.0,1238.0,6735.536133,332.0174561,2.0,-8.229599953,15.5447998,6000.0,17.5447998,2.0,256.8749084,0.028847689,2.0,-5.172032833
2671.0,0.0,1286.0,11169.6416,1894.276733,20.0,-6.705600262,30.17519951,6000.0,62.67200089,32.49679947,253.6850891,0.151618719,2.0,-2.306114197
2672.0,0.0,1269.0,3964.157471,161.3086548,10.0,-4.572000027,26.21280098,2000.0,42.61360168,17.4008007,238.0058594,0.17650646,2.0,-1.286105156
2673.0,0.0,1250.0,3997.330566,917.812439,17.0,-6.705600262,14.02080059,6000.0,31.02080154,17.0,270.3143616,0.364629447,8.0,-4.123561859
2674.0,0.0,1269.0,3995.884521,1027.859985,16.0,-4.87680006,20.11680031,6000.0,41.60320282,22.4864006,300.302887,0.228128448,2.0,-3.254258156
2675.0,0.0,1277.0,7382.858887,544.3873291,5.0,-2.133599997,7.924799919,8000.0,18.10639954,9.876800537,231.5075531,0.255507767,2.0,0.245835781
2676.0,0.0,1270.0,4121.757324,408.6995544,17.0,2.743200064,12.49680042,1000.0,31.93519974,19.43840027,263.5376892,0.243483096,7.0,5.868001938
2677.0,0.0,1270.0,4340.808594,458.0816345,15.0,1.524000049,12.80160046,4000.0,30.5447998,17.7432003,263.5376892,0.24230738,7.0,4.857630253
2678.0,0.0,1235.0,6710.198242,282.7519836,25.0,0.914399981,0.0,1000.0,44.81200027,43.81200027,348.2931519,0.251885027,3.0,7.364682198
2679.0,0.0,1255.0,6447.527832,150.2992554,9.0,-3.657599926,27.73680115,1000.0,30.94560051,7.513599873,273.2008057,0.045419533,2.0,-2.417373657
2680.0,0.0,1246.0,4552.806152,808.3826904,14.0,-7.315199852,14.93519974,6000.0,28.93519974,14.0,270.3143616,0.120880008,8.0,-3.612987041
2681.0,0.0,1269.0,4907.729492,149.7006989,7.0,-3.657599926,12.19200039,1000.0,22.84959984,10.6576004,258.3157043,0.172083929,2.0,-1.236346483
2682.0,0.0,1270.0,7729.15625,95.01332855,5.0,-4.572000027,7.010400295,6000.0,15.36320019,8.352800369,243.7316895,0.104935355,2.0,-4.103919506
2683.0,0.0,1240.0,6667.85498,127.2910461,25.0,-4.267199993,36.27120209,6000.0,59.74720001,23.47599983,239.1919403,0.113948695,7.0,-4.157672882
2684.0,0.0,1278.0,7549.29541,1861.358032,7.0,-6.400800228,27.73680115,2000.0,44.79520035,17.0583992,229.6063995,0.027431322,2.0,-2.572263241
2685.0,0.0,1248.0,5050.984863,150.3014374,14.0,-7.924799919,18.59280014,1000.0,32.89759827,11.60960007,344.4350586,0.230920061,8.0,-3.85668993
2686.0,0.0,1246.0,6124.898926,234.4118042,23.0,1.828799963,26.51760101,1000.0,51.04160309,25.52400017,300.7918701,0.327468485,7.0,6.93520546
2687.0,0.0,1236.0,8092.362305,108.2582245,11.0,-1.524000049,0.0,1000.0,27.15439987,27.15439987,244.605957,0.245578319,7.0,1.476826191
2688.0,0.0,1245.0,3666.773438,418.5023193,9.0,-6.096000195,24.07920074,2000.0,34.60320282,10.52400017,333.4761353,0.224635512,2.0,-3.225194454
2689.0,0.0,1255.0,3002.888672,774.7839355,12.0,-5.791200161,17.37360001,1000.0,31.20240021,13.8288002,264.0623474,0.292440593,2.0,-0.89869833
2690.0,0.0,1263.0,2061.997314,817.3985596,23.0,5.181600094,10.36320019,3000.0,33.36320114,21.0,238.2313538,0.479024976,7.0,13.40827847
2691.0,0.0,1277.0,5018.71582,691.2391357,7.0,-3.352800131,28.95600128,2000.0,42.66160202,13.70560074,300.0154724,0.089010365,2.0,-1.163685799
2692.0,0.0,1233.0,6471.294434,312.6685181,23.0,0.304800004,27.73680115,1000.0,45.25040054,17.5135994,289.7311401,0.160227478,7.0,1.12250042
2693.0,0.0,1234.0,4282.616211,544.3950806,14.0,-10.05840015,22.25040054,6000.0,35.64080048,15.39039993,296.0550842,0.247364864,2.0,-5.535736084
2694.0,0.0,1250.0,7323.046387,416.335907,25.0,4.572000027,26.82240105,1000.0,50.90800095,24.39039993,291.5797119,0.065361798,7.0,10.72293568
2695.0,0.0,1233.0,10754.61719,67.15922546,28.0,4.87680006,21.64080048,1000.0,41.41120148,19.46559906,251.4875183,0.668060005,3.0,2.739356995
2696.0,0.0,1266.0,4870.452148,659.3916016,11.0,-2.743200064,23.16480064,4000.0,39.04160309,13.87680054,300.0536804,0.528936386,7.0,-0.536009789
2697.0,0.0,1244.0,6024.652344,182.1476746,4.0,-5.181600094,0.0,6000.0,19.84959984,19.84959984,600.0,0.036476601,2.0,-5.658456326
2698.0,0.0,1249.0,3275.569092,1415.666016,22.0,-7.924799919,20.11680031,6000.0,37.23999786,17.12319946,235.6951447,0.032685012,2.0,-11.73974133
2699.0,0.0,1258.0,777.4827881,509.8667908,21.0,4.267199993,8.534399986,1000.0,29.53440094,19.0,345.0602417,1.315911651,7.0,10.73924351
2700.0,0.0,1238.0,3664.793701,466.5610962,23.0,2.743200064,28.34640121,1000.0,32.75360107,4.40719986,242.9551849,0.3637245,7.0,-7.11639595
2701.0,0.0,1276.0,4718.366211,1340.939575,18.0,-0.609600008,32.61360168,4000.0,55.79520035,25.18160057,259.0140686,0.576822698,7.0,0.986949921
2702.0,0.0,1230.0,6304.314453,339.4424133,21.0,3.048000097,18.89760017,8000.0,39.28800201,19.0,273.072113,0.679877639,3.0,7.683628082
2703.0,0.0,1270.0,4076.777832,417.2052612,7.0,0.609600008,13.41120052,2000.0,21.93519974,9.133600235,289.3691406,0.225021198,7.0,2.614645481
2704.0,0.0,1258.0,4000.842773,360.7154846,22.0,0.914399981,24.68880081,6000.0,46.38400269,21.69519997,236.4307404,0.608685613,7.0,2.469014168
2705.0,0.0,1272.0,6318.79541,349.5581665,7.0,-4.572000027,13.71600056,6000.0,26.81200027,10.87680054,323.2364807,0.15917787,2.0,-2.458774567
2706.0,0.0,1241.0,4870.743652,123.9088058,18.0,-3.352800131,38.10000229,1000.0,57.62400055,18.9144001,309.0494995,0.452779621,7.0,-1.037490845
2707.0,0.0,1252.0,2332.00293,446.6515808,10.0,-4.87680006,19.20240021,1000.0,31.64080048,14.43840027,230.8736725,0.254849881,2.0,-1.158332825
2708.0,0.0,1242.0,5952.541992,84.86060333,-2.0,-5.181600094,0.0,6000.0,12.32560062,12.32560062,600.0,0.027795495,2.0,-5.657212257
2709.0,0.0,1259.0,3334.004639,442.4272766,10.0,1.219200015,8.229599953,2000.0,19.44879913,8.219200134,229.0573425,0.093018577,2.0,3.666462421
2710.0,0.0,1250.0,7346.078125,42.42263412,24.0,-3.048000097,49.68239975,1000.0,75.20640564,23.8288002,247.146698,0.752336383,7.0,-2.59038353
2711.0,0.0,1238.0,4586.422363,633.3811646,30.0,-1.828799963,27.43200111,1000.0,52.25040054,23.81839943,250.7423706,0.340248317,3.0,2.53329277
2712.0,0.0,1234.0,2949.434082,84.8455658,3.0,-13.41120052,25.29840088,6000.0,26.77440071,1.475999951,365.4321289,0.04872426,2.0,-12.59165668
2713.0,0.0,1263.0,3461.857422,446.6491089,22.0,2.133599997,13.71600056,1000.0,37.23999786,24.52400017,232.1084137,1.361507535,7.0,9.159823418
2714.0,0.0,1266.0,3337.040527,1062.723511,10.0,-2.43840003,9.753600121,8000.0,22.19200134,9.828800201,341.387207,0.249461681,2.0,1.235535622
2715.0,0.0,1236.0,5609.92334,389.2131348,28.0,0.304800004,34.13759995,1000.0,60.30879974,23.1711998,244.6025696,0.108716093,7.0,2.682935715
2716.0,0.0,1235.0,6974.058594,175.1084442,27.0,-0.304800004,27.43200111,6000.0,48.03120041,19.5991993,264.287323,0.046885978,7.0,-2.206613541
2717.0,0.0,1263.0,2934.740967,108.0921936,12.0,0.914399981,25.29840088,2000.0,41.56559753,19.26720047,238.1566162,0.139124006,7.0,2.387036324
2718.0,0.0,1253.0,2852.173828,1275.996948,14.0,-3.048000097,12.19200039,6000.0,25.27759933,12.69519997,331.7984619,0.072927915,8.0,0.487775803
2719.0,0.0,1259.0,5229.622559,299.4067383,26.0,2.743200064,25.60320091,1000.0,52.51760101,25.9144001,278.7426758,0.798821151,7.0,7.616182327
2720.0,0.0,1266.0,5794.90332,123.9136429,15.0,-4.572000027,23.77440071,1000.0,43.34640121,16.5720005,296.6343079,0.619580686,2.0,-2.554283619
2721.0,0.0,1253.0,2208.748535,557.6469727,17.0,-6.096000195,18.59280014,4000.0,37.72640228,19.43840027,239.9441681,0.272152424,2.0,-1.366855621
2722.0,0.0,1242.0,5229.398926,257.881897,25.0,-0.914399981,27.73680115,1000.0,46.33599854,18.5991993,252.2157593,0.899837255,3.0,-0.609856606
2723.0,0.0,1233.0,4221.94873,276.0992737,21.0,3.96239996,21.33600044,1000.0,42.33599854,21.0,303.1862793,0.110764541,3.0,9.823970795
2724.0,0.0,1265.0,2084.780029,179.6411591,17.0,2.43840003,9.448800087,4000.0,27.0583992,20.60960007,334.5607605,0.497090131,7.0,7.850168705
2725.0,0.0,1229.0,6352.303223,523.2567139,13.0,3.352800131,17.98320007,8000.0,31.59280014,15.60960007,300.8357544,0.058169615,3.0,9.923316956
2726.0,0.0,1267.0,3597.239258,42.43054962,18.0,1.828799963,31.08959961,1000.0,53.35680008,23.26720047,229.0381165,0.79025352,7.0,3.754259109
2727.0,0.0,1240.0,5868.893555,89.81852722,40.0,14.93519974,30.78479958,1000.0,49.14400101,18.35919952,297.5619507,0.935353041,3.0,9.235754013
2728.0,0.0,1254.0,6946.351074,242.3407288,21.0,-2.743200064,28.04160118,1000.0,42.94560242,16.5991993,271.3249817,0.61786288,7.0,-1.178641319
2729.0,0.0,1251.0,4881.077148,0.0,19.0,-0.304800004,42.97679901,5000.0,66.2440033,23.26720047,265.6455383,0.350297391,7.0,3.179184914
2730.0,0.0,1237.0,7354.720703,702.6094971,2.0,-6.705600262,14.93519974,6000.0,16.93519974,2.0,311.2584229,0.085812971,2.0,-3.71130228
2731.0,0.0,1232.0,6526.379883,84.860466,22.0,1.524000049,27.12720108,1000.0,41.81200027,14.98959923,231.5894775,0.666714668,7.0,0.105733871
2732.0,0.0,1233.0,3176.102783,211.7328033,20.0,0.609600008,23.16480064,1000.0,42.86000061,19.69519997,238.4871979,0.604350567,3.0,4.39406538
2733.0,0.0,1248.0,6781.624023,509.1621704,26.0,-0.304800004,0.0,1000.0,54.65119934,52.65119934,305.6574402,1.062324047,7.0,5.050437927
2734.0,0.0,1268.0,6887.461426,1236.322266,15.0,-2.43840003,7.010400295,6000.0,25.36320114,18.35280037,225.1808777,0.039050706,2.0,-1.539155006
2735.0,0.0,1247.0,5822.37793,123.9052505,28.0,3.96239996,26.82240105,1000.0,55.73680115,28.9144001,238.0654449,0.631785333,3.0,11.43401718
2736.0,0.0,1254.0,833.5939331,408.6972351,12.0,0.304800004,8.83920002,6000.0,20.53440094,11.69519997,392.7424622,0.390929312,7.0,3.05591011
2737.0,0.0,1246.0,4648.658691,701.2490845,17.0,-7.619999886,15.5447998,4000.0,31.93519974,16.0,405.1603699,0.332980394,8.0,-3.68476367
2738.0,0.0,1277.0,6506.550293,329.3319397,24.0,3.352800131,37.79520035,6000.0,66.36720276,29.5720005,226.1399384,0.279776454,7.0,4.126253128
2739.0,0.0,1248.0,6121.213867,67.16667938,26.0,-0.609600008,25.90800095,1000.0,53.43199921,27.52400017,307.9641418,0.467579842,7.0,3.133280754
2740.0,0.0,1234.0,9943.178711,29.93931961,30.0,2.133599997,24.38400078,1000.0,47.98320007,23.5991993,253.0681915,0.459497333,3.0,-0.418357849
2741.0,0.0,1244.0,6593.188965,216.1862793,12.0,-2.743200064,0.0,1000.0,37.60320282,37.60320282,217.0512848,0.113243058,7.0,0.12759304
2742.0,0.0,1265.0,2232.738525,152.6966095,19.0,1.524000049,22.25040054,1000.0,42.46960068,20.21920013,221.652771,0.797124565,7.0,5.439724922
2743.0,0.0,1269.0,5153.401855,161.798233,7.0,-0.914399981,7.924799919,3000.0,18.27759933,10.04800034,228.7000275,0.131649271,2.0,2.260637283
2744.0,0.0,1262.0,5193.803223,276.1030884,9.0,-4.267199993,0.0,1000.0,41.00400162,37.00400162,252.8716888,0.187646985,2.0,-0.917535782
2745.0,0.0,1273.0,4723.52002,42.42294693,7.0,-7.619999886,0.0,6000.0,30.16480064,29.16480064,309.0151672,0.055063661,2.0,-7.847737312
2746.0,0.0,1273.0,6195.197266,276.6470337,24.0,3.048000097,40.84320068,1000.0,68.19599915,27.04800034,237.7847748,0.323728323,7.0,2.98225975
2747.0,0.0,1232.0,2642.536133,364.2651367,8.0,-11.27760029,23.16480064,8000.0,30.55520058,3.390399933,260.7546692,0.510028899,2.0,-7.103199482
2748.0,0.0,1282.0,7419.20752,417.2226868,0.0,-6.705600262,21.94560051,6000.0,32.30879974,10.75360012,336.0722046,0.051649161,2.0,-3.091893673
2749.0,0.0,1255.0,1254.993652,654.1339111,7.0,-0.609600008,9.753600121,6000.0,16.14400101,6.390399933,398.9844971,0.121017635,7.0,2.46495533
2750.0,0.0,1248.0,6031.754883,209.5860138,7.0,-6.400800228,0.0,4000.0,28.94560051,29.94560051,357.809967,0.106374264,2.0,-4.261852264
2751.0,0.0,1243.0,3860.991943,192.1620331,28.0,0.0,26.51760101,1000.0,56.65119934,29.13360023,310.7174377,0.912282526,7.0,4.369384766
2752.0,0.0,1239.0,5592.266113,426.2483521,19.0,-3.657599926,36.88080215,6000.0,56.49040222,17.39039993,304.3395386,0.861066163,7.0,-3.808285713
2753.0,0.0,1271.0,3793.461426,375.5204163,9.0,-6.400800228,21.94560051,6000.0,36.43199921,15.09600067,239.9043579,0.085865684,2.0,-4.089606762
2754.0,0.0,1255.0,5027.980469,149.9050446,14.0,-7.315199852,0.0,6000.0,41.12720108,40.90800095,260.0356445,0.582094193,2.0,-6.475591183
2755.0,0.0,1282.0,7426.76123,513.3880005,1.0,-7.315199852,24.38400078,6000.0,36.05200195,13.05840015,380.8217163,0.09922307,2.0,-3.435338974
2756.0,0.0,1236.0,7071.395996,108.2594681,30.0,2.743200064,26.82240105,1000.0,48.89759827,22.07519913,237.6081848,1.155453444,3.0,2.070165634
2757.0,0.0,1233.0,2218.902832,242.3424225,5.0,-8.229599953,24.07920074,2000.0,28.16480064,4.085599899,324.8070374,0.219490901,7.0,-5.181904793
2758.0,0.0,1271.0,6357.152832,820.4125366,24.0,1.219200015,41.75759888,2000.0,69.11039734,27.35280037,244.4966888,0.247061715,7.0,3.154773712
2759.0,0.0,1259.0,2770.920654,119.7618027,11.0,0.914399981,8.229599953,4000.0,20.14400101,12.9144001,302.181427,0.133701071,2.0,3.520011425
2760.0,0.0,1257.0,4864.056152,600.3879395,5.0,-3.657599926,8.83920002,1000.0,14.75360012,5.914400101,262.7463074,0.13713406,2.0,-1.70241785
2761.0,0.0,1232.0,5026.619141,635.199646,20.0,4.572000027,20.42160034,8000.0,40.72640228,20.9144001,233.2840271,0.28755033,3.0,11.69398689
2762.0,0.0,1236.0,9161.578125,218.0256958,7.0,-3.352800131,14.02080059,2000.0,22.23999977,10.21920013,219.3683624,0.1036961,7.0,0.314247608
2763.0,0.0,1260.0,3189.805908,445.8566284,18.0,-0.304800004,14.6303997,6000.0,34.15439987,22.52400017,275.5973206,0.148188904,7.0,2.631941795
2764.0,0.0,1258.0,5308.144043,67.15710449,17.0,-5.181600094,0.0,1000.0,49.61360168,49.61360168,249.2131653,0.75818038,2.0,-1.085494041
2765.0,0.0,1263.0,1113.841919,576.0828857,27.0,6.705600262,8.534399986,1000.0,35.53440094,26.0,332.6218872,0.249625593,7.0,16.2061615
2766.0,0.0,1234.0,7257.041992,179.6365204,21.0,-1.219200015,31.08959961,1000.0,48.73680115,19.64719963,249.4580841,1.034415007,7.0,-0.156341553
2767.0,0.0,1270.0,5141.407715,272.1949158,9.0,-1.828799963,8.229599953,3000.0,20.8871994,12.6576004,228.7000275,0.038627427,2.0,1.074975967
2768.0,0.0,1234.0,3537.552002,216.482193,1.0,-10.36320019,21.94560051,6000.0,22.64080048,0.695199966,247.17099,0.111952998,2.0,-6.731782913
2769.0,0.0,1239.0,3658.740234,29.93959236,16.0,-5.486400127,33.52799988,5000.0,49.22320175,15.69519997,276.2904968,0.640777707,7.0,-1.407906532
2770.0,0.0,1250.0,6010.729004,60.11881256,8.0,-5.791200161,0.0,1000.0,32.07920074,32.07920074,239.1116486,0.783001244,2.0,-4.173013687
2771.0,0.0,1236.0,4902.779785,361.9739075,34.0,9.144000053,26.82240105,1000.0,48.02080154,21.19839859,256.5954285,0.598149657,3.0,7.137075424
2772.0,0.0,1245.0,5446.322266,957.057373,12.0,-8.229599953,16.15439987,6000.0,28.45919991,10.30480003,351.3770142,0.40385583,8.0,-4.210329533
2773.0,0.0,1252.0,1943.842041,389.4229431,14.0,-3.96239996,20.42160034,7000.0,36.86000061,17.04800034,297.620697,0.24710083,2.0,-1.714817524
2774.0,0.0,1239.0,3547.276855,169.721405,25.0,-7.619999886,33.22320175,6000.0,57.61360168,22.39039993,304.2259216,1.40284884,7.0,-6.240832329
2775.0,0.0,1237.0,7790.695313,329.3446655,13.0,-6.400800228,15.84959984,6000.0,28.84959984,11.0,307.8472595,0.201727524,2.0,-2.45108223
2776.0,0.0,1233.0,6328.828613,419.1558838,20.0,0.609600008,27.73680115,1000.0,42.86000061,16.5135994,289.7311401,0.675342143,7.0,0.30229187
2777.0,0.0,1236.0,4558.310547,365.6757202,34.0,9.144000053,28.04160118,8000.0,45.27759933,20.23600006,343.1568604,1.224297047,3.0,8.158369064
2778.0,0.0,1263.0,1363.621338,760.9753418,24.0,-3.96239996,23.46960068,6000.0,51.43199921,27.96240044,289.4373169,0.952285826,2.0,-4.55694437
2779.0,0.0,1249.0,3163.935547,268.6344299,26.0,6.400800228,32.00400162,1000.0,61.66160202,29.6576004,319.6131287,0.522757053,7.0,9.50809288
2780.0,0.0,1252.0,5560.203125,212.5403595,8.0,-5.181600094,0.0,1000.0,33.29840088,33.90800095,217.0512848,0.347095102,2.0,-2.633905888
2781.0,0.0,1279.0,7182.855957,808.4610596,21.0,3.96239996,34.74720001,1000.0,61.84320068,27.09600067,271.5944824,0.309093624,7.0,8.870983124
2782.0,0.0,1272.0,4090.415771,133.9914398,17.0,2.43840003,33.52799988,1000.0,53.57600021,21.26720047,235.3996277,0.496156782,7.0,3.397200584
2783.0,0.0,1272.0,6479.73291,691.4473267,9.0,-1.828799963,7.924799919,4000.0,21.49679947,13.5720005,236.2436676,1.099583864,2.0,-1.490473747
2784.0,0.0,1259.0,2749.04126,550.7208252,17.0,-5.791200161,18.59280014,6000.0,38.33599854,21.7432003,228.5921936,0.223507524,2.0,-4.42872715
2785.0,0.0,1269.0,828.2821655,779.0188599,9.0,-3.96239996,19.50720024,6000.0,31.86000061,16.35280037,219.0142517,0.373709053,2.0,-0.278960228
2786.0,0.0,1241.0,1299.766968,485.3991394,19.0,-6.705600262,21.33600044,6000.0,34.23999786,15.90399933,338.4928284,0.047762152,7.0,-12.41720486
2787.0,0.0,1246.0,6115.313477,201.4994659,14.0,-3.657599926,0.0,1000.0,42.95600128,44.95600128,282.7950439,0.322889805,7.0,0.543049812
2788.0,0.0,1288.0,10640.08301,700.5135498,16.0,-7.315199852,28.95600128,6000.0,58.67200089,30.10639954,264.6291809,0.308424443,2.0,-2.75708127
2789.0,0.0,1229.0,3733.934814,428.7716675,21.0,3.657599926,21.94560051,1000.0,42.94560242,19.0,303.1862793,0.324511528,3.0,9.834939957
2790.0,0.0,1237.0,3978.769775,149.6987152,29.0,8.83920002,27.43200111,1000.0,45.76399994,18.33200073,228.0101013,0.244618714,3.0,8.965408325
2791.0,0.0,1239.0,3501.527832,84.84573364,27.0,5.486400127,28.04160118,1000.0,44.98320007,16.9416008,248.3632965,0.419249028,3.0,7.292488098
2792.0,0.0,1285.0,11417.68555,60.12166595,1.0,-8.229599953,28.04160118,6000.0,44.28160095,17.23999977,600.0,0.141876414,2.0,-3.748381615
2793.0,0.0,1281.0,6690.592285,370.4061584,3.0,-5.791200161,18.28800011,6000.0,30.12720108,11.22959995,276.0068665,0.101645529,2.0,-2.534790754
2794.0,0.0,1263.0,6467.973633,59.88165283,16.0,-2.133599997,26.82240105,8000.0,46.17520142,17.35280037,364.5662842,0.63378334,7.0,1.844843864
2795.0,0.0,1260.0,5323.679199,433.0307617,39.0,3.96239996,25.60320091,1000.0,66.73680115,41.13359833,327.6914063,0.992742598,7.0,9.91089344
2796.0,0.0,1260.0,2854.575928,482.8155212,7.0,0.609600008,8.229599953,1000.0,16.44879913,9.219200134,282.449646,0.313786179,2.0,3.315812588
2797.0,0.0,1245.0,3341.096924,487.4654541,25.0,2.43840003,27.43200111,1000.0,55.17520142,26.7432003,232.4626312,0.742003441,7.0,6.398077011
2798.0,0.0,1247.0,3308.096191,430.3356018,33.0,2.43840003,29.56559944,1000.0,51.28800201,17.72240067,314.381897,1.51421082,7.0,3.201469421
2799.0,0.0,1281.0,7523.041016,459.7543335,16.0,-3.96239996,30.47999954,6000.0,55.31919861,24.53440094,317.5279236,0.098216511,2.0,-1.739644051
2800.0,0.0,1256.0,3580.059326,546.4047852,9.0,-3.048000097,8.83920002,6000.0,18.44879913,8.609600067,239.3796387,0.209258571,2.0,-1.752114058
2801.0,0.0,1279.0,6639.123047,2045.928833,13.0,-6.096000195,26.82240105,6000.0,48.96640015,22.14400101,231.0053711,0.058129825,2.0,-2.812789679
2802.0,0.0,1269.0,4818.22998,312.7037964,16.0,-3.352800131,12.19200039,1000.0,31.84959984,21.6576004,258.3157043,0.156463325,2.0,-0.760783672
2803.0,0.0,1235.0,1609.072998,299.4028625,22.0,-1.219200015,24.68880081,4000.0,45.46960068,20.78079987,275.4775085,0.156726509,3.0,6.993214607
2804.0,0.0,1249.0,3453.879883,962.3869629,19.0,-7.924799919,20.42160034,6000.0,34.5447998,12.12319946,235.6951447,0.110492788,2.0,-11.90039063
2805.0,0.0,1294.0,24927.73047,216.1932373,13.0,2.743200064,0.0,2000.0,29.45919991,26.45919991,243.1580048,0.048969127,2.0,-1.509111881
2806.0,0.0,1320.0,10294.32617,605.626709,11.0,0.609600008,0.0,4000.0,29.89760017,29.89760017,243.1750488,0.077483334,7.0,-1.614458084
2807.0,0.0,1316.0,13894.40137,625.4932251,22.0,6.096000195,0.0,4000.0,23.8288002,25.8288002,238.2971344,0.438614905,7.0,6.718823433
2808.0,0.0,1319.0,14737.56348,1027.745117,17.0,0.914399981,0.0,6000.0,19.43840027,19.43840027,239.407135,0.092318088,2.0,1.657008648
2809.0,0.0,1314.0,21507.9375,981.1077271,6.0,-6.400800228,1.524000049,6000.0,20.93519974,18.80160141,361.7350464,0.092275389,2.0,-4.67937851
2810.0,0.0,1302.0,21467.41797,511.8545837,22.0,2.43840003,0.0,4000.0,35.41120148,32.41120148,220.0078888,0.066564187,7.0,1.262330055
2811.0,0.0,1325.0,9968.442383,1805.706665,9.0,-0.914399981,0.0,6000.0,28.20240021,27.20240021,428.7673645,0.047391627,7.0,-1.521679878
2812.0,0.0,1283.0,28925.27148,134.0043488,13.0,3.352800131,0.0,1000.0,33.72640228,34.72640228,273.6765747,0.294505984,2.0,0.323212624
2813.0,0.0,1291.0,13071.12402,29.93995857,5.0,-3.352800131,18.59280014,6000.0,39.13759995,19.93519974,220.3157959,0.211262882,2.0,-1.488755941
2814.0,0.0,1308.0,15953.4375,2766.425781,27.0,1.828799963,0.0,6000.0,42.84960175,41.84960175,261.5914307,0.013763124,7.0,0.143461227
2815.0,0.0,1276.0,28584.17969,84.8457489,12.0,3.657599926,0.0,2000.0,36.07920074,34.07920074,234.6683655,0.176270947,2.0,1.030153751
2816.0,0.0,1296.0,20888.00195,1626.736938,12.0,0.609600008,0.0,6000.0,30.59280014,34.59280014,235.2803497,0.093444213,2.0,-1.463091373
2817.0,0.0,1332.0,3418.425293,1231.013794,39.0,8.534399986,0.0,4000.0,61.86000061,61.86000061,327.6657715,0.818564296,3.0,11.09526348
2818.0,0.0,1321.0,7951.999512,417.2623596,15.0,-0.914399981,0.0,6000.0,27.19200134,27.19200134,303.7138367,0.46928224,2.0,-4.811619282
2819.0,0.0,1265.0,32722.54883,498.8825989,13.0,0.0,0.0,1000.0,40.12720108,41.12720108,239.9103088,0.035485845,2.0,-3.428183079
2820.0,0.0,1271.0,36662.33594,108.0795517,-1.0,-2.133599997,0.0,6000.0,23.07920074,23.07920074,309.1917419,0.151058108,2.0,-4.448417187
2821.0,0.0,1305.0,14226.99414,739.9979858,15.0,0.304800004,0.0,4000.0,31.45919991,29.45919991,279.0988464,0.031672206,7.0,0.02457428
2822.0,0.0,1290.0,13971.0166,1113.271851,5.0,-2.133599997,17.37360001,6000.0,37.00400162,19.32559967,241.8582458,0.087061234,2.0,-0.424085855
2823.0,0.0,1312.0,15226.83984,3306.615234,20.0,1.828799963,0.0,6000.0,35.84960175,33.84960175,267.1805115,0.022044489,7.0,-0.026248932
2824.0,0.0,1302.0,17257.77734,772.5180054,9.0,0.609600008,0.0,6000.0,26.06879997,26.06879997,210.7848053,0.084180385,7.0,-0.340258598
2825.0,0.0,1252.0,4443.339844,648.7784424,6.0,-5.486400127,0.0,6000.0,19.10639954,19.10639954,289.1492615,0.034675289,2.0,-5.906517029
2826.0,0.0,1283.0,29889.9668,1263.672974,12.0,3.352800131,0.0,3000.0,33.03120041,32.03120041,203.8874817,0.068749942,2.0,2.08064127
2827.0,0.0,1267.0,8192.667969,873.4719849,24.0,5.181600094,6.705600262,1000.0,34.36320114,28.6576004,287.5307312,0.939301908,7.0,11.40099335
2828.0,0.0,1293.0,21188.81055,1317.901978,15.0,2.133599997,0.0,4000.0,33.28800201,33.28800201,229.6061859,0.088331036,2.0,-0.385965347
2829.0,0.0,1290.0,28151.68555,242.3234863,12.0,-1.219200015,5.486400127,6000.0,39.12720108,30.64080048,222.1182098,0.165840626,2.0,-3.3661201
2830.0,0.0,1289.0,29401.23633,94.7154541,9.0,1.219200015,5.486400127,4000.0,33.99359894,28.50720024,208.4107513,0.225294784,2.0,-1.069743633
2831.0,0.0,1270.0,36861.21094,209.6100769,6.0,-0.609600008,0.0,1000.0,31.90800095,30.90800095,334.0487366,0.197691768,2.0,-3.500959396
2832.0,0.0,1276.0,38242.49609,42.43046951,2.0,-2.133599997,0.0,6000.0,27.29840088,28.29840088,208.0525055,0.251568019,2.0,-3.096894264
2833.0,0.0,1310.0,22121.92969,751.0859985,19.0,-3.048000097,0.0,6000.0,34.23999786,34.23999786,258.0933533,0.05188711,2.0,-1.946888447
2834.0,0.0,1334.0,7959.831055,149.9096069,26.0,8.534399986,0.0,2000.0,43.37360001,41.37360001,288.9673462,0.820130408,3.0,5.404792786
2835.0,0.0,1284.0,12703.5957,781.0344238,13.0,-2.43840003,7.010400295,6000.0,30.06879997,22.75360107,276.6929932,0.09891405,2.0,-2.866699696
2836.0,0.0,1285.0,4330.54248,407.3670044,11.0,-1.219200015,0.0,1000.0,23.80160141,23.80160141,254.5147095,0.210836709,2.0,-0.839374065
2837.0,0.0,1286.0,29068.39063,90.17139435,11.0,3.657599926,0.0,1000.0,30.20240021,35.20240021,274.7407837,0.138712913,2.0,1.257185459
2838.0,0.0,1289.0,12854.41113,240.4855499,2.0,-4.87680006,25.90800095,6000.0,45.58639908,19.67840004,228.7844391,0.0538298,2.0,-0.164638758
2839.0,0.0,1289.0,30641.76953,827.755188,15.0,0.914399981,5.486400127,2000.0,42.73680115,37.25040054,314.6918945,0.432765812,2.0,1.030580521
2840.0,0.0,1317.0,12423.96777,1174.434814,20.0,-6.096000195,0.0,6000.0,20.9144001,19.9144001,248.9922333,0.279667616,2.0,-3.278116703
2841.0,0.0,1270.0,31398.12305,335.7963867,18.0,2.133599997,0.0,1000.0,42.99359894,41.99359894,229.5173035,0.307474345,2.0,3.383915901
2842.0,0.0,1267.0,11361.15234,515.8568115,7.0,0.0,6.096000195,1000.0,17.66799927,15.5720005,239.4138794,0.080584228,2.0,0.327763081
2843.0,0.0,1333.0,14327.20996,1182.107422,25.0,7.924799919,0.0,1000.0,37.49679947,34.49679947,268.6738586,0.714135647,7.0,0.722719193
2844.0,0.0,1314.0,10674.6582,169.7184448,11.0,-5.181600094,1.219200015,6000.0,12.52400017,11.30480003,237.5880127,0.011297155,2.0,-5.456720352
2845.0,0.0,1285.0,25187.20313,1064.279419,18.0,3.352800131,0.0,6000.0,35.37360001,35.37360001,248.5637512,0.030819621,2.0,-0.35558033
2846.0,0.0,1288.0,17603.20313,546.4354858,16.0,1.524000049,0.0,2000.0,28.19200134,28.19200134,290.0061951,0.089947574,7.0,1.789964676
2848.0,0.0,1277.0,34092.28906,94.72961426,2.0,-1.828799963,0.0,1000.0,24.25040054,24.25040054,290.250946,0.017244002,2.0,-3.232900143
2849.0,0.0,1290.0,11554.17676,241.6013947,3.0,-3.96239996,19.81200027,6000.0,36.83280182,17.02080154,238.192627,0.110770062,2.0,-1.093309641
2850.0,0.0,1319.0,18411.39453,627.3809204,18.0,2.133599997,0.0,6000.0,30.49679947,28.49679947,284.1126099,0.04777671,7.0,-1.982572556
2851.0,0.0,1288.0,20854.13086,1999.755249,13.0,3.657599926,7.924799919,4000.0,37.38400269,29.76399994,234.9292297,0.002340914,2.0,1.628866196
2852.0,0.0,1280.0,30298.77734,234.2491913,14.0,3.96239996,0.0,6000.0,33.81200027,31.11680031,231.8406219,0.059831373,2.0,0.546268463
2853.0,0.0,1290.0,14903.33398,1141.694214,6.0,-7.010400295,29.56559944,6000.0,56.90159988,25.42160034,249.2767487,0.02663349,2.0,-0.910699129
2854.0,0.0,1299.0,11046.66309,134.0186462,21.0,3.96239996,0.0,1000.0,29.83919907,30.14400101,301.7031555,0.106589288,7.0,-1.459715843
2855.0,0.0,1282.0,13179.4541,1207.44873,10.0,0.0,5.181600094,6000.0,22.80160141,17.61999893,274.369751,0.302389145,2.0,-0.863856316
2856.0,0.0,1280.0,3181.580811,0.0,12.0,6.400800228,0.0,6000.0,21.14400101,6.144000053,278.2861023,0.486834645,3.0,3.419635773
2857.0,0.0,1315.0,12681.6084,402.085083,2.0,-6.400800228,0.0,6000.0,4.133600235,19.13360023,382.0036926,0.008392534,2.0,-4.735633373
2858.0,0.0,1286.0,26642.70313,1619.483643,11.0,3.048000097,0.0,8000.0,30.81200027,30.81200027,239.7323761,0.345930099,2.0,-1.438642502
2859.0,0.0,1320.0,12797.78027,271.1822815,20.0,4.87680006,0.0,4000.0,23.35280037,20.35280037,236.6687469,0.239890248,7.0,7.028887749
2860.0,0.0,1286.0,20917.17969,3022.480225,4.0,2.133599997,3.96239996,6000.0,19.84959984,18.58240128,237.5752106,0.073945612,2.0,-0.414328098
2861.0,0.0,1282.0,10592.70508,67.1649704,19.0,6.096000195,0.0,1000.0,27.83919907,28.83919907,239.5404053,0.552048802,7.0,2.3475914
2862.0,0.0,1314.0,17715.79297,1250.911865,18.0,2.133599997,0.0,6000.0,29.8871994,29.8871994,279.5699768,0.017865,7.0,-2.054616928
2863.0,0.0,1324.0,12703.06055,2691.762451,17.0,0.914399981,0.0,6000.0,32.84960175,29.84959984,285.175354,0.04325407,7.0,-2.522420883
2864.0,0.0,1289.0,30741.70508,819.7892456,11.0,0.304800004,5.791200161,1000.0,39.04160309,31.25040054,314.6918945,0.354641914,2.0,0.485579729
2865.0,0.0,1289.0,28729.76758,450.2913513,4.0,0.304800004,5.791200161,2000.0,31.12720108,25.33600044,245.1426086,0.052349329,2.0,-2.051203489
2867.0,0.0,1285.0,12762.12598,961.8753662,15.0,1.524000049,0.0,2000.0,25.36320114,29.36320114,237.6377563,0.28643316,2.0,-0.588459492
2868.0,0.0,1320.0,5494.115234,2458.828857,18.0,-1.828799963,0.0,4000.0,33.84960175,34.84960175,229.4157562,0.180485666,2.0,-2.103241682
2869.0,0.0,1285.0,25404.25586,982.0946655,19.0,3.352800131,0.0,6000.0,36.37360001,37.37360001,245.0957336,0.073357567,2.0,-0.232275486
2870.0,0.0,1270.0,35435.36719,60.1128273,7.0,-0.304800004,0.0,1000.0,30.46960068,31.46960068,257.5579529,0.227817833,7.0,-1.36737442
2871.0,0.0,1307.0,13926.69238,1266.848999,10.0,0.609600008,0.0,6000.0,27.67840004,27.67840004,237.2657013,0.10070017,7.0,-0.477488518
2872.0,0.0,1331.0,10710.06055,1199.435303,25.0,0.609600008,0.0,6000.0,41.459198,39.459198,238.0555725,0.597658217,7.0,-2.829996109
2873.0,0.0,1303.0,18412.67578,936.8492432,23.0,1.219200015,0.0,6000.0,40.98320007,40.98320007,309.528656,0.035687216,7.0,-0.244867325
2874.0,0.0,1286.0,10649.48047,268.026001,3.0,-5.181600094,21.33600044,6000.0,38.66160202,17.41120148,340.6111145,0.217743143,2.0,-1.242149591
2875.0,0.0,1285.0,18417.41602,330.7255859,11.0,0.609600008,0.0,4000.0,23.80160141,25.80160141,262.9588623,0.05432871,2.0,0.001496315
2876.0,0.0,1289.0,25077.18164,541.1913452,21.0,4.87680006,4.87680006,6000.0,42.64080048,38.76399994,236.174057,0.052590907,2.0,2.068799496
2877.0,0.0,1310.0,15104.90723,4247.487793,11.0,2.133599997,0.0,4000.0,28.06879997,28.06879997,247.6617737,0.184177771,7.0,1.048976898
2878.0,0.0,1291.0,25442.11133,1350.400269,16.0,2.133599997,5.486400127,4000.0,40.38400269,34.89759827,264.1542664,0.261699796,2.0,-0.032660007
2879.0,0.0,1325.0,3095.744629,391.4877319,9.0,0.0,0.0,2000.0,30.94560051,31.94560051,273.675415,0.13272284,2.0,-4.938015461
2880.0,0.0,1326.0,14770.47754,524.6387939,24.0,2.43840003,0.0,6000.0,35.58240128,34.58240128,238.8472748,0.179433793,7.0,-2.846183777
2881.0,0.0,1294.0,11905.30176,731.9578857,13.0,-4.267199993,22.86000061,4000.0,51.70960236,28.84959984,329.5825195,0.108048491,2.0,-0.268870115
2882.0,0.0,1336.0,7040.376465,361.1988831,20.0,4.572000027,0.0,6000.0,38.59280014,38.59280014,314.9820862,1.312314034,7.0,0.835294724
2883.0,0.0,1282.0,12260.51465,417.2073669,20.0,0.914399981,0.0,2000.0,30.0583992,30.0583992,228.1114655,0.081789032,2.0,-1.220623493
2884.0,0.0,1343.0,11969.30078,240.4563446,36.0,10.97280025,0.0,1000.0,48.80160141,47.80160141,352.3378906,0.645405471,3.0,7.168878555
2885.0,0.0,1304.0,22113.9043,2416.191406,18.0,2.743200064,0.0,6000.0,31.7159996,30.7159996,238.3355408,0.010103514,7.0,0.690394402
2886.0,0.0,1323.0,1352.829102,299.8677063,10.0,2.743200064,0.0,2000.0,35.60320282,37.51760101,234.3338013,0.481592596,7.0,-1.654815197
2887.0,0.0,1281.0,28892.1582,295.8697205,9.0,2.43840003,0.0,6000.0,30.03120041,30.03120041,226.7186584,0.873627663,2.0,0.791289806
2888.0,0.0,1269.0,35621.77734,598.8881226,9.0,0.0,0.0,1000.0,35.21279907,36.21279907,315.8765869,0.071170203,2.0,-2.86144805
2889.0,0.0,1319.0,11479.17383,1416.96167,15.0,0.914399981,0.0,4000.0,33.28800201,32.98320007,230.330368,0.066894874,7.0,-1.261640549
2890.0,0.0,1327.0,9798.288086,664.9016113,25.0,0.304800004,0.0,6000.0,42.98320007,43.98320007,284.6402283,0.308476716,7.0,-2.979391098
2891.0,0.0,1300.0,17799.44531,371.6605225,9.0,0.609600008,0.0,6000.0,26.06879997,27.06879997,258.7249756,0.030821649,7.0,-1.066818237
2892.0,0.0,1277.0,6913.212891,161.3378143,14.0,2.133599997,0.0,1000.0,22.53440094,24.53440094,238.9518585,0.301149398,7.0,0.540586472
2893.0,0.0,1326.0,5476.762695,123.4791336,18.0,8.83920002,0.0,1000.0,26.83919907,28.83919907,222.4272614,0.967621744,3.0,0.340250015
2894.0,0.0,1289.0,24123.67578,234.20961,7.0,3.048000097,0.0,8000.0,26.50720024,24.50720024,246.7008209,0.080304898,2.0,-0.338290215
2895.0,0.0,1315.0,15285.62793,152.7090759,18.0,3.048000097,0.0,2000.0,18.9144001,15.9144001,318.1453552,0.849683344,7.0,5.547926903
2896.0,0.0,1278.0,32490.62109,300.931427,16.0,4.267199993,0.0,1000.0,37.33599854,35.64080048,228.8813324,0.15300642,7.0,3.369682789
2897.0,0.0,1311.0,13675.95605,1593.174316,8.0,0.0,0.0,4000.0,23.23999977,27.23999977,298.2541809,0.615848303,7.0,0.647973061
2898.0,0.0,1315.0,11789.28125,2101.004883,16.0,1.219200015,0.0,2000.0,33.67839813,36.67839813,236.8745575,0.255083501,7.0,-0.289351463
2899.0,0.0,1318.0,7475.797363,1222.376709,14.0,-0.914399981,0.0,4000.0,28.32559967,24.32559967,233.6194153,0.129284352,2.0,-3.102052689
2900.0,0.0,1279.0,38147.87891,566.5115967,20.0,-3.048000097,7.010400295,6000.0,52.00400162,44.99359894,355.4569092,0.040463544,2.0,-3.718939304
2901.0,0.0,1273.0,12538.95801,1388.729614,12.0,0.609600008,5.486400127,2000.0,22.66799927,17.18160057,237.2461243,0.076803833,7.0,0.020406246
2902.0,0.0,1318.0,11895.47461,1365.69104,9.0,1.219200015,0.0,4000.0,27.28800011,27.28800011,222.5677338,0.169259757,7.0,0.072450638
2903.0,0.0,1285.0,10995.53516,1442.066895,4.0,-5.181600094,11.58240032,6000.0,25.94560051,14.36320019,234.8231659,0.057508193,2.0,-3.014893055
2905.0,0.0,1287.0,15445.6416,1604.643433,16.0,0.304800004,0.0,2000.0,26.97280121,28.97280121,237.4448547,0.108800896,7.0,0.951845169
2906.0,0.0,1321.0,10946.89258,169.6929169,16.0,2.743200064,0.0,3000.0,26.66799927,27.66799927,250.4564209,0.087047875,2.0,1.99764061
2907.0,0.0,1290.0,27212.63086,1140.079956,11.0,1.828799963,0.0,4000.0,28.06879997,28.06879997,235.4580078,0.021819161,2.0,-0.865524292
2908.0,0.0,1267.0,30850.29297,134.0059967,12.0,6.096000195,0.0,1000.0,36.99359894,36.99359894,227.1772919,0.134849444,7.0,1.433735847
2909.0,0.0,1326.0,6302.619141,721.3569946,2.0,-4.267199993,0.0,6000.0,18.45919991,18.45919991,244.1523132,0.015242443,2.0,-6.501478672
2910.0,0.0,1329.0,8599.203125,664.868103,35.0,12.19200039,0.0,1000.0,44.75360107,41.75360107,238.6584167,0.144420445,7.0,7.797389984
2911.0,0.0,1281.0,25638.84375,108.2511063,11.0,1.828799963,0.0,1000.0,32.94560242,34.94560242,230.1947632,0.10098546,2.0,-0.655292988
2912.0,0.0,1339.0,8852.106445,1255.383545,28.0,7.315199852,0.0,1000.0,39.8871994,43.8871994,276.5506897,0.490797311,3.0,9.017201424
2913.0,0.0,1331.0,960.1535034,530.7958374,24.0,3.96239996,0.0,4000.0,49.90800095,50.90800095,401.2149353,0.919776261,7.0,0.966453552
2914.0,0.0,1290.0,22995.84375,424.3014221,9.0,2.133599997,0.0,4000.0,29.11680031,28.11680031,288.9618225,0.01244011,2.0,-0.587223053
2915.0,0.0,1279.0,15119.53516,1402.442139,16.0,-1.828799963,4.267199993,6000.0,27.8871994,23.61999893,230.4700012,0.101644278,2.0,-4.641338825
2916.0,0.0,1270.0,35169.58984,192.1558685,9.0,0.609600008,0.0,4000.0,33.68880081,36.68880081,248.2658539,0.220269248,2.0,-2.887171507
2917.0,0.0,1272.0,4201.119141,161.3369751,13.0,4.267199993,0.0,1000.0,21.83919907,21.83919907,246.4920959,0.500229239,7.0,-0.096346855
2918.0,0.0,1286.0,27905.02344,540.3845215,13.0,4.267199993,0.0,6000.0,33.1167984,36.1167984,229.4503326,0.064511202,2.0,1.903736591
2919.0,0.0,1269.0,31351.98242,201.4844055,13.0,6.705600262,0.0,1000.0,38.29840088,37.29840088,227.1772919,0.20392324,7.0,3.288211823
2920.0,0.0,1295.0,23774.8125,1111.421265,19.0,3.048000097,0.0,4000.0,33.93519974,33.93519974,234.1624451,0.056855328,7.0,4.360648155
2921.0,0.0,1317.0,15769.2793,860.4524536,17.0,-7.619999886,0.0,6000.0,20.04800034,20.04800034,255.6570892,0.880593061,2.0,-4.953113556
2922.0,0.0,1307.0,15793.0918,2275.026611,19.0,1.219200015,0.0,6000.0,36.98320007,35.98320007,234.3287659,0.02358151,7.0,-0.755879402
2923.0,0.0,1290.0,23931.14453,1049.323364,10.0,4.87680006,4.87680006,6000.0,31.94560051,30.76399994,274.0351563,0.032224365,2.0,2.23261261
2924.0,1.0,1295.0,7760.470703,42.42434311,23.0,4.267199993,0.0,6000.0,20.2567997,21.2567997,223.6738892,0.071910463,7.0,-0.575748444
2925.0,1.0,1291.0,7544.489258,29.93661118,22.0,5.486400127,0.0,1000.0,20.1711998,20.1711998,211.7040558,0.452599823,7.0,3.318995476
2926.0,1.0,1331.0,15226.35938,552.2019043,24.0,4.87680006,8.534399986,1000.0,4.797599792,1.102399826,377.1685181,1.642667294,3.0,-6.474819183
2927.0,1.0,1269.0,9271.796875,497.2475891,20.0,5.486400127,56.38800049,1000.0,76.38800049,23.30480003,297.5088806,0.421453476,7.0,-1.979581833
2928.0,1.0,1279.0,4095.063232,242.3719025,37.0,-5.181600094,31.39439964,8000.0,42.4864006,11.09199905,262.3181763,0.363722235,3.0,-3.904781342
2929.0,1.0,1376.0,2418.953369,94.71874237,10.0,-2.743200064,0.0,1000.0,9.695199966,11.69519997,235.4675598,0.382913649,4.0,-1.501289368
2930.0,1.0,1265.0,10216.55762,1239.299683,48.0,4.267199993,28.34640121,1000.0,42.5135994,14.77679825,291.3697205,1.588335752,3.0,-2.06665802
2931.0,1.0,1263.0,1102.231201,696.8640747,38.0,7.315199852,28.95600128,4000.0,52.32559967,21.3696003,327.0019531,0.621491551,3.0,6.506761551
2932.0,1.0,1258.0,4272.400879,1112.427246,32.0,9.448800087,25.60320091,1000.0,46.32559967,23.72240067,246.5006866,0.519950151,3.0,3.920183182
2933.0,1.0,1284.0,5145.195313,60.1275444,19.0,5.791200161,6.705600262,1000.0,21.7432003,14.03759956,236.8690338,0.587893426,7.0,1.514108658
2934.0,1.0,1300.0,7879.604492,84.84871674,25.0,5.181600094,0.0,6000.0,22.56159973,22.56159973,211.7040558,0.372633696,7.0,1.825538635
2935.0,1.0,1301.0,7910.00293,89.8098526,22.0,5.181600094,0.0,8000.0,19.2567997,19.2567997,211.7040558,0.366219938,7.0,1.468640327
2936.0,1.0,1325.0,16469.58594,108.0850372,36.0,4.267199993,0.0,1000.0,30.5135994,30.5135994,234.5031433,0.926455438,7.0,4.488477707
2937.0,1.0,1250.0,2478.338379,2742.721436,9.0,-5.181600094,22.55520058,6000.0,23.93519974,1.380000114,356.3917236,0.167713329,2.0,-8.836816788
2938.0,1.0,1258.0,8122.649902,0.0,42.0,2.43840003,31.08959961,1000.0,49.31520081,18.22559929,268.991394,0.58868897,3.0,0.063335419
2939.0,1.0,1241.0,2329.876709,694.0126343,47.0,8.83920002,28.95600128,4000.0,55.229599,26.27359962,506.3051147,3.139939785,3.0,13.25445175
2940.0,1.0,1242.0,25532.92383,1057.554688,42.0,1.828799963,9.448800087,2000.0,26.15040016,16.70159912,220.0141907,0.394145548,3.0,0.61472702
2941.0,1.0,1240.0,23460.63672,450.2344666,58.0,1.828799963,14.93519974,1000.0,48.85599899,35.92079926,404.9094849,1.181405544,3.0,11.86446381
2942.0,1.0,1282.0,9628.628906,0.0,43.0,10.05840015,16.76399994,1000.0,49.4007988,40.63679886,478.5718689,0.31189087,3.0,11.65293312
2943.0,1.0,1287.0,12504.45996,0.0,45.0,16.15439987,35.66160202,2000.0,56.27759933,18.61599922,293.8315735,0.69183892,3.0,4.81227684
2944.0,1.0,1255.0,5825.234863,912.3968506,38.0,1.219200015,15.5447998,2000.0,41.04800034,21.50320053,251.8751526,0.839427173,3.0,-3.450716019
2945.0,1.0,1370.0,2243.564453,84.85674286,5.0,-1.524000049,0.0,6000.0,5.0,5.0,273.9898376,0.073024698,4.0,-1.223036289
2946.0,1.0,1302.0,8022.681152,849.7166138,30.0,3.352800131,12.49680042,6000.0,15.06480026,2.567998886,388.3569946,0.039922204,3.0,-14.66277695
2947.0,1.0,1370.0,1152.0177,408.2742004,11.0,-1.524000049,0.0,4000.0,11.0,9.0,285.4887085,0.046721719,4.0,-1.558749795
2948.0,1.0,1345.0,8338.59375,2028.446533,22.0,1.524000049,0.0,1000.0,18.64719963,18.64719963,222.2456512,1.397298574,7.0,-5.846632004
2949.0,1.0,1261.0,6502.885254,498.8511658,40.0,6.705600262,16.76399994,1000.0,56.15439987,39.39039993,354.2810364,0.922884464,3.0,1.256738663
2950.0,1.0,1363.0,2119.160889,350.1680603,11.0,-0.304800004,0.0,1000.0,7.342400074,7.342400074,226.2593384,0.09282241,4.0,-4.766279221
2951.0,1.0,1310.0,11378.86719,179.6425018,26.0,1.219200015,0.0,1000.0,19.29439926,7.294399738,258.083252,0.993087471,7.0,-4.115200996
2952.0,1.0,1286.0,15025.98438,0.0,42.0,7.619999886,35.66160202,1000.0,48.70560074,14.26319885,319.3482056,0.642065763,3.0,6.037858963
2953.0,1.0,1367.0,442.4517212,67.00100708,12.0,-0.914399981,0.0,1000.0,12.0,10.0,266.5236816,0.029613445,4.0,-2.406736851
2954.0,1.0,1361.0,1584.803345,300.1783447,9.0,-0.304800004,0.0,4000.0,9.0,8.0,226.6516418,0.130242035,4.0,-6.004817963
2955.0,1.0,1285.0,14610.62012,258.2330933,44.0,7.924799919,36.88080215,2000.0,51.92480087,15.26319885,323.771759,0.759158134,3.0,6.873445511
2957.0,1.0,1335.0,4698.125,488.4766235,20.0,5.791200161,0.0,1000.0,12.68480015,9.684800148,325.324585,0.615501463,7.0,-4.713510513
2958.0,1.0,1355.0,2761.035889,445.3137817,10.0,-0.304800004,0.0,1000.0,7.256799698,7.256799698,227.893692,0.390089422,4.0,-5.382136345
2959.0,1.0,1326.0,1756.183716,234.3865814,10.0,3.048000097,0.0,1000.0,10.9144001,10.9144001,235.8663635,0.078227907,7.0,0.788368225
2960.0,1.0,1327.0,3501.607178,29.93737221,7.0,1.828799963,0.0,5000.0,7.0,7.0,235.4432983,0.265853852,7.0,-1.29370594
2961.0,1.0,1348.0,2326.933105,806.4088135,7.0,0.0,0.0,1000.0,6.085599899,7.085599899,214.5054779,0.417898059,4.0,-4.514558315
2962.0,1.0,1284.0,5662.194336,606.4788208,31.0,0.0,0.0,1000.0,20.63679886,20.63679886,224.5913086,0.039396074,7.0,-2.467977524
2963.0,1.0,1338.0,4155.768066,276.4870911,17.0,3.352800131,0.0,1000.0,16.0855999,18.0855999,232.7592316,0.345570147,7.0,0.71031332
2964.0,1.0,1361.0,786.2233276,664.0039063,10.0,-0.304800004,0.0,1000.0,7.561599731,7.561599731,242.6564789,0.03773272,4.0,-3.930945396
2965.0,1.0,1336.0,2206.608154,246.9267578,12.0,1.524000049,0.0,1000.0,12.60960007,12.60960007,265.9275208,0.265354723,4.0,-0.101901054
2966.0,1.0,1359.0,1213.050049,336.0266418,8.0,-1.219200015,0.0,1000.0,5.866399765,5.866399765,213.4582977,0.159637243,4.0,-4.435139179
2967.0,1.0,1226.0,14786.55957,268.639801,36.0,7.924799919,26.82240105,1000.0,46.66799927,18.54080009,304.339386,0.108297534,3.0,3.618118286
2968.0,1.0,1233.0,13799.25879,323.5691223,40.0,6.400800228,29.87039948,1000.0,55.84960175,27.2840004,444.992218,0.553525984,3.0,3.120046616
2969.0,1.0,1327.0,2102.746582,590.1218872,4.0,0.0,0.0,6000.0,7.657599926,8.657600403,235.0948486,0.649513543,4.0,-1.253076553
2970.0,1.0,1231.0,15608.01074,127.2900543,41.0,6.400800228,21.64080048,1000.0,48.92480087,24.2840004,345.8016052,0.371523112,3.0,-4.41314888
2971.0,1.0,1228.0,15487.9707,94.70787811,38.0,6.400800228,21.64080048,1000.0,45.92480087,25.2840004,345.8016052,0.59635359,7.0,-2.508224487
2972.0,1.0,1233.0,7963.59082,42.4228363,29.0,2.43840003,25.60320091,1000.0,40.58240128,14.97919941,299.3771057,0.625607789,3.0,-4.268363953
2973.0,1.0,1329.0,1064.407349,60.12607574,5.0,-1.524000049,0.0,1000.0,7.438400269,7.438400269,298.243927,0.214633241,4.0,-3.285773516
2974.0,1.0,1339.0,1814.426636,487.4121399,4.0,-0.304800004,0.0,1000.0,4.304800034,6.304800034,265.4169922,0.258617878,4.0,-3.22293973
2975.0,1.0,1378.0,12391.86035,807.0935059,14.0,6.096000195,0.0,1000.0,10.95199966,10.95199966,258.6872253,0.790313423,7.0,-6.376742363
2976.0,1.0,1334.0,5151.072266,883.803772,10.0,0.0,0.0,1000.0,13.35280037,13.35280037,236.2085266,0.668288529,7.0,-0.392411709
2977.0,1.0,1329.0,5693.27002,726.546814,17.0,-0.914399981,0.0,1000.0,18.8288002,19.13360023,236.4587097,0.942210197,7.0,0.731035709
2978.0,1.0,1264.0,11086.96973,134.3427429,41.0,4.572000027,24.38400078,6000.0,25.4552002,3.071201324,407.3462524,0.899022579,3.0,-3.48065567
2979.0,1.0,1252.0,12577.68066,228.1265717,45.0,3.352800131,24.38400078,1000.0,45.0,20.61599922,255.4546814,0.430719972,3.0,3.979923248
2980.0,1.0,1236.0,5509.885254,240.48526,35.0,9.144000053,26.51760101,1000.0,50.84960175,27.33200073,289.8390808,0.461847514,3.0,7.743057251
2981.0,1.0,1287.0,9389.958008,182.1204529,14.0,2.133599997,0.0,1000.0,17.35280037,17.35280037,234.5261841,0.783292353,7.0,0.458014488
2982.0,1.0,1364.0,1063.672729,201.0170746,13.0,-0.304800004,0.0,1000.0,12.39039993,12.39039993,236.87117,0.144482106,4.0,-3.024470091
2983.0,1.0,1347.0,2417.782715,60.1208992,13.0,0.0,0.0,1000.0,12.39039993,8.390399933,222.5948029,0.345658898,4.0,-5.30688858
2984.0,1.0,1333.0,4339.568848,420.1978149,11.0,2.133599997,0.0,1000.0,11.30480003,10.30480003,240.3826599,0.565451205,7.0,1.151204109
2985.0,1.0,1340.0,7963.165527,407.7651367,23.0,2.743200064,0.0,1000.0,19.95199966,16.95199966,234.4021912,0.179942742,7.0,0.751242638
2986.0,1.0,1339.0,1869.818726,483.2077332,6.0,-0.304800004,0.0,1000.0,6.304800034,5.304800034,265.4169922,0.183435947,4.0,-3.005442619
2987.0,1.0,1303.0,13561.81641,89.81044769,27.0,5.181600094,0.0,1000.0,20.5991993,19.5991993,222.2761841,0.070516877,7.0,3.078556061
2988.0,1.0,1339.0,2042.294189,643.3473511,7.0,-0.609600008,0.0,1000.0,7.304800034,7.304800034,265.4169922,0.213972569,4.0,-2.540781736
2989.0,1.0,1242.0,1690.555908,242.0972137,34.0,7.619999886,29.26079941,1000.0,50.76399994,20.19839859,248.0379486,0.603031874,3.0,9.700395584
2990.0,1.0,1232.0,9414.611328,276.6517639,37.0,6.705600262,17.67840004,1000.0,41.5719986,24.19839859,237.4810944,0.256148487,3.0,5.539747238
2991.0,1.0,1274.0,19385.02344,714.1883545,21.0,6.705600262,36.27120209,8000.0,66.72000122,30.44879913,235.9543457,0.099947244,7.0,5.5567379
2992.0,1.0,1226.0,13807.75488,276.6508789,35.0,2.133599997,20.42160034,1000.0,41.4007988,20.97919846,224.7920837,1.085752964,3.0,-2.565803528
2993.0,1.0,1278.0,17487.70703,153.269455,8.0,-2.133599997,29.56559944,1000.0,43.05200195,11.6576004,293.2016296,0.232980892,7.0,-4.145000458
2994.0,1.0,1328.0,6361.259277,255.9203186,7.0,-0.304800004,0.0,1000.0,9.743200302,9.743200302,600.0,0.126037568,7.0,-0.327985287
2995.0,1.0,1359.0,4866.740234,1385.493408,8.0,0.304800004,0.0,1000.0,2.818399906,2.818399906,533.7050171,0.086696029,4.0,-9.291851044
2996.0,1.0,1252.0,26522.93164,334.737793,9.0,-0.914399981,31.08959961,1000.0,60.20640182,30.03120041,256.9114075,0.287728935,7.0,-2.210246086
2997.0,1.0,1342.0,1658.921631,119.7516403,11.0,3.657599926,0.0,1000.0,10.39039993,10.39039993,266.4414673,0.417734295,7.0,2.135082722
2998.0,1.0,1334.0,1863.822388,119.7503204,7.0,0.0,0.0,1000.0,7.609600067,7.609600067,258.7695313,0.241237417,4.0,-2.726258516
2999.0,1.0,1280.0,2482.500977,342.6147156,16.0,6.096000195,0.0,1000.0,26.97280121,26.97280121,323.5154419,1.457555175,3.0,4.899236679
3000.0,1.0,1330.0,6842.709473,760.1828003,30.0,7.619999886,10.05840015,1000.0,21.770401,11.71199989,227.7756042,0.164211318,3.0,-2.092979431
3001.0,1.0,1339.0,1190.828369,391.9459839,21.0,7.010400295,0.0,1000.0,20.0855999,18.0855999,223.8402252,0.908913493,7.0,2.320298195
3002.0,1.0,1306.0,3099.625,1149.908325,25.0,4.572000027,0.0,1000.0,31.4008007,31.4008007,247.9829559,1.009218693,3.0,0.305184364
3003.0,1.0,1307.0,13509.12305,174.7631836,22.0,2.43840003,0.0,1000.0,18.64719963,18.64719963,279.4073792,0.222958237,7.0,0.640825272
3004.0,1.0,1384.0,6978.1875,339.3974915,14.0,-0.914399981,0.0,4000.0,11.86639977,12.86639977,232.3749695,0.189880729,13.0,-2.123468399
3005.0,1.0,1279.0,10409.93164,150.098465,32.0,4.87680006,37.79520035,1000.0,49.37360001,12.57839966,256.5212708,0.399077266,7.0,-2.17383194
3006.0,1.0,1310.0,12235.53027,731.9083252,21.0,1.828799963,8.229599953,3000.0,8.503199577,0.273599625,204.6220551,0.169819623,7.0,0.574411392
3007.0,1.0,1360.0,3975.000732,308.5388184,6.0,-0.304800004,0.0,1000.0,2.951999903,0.0,223.5484924,0.231211916,4.0,-10.37787628
3008.0,1.0,1291.0,8849.242188,350.5678406,53.0,1.524000049,12.80160046,1000.0,41.72240067,29.92079926,340.8863525,4.760624409,3.0,7.700279236
3009.0,1.0,1232.0,31790.18164,0.0,42.0,0.0,19.50720024,1000.0,52.0583992,31.55120087,266.5654907,0.547454894,7.0,-2.018964767
3010.0,1.0,1331.0,5723.146973,721.2147217,32.0,14.93519974,0.0,1000.0,21.9416008,22.9416008,259.8406677,0.639640749,7.0,2.921216965
3011.0,1.0,1282.0,11600.53027,179.6175232,36.0,-7.619999886,25.60320091,4000.0,43.92480087,16.32159996,333.2098694,0.270395726,3.0,-6.258422852
3012.0,1.0,1300.0,7694.528809,269.4295959,19.0,4.267199993,0.0,8000.0,15.95199966,16.86639977,223.6738892,0.170371652,7.0,0.979791641
3013.0,1.0,1292.0,3520.873779,108.0734787,25.0,7.010400295,0.0,1000.0,30.79120064,30.79120064,221.4554291,0.330086678,7.0,3.449356079
3014.0,1.0,1281.0,12104.95313,119.7454224,28.0,5.791200161,40.84320068,2000.0,44.76399994,4.920799255,285.2606506,0.404950827,7.0,1.242162704
3015.0,1.0,1336.0,3624.843018,483.9268494,17.0,3.657599926,0.0,1000.0,14.2567997,14.2567997,225.0420837,0.114552327,7.0,1.794826508
3016.0,1.0,1372.0,1440.036377,443.4365845,17.0,-0.609600008,0.0,1000.0,15.47599983,17.47599983,253.871933,0.052726965,4.0,-3.612119436
3017.0,1.0,1277.0,14552.59375,268.6867065,72.0,29.56559944,44.80559921,1000.0,76.87680054,32.37599945,424.8591919,0.760565042,3.0,21.2737999
3018.0,1.0,1292.0,8750.135742,319.0123901,19.0,0.914399981,0.0,6000.0,21.13360023,22.13360023,228.9445343,0.168177724,7.0,-2.255478859
3019.0,1.0,1284.0,4176.502441,149.9193878,16.0,3.96239996,14.93519974,1000.0,26.97280121,14.03759956,274.9405212,0.67544049,4.0,-0.561687469
3020.0,1.0,1298.0,7581.054199,200.9828949,29.0,3.352800131,0.0,1000.0,26.56159973,26.56159973,219.1865234,0.339048266,7.0,2.338979721
3021.0,1.0,1286.0,15714.02832,399.4983215,44.0,5.791200161,37.79520035,6000.0,51.92480087,14.12960052,254.0042877,0.090230897,3.0,-0.125333786
3022.0,1.0,1287.0,14883.04883,270.5745239,37.0,7.010400295,41.45280075,1000.0,46.75360107,6.910400391,233.4650726,0.666309953,3.0,3.533254623
3023.0,1.0,1286.0,14073.09277,179.618515,36.0,6.400800228,39.62400055,2000.0,46.66799927,5.043998718,300.0771484,0.75370574,3.0,1.389614105
3024.0,1.0,1238.0,5997.873535,60.12146759,33.0,7.010400295,31.69919968,1000.0,42.75360107,13.05439949,403.2193604,1.795467734,3.0,0.552610397
3025.0,1.0,1228.0,10494.64355,180.3670197,32.0,6.400800228,26.82240105,1000.0,43.8871994,17.06480026,238.7465057,0.952228904,3.0,1.166273117
3026.0,1.0,1241.0,1717.644165,322.6599426,33.0,6.705600262,28.95600128,1000.0,49.15439987,20.19839859,259.1878967,0.122994691,3.0,9.363046646
3027.0,1.0,1329.0,6252.720703,714.9822998,21.0,5.791200161,0.0,1000.0,16.4279995,16.4279995,271.5907288,0.568721712,7.0,-1.593901634
3028.0,1.0,1236.0,2663.467529,453.1112061,23.0,2.743200064,28.95600128,1000.0,33.66799927,11.71199989,308.4467773,0.987513185,7.0,-6.32427597
3029.0,1.0,1232.0,34136.48047,1451.853027,44.0,3.048000097,12.80160046,8000.0,38.5135994,26.71199989,215.4734192,0.289647579,3.0,-1.342891693
3030.0,1.0,1234.0,4411.426758,216.1824951,29.0,6.705600262,28.95600128,1000.0,39.97280121,11.01679993,214.9346771,1.305510044,3.0,-1.094955444
3031.0,1.0,1234.0,3085.186523,329.3351135,32.0,2.43840003,28.04160118,1000.0,44.80160141,16.76000023,274.4834595,0.387345016,3.0,2.620140076
3032.0,1.0,1325.0,4795.845215,323.6134338,22.0,11.27760029,0.0,1000.0,29.61999893,29.61999893,232.6618042,0.87425667,7.0,11.09742928
3033.0,1.0,1258.0,7824.192871,42.42344284,22.0,-0.914399981,21.03120041,1000.0,53.69919968,32.66799927,269.9610291,0.793702304,7.0,-1.073076248
3034.0,1.0,1298.0,10996.79883,189.4105835,28.0,4.572000027,0.0,1000.0,19.770401,19.770401,243.1349335,0.465019733,7.0,2.624919891
3035.0,1.0,1269.0,7348.473633,376.3153687,11.0,-1.524000049,6.096000195,1000.0,17.09600067,12.0,238.1718445,0.316217989,6.0,-5.622615814
3036.0,1.0,1325.0,5227.415527,1394.378052,38.0,4.87680006,1.219200015,1000.0,9.653598785,7.520000458,359.6232605,0.862221122,4.0,0.844089508
3037.0,1.0,1227.0,44670.91406,1834.231567,29.0,3.657599926,63.09360123,1000.0,86.91200256,23.81839943,236.3260345,0.068318851,7.0,1.853702545
3038.0,1.0,1298.0,4098.255371,514.4976196,19.0,5.181600094,0.0,1000.0,24.79120064,24.79120064,255.0352783,0.238076746,3.0,-2.688414574
3039.0,1.0,1316.0,13385.54297,488.4796448,25.0,5.181600094,0.0,1000.0,26.52400017,26.52400017,286.515625,0.320827156,7.0,6.504455566
3040.0,1.0,1272.0,37556.85156,591.6682739,6.0,-0.609600008,0.0,1000.0,34.04160309,34.04160309,223.6439209,0.475105941,2.0,0.151138783
3041.0,1.0,1267.0,4529.850586,1408.704956,28.0,3.96239996,22.86000061,1000.0,38.66799927,15.80799961,280.9930725,0.759485185,3.0,-5.821998596
3042.0,1.0,1246.0,15205.62109,95.02542114,48.0,4.267199993,22.86000061,1000.0,54.09600067,35.540802,301.0142517,1.014191508,3.0,3.43932724
3043.0,1.0,1278.0,4463.880371,362.001709,28.0,13.10640049,13.10640049,1000.0,38.66799927,25.56159973,263.3544006,0.286637604,7.0,9.267173767
3044.0,1.0,1333.0,5878.703125,511.0559387,15.0,2.43840003,0.0,1000.0,12.2567997,11.2567997,286.2049866,0.170022205,7.0,-0.358419418
3045.0,1.0,1272.0,3243.336914,561.4185791,56.0,27.73680115,17.37360001,1000.0,66.36319733,46.98960114,311.7533264,1.252987623,3.0,15.49842644
3046.0,1.0,1287.0,18157.0625,239.4898834,16.0,7.010400295,21.94560051,1000.0,37.33599854,16.78079987,411.352356,0.155212745,7.0,2.078191757
3047.0,1.0,1285.0,13386.46582,94.70380402,36.0,6.400800228,35.96640015,2000.0,46.36320114,8.396799088,327.5348511,0.182228565,3.0,1.142845154
3048.0,1.0,1394.0,6993.249512,516.9404907,16.0,3.048000097,0.0,1000.0,14.47599983,16.47599983,267.3779297,0.324127436,13.0,2.319369793
3049.0,1.0,1337.0,2538.547607,378.8308411,6.0,0.609600008,0.0,1000.0,6.304800034,5.304800034,277.1060181,0.928538084,4.0,-1.275588512
3050.0,1.0,1336.0,1187.99939,891.2563477,21.0,5.791200161,0.0,1000.0,20.0855999,20.0855999,244.076416,1.538825393,7.0,-0.200544357
3051.0,1.0,1363.0,1290.285767,242.1177368,13.0,-0.304800004,0.0,1000.0,11.47599983,10.47599983,236.1194458,0.211471602,4.0,-6.729865551
3052.0,1.0,1330.0,7533.387207,1680.849976,20.0,7.010400295,0.0,1000.0,15.4279995,16.4279995,209.6950836,0.998090744,7.0,-2.341115952
3053.0,1.0,1331.0,6039.571777,634.645874,19.0,6.705600262,0.0,8000.0,14.4279995,11.4279995,271.5907288,0.464474171,7.0,-1.612650871
3054.0,1.0,1359.0,5212.314941,957.1358643,22.0,2.43840003,0.0,1000.0,15.5991993,15.5991993,533.7050171,2.20073247,7.0,5.745770454
3055.0,1.0,1364.0,1007.401245,300.1786194,11.0,-0.304800004,0.0,1000.0,10.39039993,11.39039993,236.87117,0.192984223,4.0,-2.276544809
3056.0,1.0,1355.0,1885.790283,42.42847443,5.0,-0.304800004,0.0,1000.0,3.171200037,6.171199799,263.7702637,0.089758024,4.0,-4.856405258
3057.0,1.0,1328.0,7586.574707,719.2816772,7.0,2.743200064,0.0,2000.0,26.20240021,26.20240021,304.0686951,0.388420641,7.0,1.181052208
3058.0,1.0,1234.0,6913.206543,216.4849396,34.0,5.486400127,25.90800095,1000.0,46.19200134,21.2840004,237.8057404,0.4023543,3.0,2.387578964
3059.0,1.0,1335.0,4727.848633,551.3378296,15.0,6.400800228,0.0,1000.0,7.684800148,7.684800148,364.0102234,0.692616522,7.0,-2.47919178
3060.0,1.0,1360.0,3736.970459,725.8637085,8.0,0.0,0.0,1000.0,4.951999664,5.951999664,223.5484924,0.430961341,4.0,-9.006399155
3061.0,1.0,1284.0,16143.83008,257.9083862,45.0,10.66800022,22.86000061,1000.0,39.5135994,16.65359879,316.9264832,0.301807433,3.0,8.068244934
3062.0,1.0,1241.0,3773.478516,483.931488,35.0,7.315199852,33.83280182,1000.0,45.66799927,11.83519936,281.2999268,0.558013439,3.0,8.464679718
3063.0,1.0,1252.0,22130.99609,89.80877686,44.0,5.181600094,34.13759995,1000.0,63.20240021,29.06480026,329.8571777,1.378047943,3.0,-0.221927643
3064.0,1.0,1285.0,14105.21777,218.0181885,42.0,5.181600094,30.17519951,1000.0,44.43840027,14.56799889,238.3855591,0.07666605,3.0,1.401287079
3065.0,1.0,1286.0,18824.4707,268.6571655,39.0,6.400800228,32.91839981,1000.0,41.43840027,9.520000458,228.7583771,0.481815577,3.0,0.997749329
3066.0,1.0,1286.0,13758.5127,241.5943756,36.0,9.448800087,32.30879974,1000.0,42.4007988,14.09199905,318.9026489,0.844309688,3.0,4.473237991
3067.0,1.0,1281.0,14295.40625,361.1354065,40.0,3.96239996,21.94560051,6000.0,39.39039993,16.83519936,239.5381165,0.41407454,3.0,3.626852036
3068.0,1.0,1291.0,5288.130859,257.8800964,26.0,5.181600094,0.0,1000.0,30.5720005,30.5720005,233.6609802,0.040596902,7.0,1.480259895
3069.0,1.0,1258.0,8568.115234,361.3203125,3.0,-2.43840003,10.36320019,1000.0,17.93519974,7.572000027,225.7686615,0.231758505,4.0,-0.846430659
3070.0,1.0,1292.0,9705.972656,153.2734985,19.0,3.048000097,0.0,1000.0,21.7432003,23.7432003,234.4132538,0.11948812,7.0,1.821957588
3072.0,1.0,1286.0,13949.83398,201.4933014,37.0,9.448800087,32.30879974,6000.0,42.18159866,11.09199905,318.9026489,0.999894977,3.0,5.766263962
3073.0,1.0,1239.0,6043.736816,572.0129395,47.0,0.304800004,37.79520035,1000.0,46.39039993,8.595199585,377.7226563,1.59897697,3.0,11.01754379
3074.0,1.0,1249.0,21516.48047,119.7463913,49.0,5.181600094,22.25040054,1000.0,40.46559906,17.21520042,294.2875671,1.269247055,3.0,4.606025696
3075.0,1.0,1248.0,10582.33984,123.475174,35.0,3.657599926,27.43200111,1000.0,34.69520187,11.26319885,309.95047,1.573469281,8.0,-4.056667328
3076.0,1.0,1359.0,4898.405273,1468.364502,11.0,0.304800004,0.0,1000.0,5.818399906,5.684800148,533.7050171,0.049768791,4.0,-9.258031845
3077.0,1.0,1278.0,2807.26001,127.2726898,19.0,5.181600094,11.27760029,8000.0,28.44879913,17.1711998,245.6382751,0.595883369,7.0,-0.121109009
3078.0,1.0,1288.0,14503.2002,295.9008179,38.0,5.791200161,39.62400055,1000.0,48.36320114,5.739200592,234.8515015,0.652026594,3.0,2.712348938
3079.0,1.0,1349.0,2720.13501,499.7341003,11.0,0.0,0.0,1000.0,10.0855999,10.0855999,214.5054779,0.196474999,4.0,-5.397846222
3080.0,1.0,1229.0,13266.69629,533.9221802,29.0,2.43840003,24.38400078,1000.0,37.229599,8.540800095,333.3727722,2.071125507,3.0,-6.282615662
3081.0,1.0,1354.0,2532.45752,322.6374512,9.0,-0.304800004,0.0,1000.0,6.866399765,7.866399765,227.893692,0.380495757,4.0,-4.898961067
3082.0,1.0,1364.0,2915.483887,342.2023926,15.0,0.0,0.0,6000.0,11.95199966,11.95199966,227.1118622,0.596527874,4.0,-10.13392544
3083.0,1.0,1246.0,6473.899414,335.0327454,22.0,-0.609600008,27.73680115,1000.0,45.16480255,13.4279995,237.0769501,0.261883646,7.0,3.758827209
3084.0,1.0,1283.0,806.1468506,228.8170013,22.0,4.572000027,11.27760029,1000.0,29.92480087,15.64719963,232.6872101,0.382002443,7.0,-1.228167534
3085.0,1.0,1251.0,12748.00391,276.4760437,50.0,3.657599926,24.99360085,1000.0,52.43840027,27.44479942,276.4126587,0.269325763,3.0,5.733818054
3086.0,1.0,1354.0,1137.727905,694.5056152,5.0,-0.304800004,0.0,8000.0,4.085599899,4.085599899,224.2554932,0.307519823,4.0,-3.733995438
3087.0,1.0,1339.0,6517.952148,1240.658325,15.0,2.743200064,0.0,1000.0,13.47599983,12.47599983,239.0006256,0.525500655,7.0,-3.554790974
3088.0,1.0,1330.0,5479.208984,551.3416138,15.0,4.572000027,0.0,1000.0,10.73279953,9.73279953,239.0890808,0.220633104,7.0,-2.332436562
3089.0,1.0,1253.0,7561.330078,175.1056061,32.0,4.87680006,27.12720108,8000.0,59.43199921,29.30480003,255.9088287,0.88313663,3.0,10.4797163
3090.0,1.0,1282.0,12877.24023,182.1127777,36.0,4.572000027,24.07920074,1000.0,37.8288002,13.74959946,292.848114,0.429559886,7.0,1.651527405
3091.0,1.0,1310.0,12011.93945,256.7150879,18.0,2.133599997,0.0,1000.0,11.29439926,11.29439926,310.7971802,0.450553626,7.0,-3.90077877
3092.0,1.0,1229.0,11712.47266,450.29422,37.0,3.96239996,26.51760101,1000.0,45.83919907,18.32159996,279.0896606,0.273323447,3.0,-6.26099968
3093.0,1.0,1240.0,5017.972168,483.2063904,40.0,14.02080059,32.00400162,1000.0,49.44879913,16.44479942,284.9611511,0.404563844,3.0,12.82328415
3094.0,1.0,1363.0,417.1914978,240.4696655,3.0,-1.524000049,0.0,1000.0,2.085599899,3.085599899,259.7440491,0.267869025,4.0,-4.298334122
3095.0,1.0,1268.0,6793.559082,514.5157471,28.0,-0.609600008,28.95600128,1000.0,48.42160034,20.46559906,289.7634888,0.070500478,3.0,1.530675888
3096.0,1.0,1327.0,6733.585449,133.9903107,9.0,1.219200015,0.0,1000.0,16.61999893,16.61999893,239.9544678,0.581955075,7.0,-0.109110832
3097.0,1.0,1334.0,2187.367188,300.626709,9.0,2.133599997,0.0,1000.0,9.914400101,9.914400101,258.7695313,0.619998753,4.0,-1.765962124
3098.0,1.0,1358.0,120.2383881,30.05959702,12.0,-2.743200064,0.0,1000.0,12.0,11.0,277.796875,0.140914634,4.0,-2.180724144
3099.0,1.0,1235.0,6407.679688,449.7088318,34.0,10.05840015,27.73680115,1000.0,44.36320114,16.62639999,223.2711029,0.176430374,3.0,5.155790329
3100.0,1.0,1241.0,3197.36377,108.0740585,17.0,-4.87680006,26.21280098,1000.0,44.43199921,18.21920013,347.3023987,0.119196974,7.0,-0.730770111
3101.0,1.0,1285.0,5104.194824,134.3293152,24.0,3.352800131,0.0,1000.0,32.53440094,34.53440094,247.2869873,0.135249674,7.0,-0.288222313
3102.0,1.0,1278.0,4867.000488,272.2219543,21.0,5.181600094,7.010400295,1000.0,24.35280037,17.3423996,236.8690338,0.295789152,7.0,0.639966011
3103.0,1.0,1304.0,11372.46094,60.12699509,25.0,4.87680006,0.0,1000.0,17.07519913,19.07519913,223.8671265,0.751037359,7.0,2.637529373
3104.0,1.0,1275.0,4739.387695,29.93643951,18.0,5.181600094,6.400800228,1000.0,22.5720005,15.86639977,239.5290985,0.245525748,7.0,-0.774950981
3105.0,1.0,1272.0,666.4663696,688.6500854,10.0,0.0,0.0,8000.0,27.37360001,27.37360001,416.4549561,1.109874129,2.0,-0.758243084
3106.0,1.0,1287.0,5124.689941,150.0969086,23.0,6.400800228,6.705600262,1000.0,25.43840027,18.12319946,232.7288208,0.460750699,7.0,2.28315258
3107.0,1.0,1269.0,9185.995117,497.2475891,22.0,5.486400127,56.38800049,1000.0,78.38800049,23.30480003,297.5088806,0.719418168,7.0,-1.979581833
3108.0,1.0,1234.0,16294.44727,395.348999,40.0,12.49680042,31.08959961,1000.0,61.64080048,28.55120087,303.7164307,0.27965197,3.0,6.830345154
3109.0,1.0,1333.0,2269.906738,329.3129272,11.0,1.219200015,0.0,1000.0,11.60960007,9.609600067,265.9275208,0.330563396,4.0,0.098353863
3110.0,1.0,1282.0,4086.994873,30.06373978,21.0,5.181600094,7.924799919,1000.0,24.6576004,16.12319946,238.9604034,0.437636256,7.0,1.475067139
3111.0,1.0,1235.0,2948.850342,524.6143188,27.0,3.048000097,29.87039948,8000.0,38.27759933,11.40719986,288.5415955,1.097501278,3.0,-0.887937546
3112.0,1.0,1330.0,2748.197754,313.7593994,37.0,13.41120052,10.05840015,4000.0,23.89360046,13.83519936,320.2749329,0.250119269,3.0,-2.918897629
3113.0,1.0,1257.0,10655.62695,89.80912018,47.0,4.572000027,25.90800095,1000.0,48.21920013,22.31119919,234.4255524,0.136087656,3.0,3.683139801
3114.0,1.0,1251.0,11488.71387,312.6679993,51.0,3.96239996,25.29840088,4000.0,51.60960007,26.31119919,297.1006165,0.69560498,3.0,9.133300781
3115.0,1.0,1274.0,42.42331696,300.8638611,40.0,-5.791200161,45.11040115,6000.0,57.67839813,12.56799889,288.9666443,0.146312818,7.0,-11.98930931
3116.0,1.0,1274.0,123.4569016,179.6175537,37.0,-6.096000195,45.11040115,6000.0,54.67839813,9.567998886,288.9666443,0.32114917,7.0,-11.46177864
3117.0,1.0,1332.0,9513.540039,569.612915,15.0,3.96239996,0.0,1000.0,10.12319946,11.12319946,208.7692261,1.355040431,7.0,-3.295389175
3118.0,1.0,1334.0,5420.773926,42.42446136,15.0,4.87680006,0.0,1000.0,10.73279953,10.73279953,239.0890808,0.282589376,7.0,-6.15808773
3119.0,1.0,1348.0,4154.926758,174.757431,10.0,0.0,0.0,1000.0,10.0,8.0,229.4645538,0.060515478,4.0,-5.972711563
3120.0,1.0,1363.0,8416.964844,3982.400391,33.0,4.87680006,3.96239996,1000.0,30.56159973,28.5991993,259.5627747,0.724620759,3.0,6.191801071
3121.0,1.0,1262.0,361.9654541,445.3141785,31.0,-0.609600008,31.39439964,1000.0,52.94560242,21.55120087,359.5925598,0.143195704,3.0,0.00280571
3122.0,1.0,1231.0,20038.74219,182.1200256,46.0,3.96239996,13.71600056,1000.0,38.38000107,24.66399956,285.5766602,1.424345016,3.0,7.156951904
3123.0,1.0,1282.0,16577.62305,1229.089966,44.0,2.743200064,12.80160046,4000.0,46.13359833,28.72240067,373.4020081,1.231326222,3.0,1.199972153
3124.0,1.0,1270.0,10883.18164,268.660614,28.0,3.048000097,12.19200039,1000.0,35.61999893,23.4279995,316.9872437,0.885421038,7.0,-4.110164642
3125.0,1.0,1332.0,4632.049316,108.258873,21.0,0.914399981,0.0,6000.0,21.9144001,21.9144001,295.8223877,0.33874616,7.0,0.212547302
3126.0,1.0,1319.0,4315.262207,617.0724487,11.0,2.133599997,0.0,1000.0,10.69519997,10.69519997,225.7524109,1.016111851,7.0,0.14619875
3127.0,1.0,1345.0,4431.594727,1722.814941,17.0,4.267199993,0.0,1000.0,10.5991993,13.5991993,337.9203491,0.516290307,7.0,-1.306808472
3128.0,1.0,1366.0,1273.294678,300.9152832,7.0,-0.304800004,0.0,8000.0,6.390399933,6.390399933,236.87117,0.163915798,4.0,-3.698907137
3129.0,1.0,1362.0,3940.627686,313.715332,10.0,2.43840003,0.0,4000.0,4.818399906,4.818399906,232.0586243,0.583309233,4.0,-5.14225769
3130.0,1.0,1336.0,3967.193604,780.7028198,18.0,5.181600094,0.0,1000.0,16.47599983,17.47599983,242.6757965,1.937279344,7.0,4.373796463
3131.0,1.0,1252.0,14582.62012,470.1450806,51.0,4.87680006,22.25040054,1000.0,48.25680161,26.00639915,323.7041626,0.284639448,3.0,6.519088745
3132.0,1.0,1334.0,9697.490234,234.2375946,25.0,4.267199993,5.791200161,1000.0,14.02719975,8.236000061,426.1855774,0.82113564,7.0,-2.181959152
3133.0,1.0,1286.0,15457.87695,212.5687256,36.0,4.87680006,30.78479958,2000.0,38.13359833,8.263198853,232.867691,0.198379055,3.0,-0.866439819
3134.0,1.0,1284.0,13894.30762,240.511261,37.0,6.400800228,21.94560051,1000.0,34.56159973,13.61599922,270.6660767,0.236153021,3.0,1.347501755
3135.0,1.0,1284.0,4847.730469,123.9221725,21.0,5.791200161,7.315199852,1000.0,24.04800034,16.73279953,234.6785431,0.564890504,7.0,1.045882225
3136.0,1.0,1272.0,3025.991455,242.0900116,24.0,11.58240032,0.0,1000.0,33.14400101,33.14400101,353.6482544,1.065903306,7.0,9.280763626
3137.0,1.0,1282.0,13162.09668,218.0171509,35.0,5.486400127,23.46960068,1000.0,35.30479813,11.83519936,292.848114,0.175235689,3.0,2.103813171
3138.0,1.0,1227.0,14968.76855,59.87752914,32.0,0.609600008,20.42160034,1000.0,38.4007988,18.97919846,239.0443878,2.704208612,3.0,-7.281147003
3139.0,1.0,1361.0,134.3184662,134.3184814,8.0,-0.304800004,0.0,1000.0,5.866399765,3.866400003,235.4260101,0.617328882,4.0,-3.696566582
3140.0,1.0,1239.0,11302.76367,179.6345673,21.0,2.133599997,36.27120209,8000.0,54.83280182,16.56159973,209.8141022,0.32997188,7.0,-3.426486969
3141.0,1.0,1346.0,3307.939941,940.2420654,10.0,1.828799963,0.0,1000.0,9.695199966,10.69519997,238.0496674,0.15730007,4.0,-5.956939697
3142.0,1.0,1374.0,2608.389648,474.6473999,9.0,0.0,0.0,1000.0,7.171199799,5.866399765,261.2355652,0.091916181,4.0,-5.056981087
3143.0,1.0,1251.0,1088.751587,485.3955688,37.0,4.572000027,31.39439964,4000.0,51.32559967,17.93120003,289.1916199,0.849008918,7.0,-3.164016724
3144.0,1.0,1231.0,9316.783203,393.8143921,33.0,8.229599953,28.34640121,1000.0,43.36320114,15.01679993,226.5545044,0.10180819,3.0,0.628242493
3145.0,1.0,1236.0,9683.749023,445.8583679,35.0,4.87680006,23.16480064,1000.0,47.80160141,24.63679886,285.6181946,0.221641302,3.0,3.326799393
3146.0,1.0,1237.0,9184.487305,269.4537659,32.0,3.657599926,23.16480064,1000.0,45.10639954,21.9416008,276.1395569,2.131358862,3.0,3.033241272
3147.0,1.0,1390.0,6795.699219,180.3464813,10.0,0.914399981,0.0,6000.0,8.171199799,9.171199799,267.3779297,0.198090538,13.0,-0.675227165
3148.0,1.0,1234.0,8091.613281,59.87878418,33.0,9.753600121,24.38400078,1000.0,47.63040161,22.63679886,276.1395569,0.767866254,3.0,4.024133682
3149.0,1.0,1338.0,1176.805176,242.3542786,4.0,-1.524000049,0.0,1000.0,4.304800034,4.304800034,281.0969238,0.138772681,4.0,-3.719965219
3150.0,1.0,1286.0,6668.333984,108.250061,23.0,4.267199993,6.096000195,1000.0,24.8288002,20.73279953,233.0953217,0.372173548,7.0,1.850790024
3151.0,1.0,1295.0,14376.19434,457.4844971,29.0,2.133599997,0.0,2000.0,11.62639999,10.62639999,246.6156616,0.181906879,4.0,1.290977478
3152.0,1.0,1331.0,6252.042969,872.8703613,16.0,7.010400295,0.0,1000.0,11.4279995,12.4279995,271.5907288,0.185947463,7.0,-2.176665306
3153.0,1.0,1330.0,5479.208984,582.9533081,18.0,4.572000027,0.0,1000.0,13.73279953,12.73279953,239.0890808,0.220633104,7.0,-2.224052429
3154.0,1.0,1358.0,4136.21582,30.05967522,7.0,-2.43840003,0.0,5000.0,7.609600067,7.609600067,222.7890167,0.24061802,4.0,0.052951694
3155.0,1.0,1337.0,2137.4375,218.7962494,7.0,1.219200015,0.0,1000.0,7.304800034,7.304800034,277.1060181,0.79433316,4.0,-2.277017117
3156.0,1.0,1275.0,3579.672119,212.1436005,23.0,8.534399986,6.400800228,1000.0,28.4864006,22.78079987,282.6413879,0.598094225,7.0,4.607721329
3157.0,1.0,1289.0,4078.439209,66.99982452,22.0,4.87680006,0.0,1000.0,27.4864006,27.4864006,234.067337,0.57074219,7.0,1.797383308
3158.0,1.0,1233.0,5297.582031,90.18170166,21.0,1.524000049,28.65120125,8000.0,45.38400269,18.03759956,234.1413422,0.345098376,7.0,1.591004372
3159.0,1.0,1232.0,32372.9668,29.93673515,48.0,2.43840003,13.10640049,1000.0,48.30479813,33.19839859,459.5216675,2.824522495,3.0,0.048141479
3160.0,1.0,1259.0,13217.70996,272.2044373,34.0,1.524000049,23.77440071,1000.0,40.09600067,16.01679993,236.1231689,0.91947186,3.0,-1.310977936
3161.0,1.0,1287.0,13467.9873,42.42921829,38.0,7.315199852,25.60320091,1000.0,39.8288002,14.22559929,301.4480286,0.494387299,3.0,4.016389847
3162.0,1.0,1328.0,3733.675293,108.0842056,9.0,0.914399981,0.0,1000.0,9.304800034,9.304800034,235.1806335,0.261655211,7.0,-0.881548882
3163.0,1.0,1374.0,694.5294189,509.008667,9.0,-0.304800004,0.0,8000.0,7.780799866,4.780799866,253.871933,0.272900283,4.0,-2.005970478
3164.0,1.0,1281.0,17980.59961,332.0507202,45.0,8.83920002,31.08959961,1000.0,45.60960007,14.52000046,318.5222778,0.412573576,3.0,2.62430191
3165.0,1.0,1267.0,8569.923828,619.3546143,47.0,-0.914399981,22.55520058,1000.0,40.90399933,18.34879875,256.0354004,0.652435064,3.0,-10.8425312
3166.0,1.0,1277.0,13310.15332,95.03372192,35.0,2.133599997,19.20240021,2000.0,31.64719963,12.44479942,278.6676025,0.499777138,3.0,-0.826591492
3167.0,1.0,1245.0,6403.187988,119.761116,21.0,-0.609600008,28.34640121,8000.0,44.16480255,12.5135994,287.4823303,0.976182461,7.0,2.000729561
3168.0,1.0,1263.0,9819.542969,376.353363,46.0,3.352800131,14.6303997,6000.0,24.35919952,9.728797913,255.6740417,0.382642686,3.0,-2.563438416
3169.0,1.0,1255.0,6822.907227,588.3599854,36.0,8.534399986,15.84959984,1000.0,52.459198,36.60960007,354.2810364,0.378447145,3.0,0.833395004
3170.0,1.0,1290.0,18308.86914,241.6210327,48.0,5.486400127,33.83280182,6000.0,51.96239853,18.12960052,218.9441833,0.350044101,3.0,0.372741699
3171.0,1.0,1274.0,14914.55176,967.4089966,68.0,12.49680042,37.18560028,1000.0,64.64720154,26.46160126,410.1186829,1.523776531,3.0,14.56406403
3172.0,1.0,1232.0,5990.595215,201.0159454,39.0,10.05840015,28.04160118,1000.0,49.66799927,21.62639999,223.2711029,0.267059743,3.0,3.439002991
3173.0,1.0,1338.0,686.3851318,270.5638428,8.0,0.0,0.0,8000.0,8.304800034,9.304800034,249.4903259,0.292230785,4.0,-1.863218069
3174.0,1.0,1274.0,42.42331696,300.8638611,40.0,-5.791200161,45.11040115,6000.0,57.67839813,12.56799889,288.9666443,0.146312818,7.0,-11.98930931
3175.0,1.0,1309.0,3698.503662,403.5040283,24.0,2.133599997,0.0,1000.0,15.46560001,16.46559906,320.0545044,0.290174097,4.0,0.589408875
3176.0,1.0,1348.0,1315.888428,598.7474365,12.0,0.304800004,0.0,1000.0,12.0,10.0,311.6600037,0.277900428,4.0,-3.721090317
3177.0,1.0,1332.0,4547.397949,95.0255127,18.0,0.914399981,0.0,1000.0,18.9144001,23.9144001,295.8223877,0.288723737,7.0,0.83091259
3178.0,1.0,1329.0,6989.492188,515.8198242,23.0,9.144000053,14.32560062,1000.0,16.29439926,2.968799591,316.8772278,0.054075912,3.0,-0.786962509
3179.0,1.0,1302.0,12287.94531,42.42404175,39.0,8.229599953,0.0,8000.0,24.97919846,24.97919846,277.4315186,0.501461625,7.0,5.153139114
3180.0,1.0,1355.0,2624.72998,360.5421143,6.0,-0.304800004,0.0,1000.0,3.256799936,5.256799698,222.869339,0.27709952,4.0,-5.653256416
3181.0,1.0,1273.0,7519.731445,324.2341003,36.0,2.743200064,17.37360001,1000.0,46.0583992,28.68479919,236.5254669,0.382509172,3.0,2.243244171
3182.0,1.0,1360.0,3975.000732,324.2427979,4.0,-0.304800004,0.0,1000.0,0.951999903,0.951999903,223.5484924,0.231211916,4.0,-10.10535908
3183.0,1.0,1285.0,16184.9541,67.16422272,45.0,4.572000027,30.47999954,8000.0,47.13359833,16.65359879,275.1162415,0.287835121,3.0,-1.436870575
3184.0,1.0,1278.0,7316.40625,257.8805847,9.0,3.96239996,5.791200161,1000.0,12.35280037,6.561599731,252.5842743,0.328971356,7.0,1.087129593
3185.0,1.0,1337.0,2137.4375,218.7962494,7.0,1.219200015,0.0,1000.0,7.304800034,7.304800034,277.1060181,0.79433316,4.0,-2.277017117
3186.0,1.0,1287.0,4223.611816,94.7047348,19.0,5.181600094,0.0,1000.0,26.92480087,26.92480087,233.872879,0.555364251,7.0,0.817594528
3187.0,1.0,1285.0,16954.27539,322.6733093,25.0,1.828799963,0.0,1000.0,18.5991993,20.98959923,231.6787262,2.568549633,3.0,-0.236078262
3188.0,1.0,1336.0,2249.08374,332.0393982,9.0,2.133599997,0.0,1000.0,9.914400101,11.9144001,237.107132,0.450494021,4.0,0.064769745
3189.0,1.0,1278.0,11992.08887,123.9220047,31.0,7.924799919,42.67200089,2000.0,46.5447998,4.177598953,329.307312,0.513889134,3.0,3.698282242
3190.0,1.0,1328.0,3350.36499,84.84925842,8.0,0.914399981,0.0,1000.0,8.0,10.0,235.1806335,0.426183581,7.0,-1.08241415
3191.0,1.0,1325.0,1349.267456,212.1229248,12.0,0.304800004,0.0,1000.0,11.69519997,11.69519997,237.1900177,0.176511526,7.0,-0.765826702
3192.0,1.0,1332.0,1530.179321,305.3562622,10.0,2.133599997,0.0,1000.0,8.780799866,6.780799866,230.0164642,0.518097639,4.0,-0.831118107
3193.0,1.0,1239.0,5898.026855,479.0194397,42.0,0.304800004,37.79520035,1000.0,41.39039993,2.595199585,504.8745117,4.369466782,3.0,6.511745453
3194.0,1.0,1327.0,7182.850586,149.6858521,15.0,1.524000049,0.0,1000.0,17.13360023,16.13360023,238.8099213,0.316386372,7.0,0.943711281
3195.0,1.0,1348.0,3730.567871,532.4823608,7.0,0.0,0.0,1000.0,7.304800034,5.304800034,229.4645538,0.070676811,4.0,-4.721977234
3196.0,1.0,1286.0,14015.15625,242.3631592,47.0,7.924799919,38.70960236,1000.0,57.97280121,19.26319885,322.8530884,0.814444602,3.0,4.666425705
3197.0,1.0,1280.0,10135.06934,152.6745453,26.0,4.572000027,42.97679901,1000.0,45.50720215,6.530399323,259.3477478,0.414889693,3.0,-0.444858551
3198.0,1.0,1284.0,14068.5791,30.06387901,36.0,8.229599953,36.88080215,1000.0,46.0583992,9.177598953,323.7350159,0.313254356,3.0,3.789888382
3199.0,1.0,1282.0,12783.85742,0.0,34.0,2.43840003,21.33600044,5000.0,33.39039993,11.05439949,301.236969,0.512874484,7.0,-1.021413803
3200.0,1.0,1282.0,13136.34668,119.7453156,34.0,4.572000027,22.86000061,1000.0,33.08560181,11.44479942,292.848114,0.208878458,3.0,1.260332108
3201.0,1.0,1280.0,10706.89551,60.12780762,28.0,3.96239996,41.14799881,1000.0,47.20240021,6.05439949,263.6363525,0.272870988,7.0,-1.156211853
3202.0,1.0,1243.0,16529.05664,391.4770203,54.0,3.96239996,20.42160034,1000.0,57.35279846,38.93119812,224.310257,0.185989186,3.0,11.72028732
3203.0,1.0,1273.0,95.03457642,689.1853027,30.0,-6.096000195,47.24399948,6000.0,49.81200027,2.567998886,229.9285126,0.069744661,7.0,-13.03226089
3204.0,1.0,1333.0,3370.229004,831.1971436,29.0,4.267199993,0.0,1000.0,50.64080048,50.64080048,238.6496429,0.694425583,3.0,8.466600418
3205.0,1.0,1353.0,10597.02051,1205.673218,30.0,2.743200064,8.83920002,1000.0,23.5991993,16.76000023,257.0592041,0.817185283,3.0,-0.962259293
3206.0,1.0,1290.0,12856.82422,42.42915726,24.0,7.010400295,0.0,1000.0,15.16079998,11.16079998,224.9044495,0.799636364,3.0,-1.021017075
3207.0,1.0,1346.0,7079.263672,1869.0354,29.0,1.524000049,0.0,1000.0,26.2567997,27.2567997,283.891449,1.132198691,7.0,8.346429825
3208.0,1.0,1242.0,2527.630127,211.7293396,37.0,7.924799919,28.95600128,1000.0,54.37360001,25.41759872,238.9450226,0.260986596,3.0,12.38975906
3209.0,1.0,1314.0,12452.47461,745.4788818,18.0,0.914399981,0.0,4000.0,9.16079998,13.16079998,259.972168,0.359664828,7.0,-5.486800194
3210.0,1.0,1237.0,5183.362305,30.06049347,28.0,3.96239996,27.12720108,1000.0,45.98320007,17.85599899,288.2408447,0.890869677,3.0,2.307807922
3211.0,1.0,1288.0,3393.657959,134.3408051,20.0,6.096000195,0.0,1000.0,26.4008007,26.4008007,236.0650787,0.324233502,7.0,1.758286476
3212.0,1.0,1236.0,6668.219727,284.1592407,32.0,6.705600262,27.43200111,1000.0,42.97280121,16.54080009,279.2106628,0.509538233,3.0,2.565235138
3213.0,1.0,1325.0,7017.314941,457.4792175,10.0,2.743200064,0.0,1000.0,17.61999893,16.61999893,239.9544678,0.486904949,4.0,2.385539055
3214.0,1.0,1287.0,12504.45996,0.0,45.0,16.15439987,35.66160202,2000.0,56.27759933,18.61599922,293.8315735,0.69183892,3.0,4.81227684
3215.0,1.0,1220.0,30525.65039,2016.195801,28.0,8.83920002,51.81600189,2000.0,107.2480011,52.43199921,227.4697418,0.098986514,7.0,1.679677963
3216.0,1.0,1336.0,8321.662109,503.6982727,27.0,5.486400127,0.0,1000.0,42.23999786,42.23999786,422.0020142,1.21325326,3.0,4.972189903
3217.0,1.0,1227.0,16404.73438,174.7466431,38.0,6.096000195,23.46960068,1000.0,47.75360107,24.2840004,333.625946,1.191365123,7.0,0.754047394
3218.0,1.0,1294.0,20265.33984,1932.96875,43.0,10.97280025,54.86400223,1000.0,69.21279907,14.34879875,317.8007202,1.020223856,3.0,58.76434708
3219.0,1.0,1367.0,539.7796631,272.1791992,11.0,-1.524000049,0.0,1000.0,11.0,10.0,307.2492371,0.296568722,4.0,-2.01528883
3220.0,1.0,1335.0,4698.125,488.4766235,20.0,5.791200161,0.0,1000.0,12.68480015,9.684800148,325.324585,0.615501463,7.0,-4.713510513
3221.0,1.0,1233.0,10337.0332,241.6015015,40.0,6.096000195,21.94560051,1000.0,46.70560074,23.76000023,343.6179504,1.152835369,3.0,4.309356689
3222.0,1.0,1328.0,8385.160156,119.7475128,4.0,0.0,0.0,1000.0,10.70560074,10.70560074,233.8869324,0.334285736,7.0,-0.752510786
3223.0,1.0,1279.0,4213.280762,210.4476013,37.0,-5.181600094,31.39439964,8000.0,42.4864006,11.09199905,262.3181763,0.198258638,3.0,-3.702880859
3224.0,1.0,1259.0,11029.58105,218.0363922,20.0,-0.914399981,43.28160095,1000.0,66.63439941,22.35280037,233.9546356,0.198034704,7.0,-1.478013992
3225.0,1.0,1282.0,17829.89063,169.7170715,27.0,1.219200015,6.400800228,1000.0,25.47599983,17.38000107,330.4277039,0.722679973,3.0,-5.320026398
3226.0,1.0,1283.0,3911.379883,881.0916138,24.0,8.534399986,13.10640049,1000.0,34.0583992,20.95199966,290.8229675,0.656679153,7.0,6.077074051
3227.0,1.0,1285.0,17035.76758,241.6209717,46.0,10.66800022,28.65120125,1000.0,44.78079987,16.12960052,303.6693726,0.545277417,3.0,8.69480896
3228.0,1.0,1321.0,1076.578613,59.87323761,6.0,-0.914399981,0.0,1000.0,9.657600403,10.6576004,281.2224121,0.991246045,7.0,-3.195154667
3229.0,1.0,1287.0,14883.04883,270.5745239,37.0,7.010400295,41.45280075,1000.0,46.75360107,6.910400391,233.4650726,0.666309953,3.0,3.533254623
3230.0,1.0,1321.0,17147.23242,593.9411621,25.0,3.96239996,0.0,1000.0,16.46559906,14.46560001,233.6003723,0.419463098,7.0,3.07460022
3231.0,1.0,1348.0,4042.41748,370.4189148,9.0,0.0,0.0,1000.0,9.0,9.0,229.4645538,0.068406038,4.0,-5.702814102
3232.0,1.0,1243.0,2344.735352,271.1245117,39.0,15.23999977,33.83280182,1000.0,48.75360107,14.92079926,338.811615,0.576422095,3.0,10.37610245
3233.0,1.0,1246.0,20108.07227,149.6816864,43.0,0.914399981,24.99360085,1000.0,51.53440094,26.54080009,234.8016663,0.322878987,3.0,-2.624488831
3234.0,1.0,1337.0,4239.163086,108.0766983,12.0,2.43840003,0.0,1000.0,5.599199772,9.599199295,364.0102234,0.518131733,7.0,-7.823021889
3235.0,1.0,1283.0,11124.2793,296.9675598,33.0,8.83920002,42.97679901,1000.0,48.5447998,5.567998886,327.1552429,0.601390004,3.0,5.048236847
3236.0,1.0,1280.0,10336.08301,127.2717743,29.0,4.572000027,42.36719894,1000.0,48.50720215,5.530399323,263.6363525,0.305283606,7.0,-0.956912994
3237.0,1.0,1333.0,4521.626465,808.3487549,51.0,14.6303997,0.0,4000.0,33.62639999,30.62639999,495.2137146,1.528489232,4.0,7.405820847
3238.0,1.0,1333.0,9031.053711,324.7469482,19.0,2.743200064,0.0,1000.0,15.95199966,15.95199966,228.1660767,0.144055724,7.0,-0.876979828
3239.0,1.0,1283.0,2117.281006,350.1908264,19.0,4.572000027,0.0,8000.0,26.92480087,26.92480087,228.1187439,0.074353322,7.0,-0.555649757
3240.0,1.0,1334.0,4034.480225,818.2178955,19.0,3.352800131,0.0,1000.0,17.47599983,16.47599983,218.5808563,1.646657825,7.0,4.651806831
3241.0,1.0,1292.0,7536.863281,60.12728119,30.0,4.267199993,0.0,6000.0,28.47599983,28.47599983,228.0456543,0.045049585,7.0,1.722551346
3242.0,1.0,1284.0,13068.62598,192.1958923,43.0,3.657599926,29.87039948,1000.0,43.30479813,13.43440056,263.515686,0.39929688,3.0,0.339424133
3243.0,1.0,1334.0,5239.10791,428.7347107,17.0,3.048000097,0.0,1000.0,14.86639977,13.86639977,230.6279755,0.578210652,7.0,1.104241371
3244.0,1.0,1244.0,20392.83203,182.8558502,46.0,3.96239996,31.08959961,1000.0,60.93519974,29.84560013,268.5775452,1.80101192,3.0,-0.75894165
3245.0,1.0,1321.0,1076.578613,59.87323761,6.0,-0.914399981,0.0,1000.0,9.657600403,10.6576004,281.2224121,0.991246045,7.0,-3.195154667
3246.0,1.0,1325.0,5620.575684,349.4981995,15.0,7.010400295,0.0,1000.0,22.92480087,23.92480087,286.0146484,0.821939707,7.0,7.348267555
3247.0,1.0,1286.0,18933.57227,330.6662598,40.0,6.400800228,32.91839981,1000.0,42.43840027,9.824800491,233.9138031,0.297160059,3.0,0.200897217
3248.0,1.0,1302.0,9594.580078,67.16462708,21.0,4.87680006,0.0,8000.0,14.90399933,15.90399933,231.5664063,0.258234501,7.0,1.4167099
3249.0,1.0,1239.0,1824.18811,296.9607544,24.0,1.524000049,29.56559944,1000.0,35.27759933,5.711999893,421.7097473,0.960776985,7.0,-5.382669449
3250.0,1.0,1251.0,12595.7666,216.1781616,49.0,0.914399981,25.90800095,1000.0,46.86640167,19.95839882,344.4225769,3.30192852,3.0,9.052600861
3251.0,1.0,1245.0,7086.655273,309.2174377,20.0,-0.304800004,28.34640121,8000.0,44.38400269,16.73279953,233.1846008,1.052701235,7.0,7.700078964
3252.0,1.0,1238.0,6619.985352,200.989212,43.0,12.80160046,30.47999954,1000.0,52.14400101,22.66399956,237.2178345,0.881238401,3.0,9.972080231
3253.0,1.0,1288.0,3118.179932,769.8599854,26.0,0.609600008,0.0,1000.0,19.29439926,21.29439926,243.4692993,0.581096768,7.0,-5.465919495
3254.0,1.0,1285.0,14179.7041,149.7108002,27.0,1.828799963,0.0,1000.0,16.02719879,16.02719879,236.4010925,0.198188975,3.0,-0.302492142
3255.0,1.0,1287.0,15884.74316,498.8323059,39.0,4.87680006,32.00400162,1000.0,42.6576004,4.653598785,230.5627747,0.681872725,3.0,0.399532318
3256.0,1.0,1284.0,13894.30762,242.3709412,38.0,6.400800228,21.94560051,1000.0,35.56159973,13.61599922,270.6660767,0.236153021,3.0,1.56334877
3257.0,1.0,1282.0,13162.09668,241.3664398,34.0,5.486400127,23.46960068,1000.0,34.30479813,10.83519936,292.848114,0.175235689,3.0,2.103813171
3258.0,1.0,1329.0,5549.523438,1199.034668,28.0,12.49680042,0.0,1000.0,22.20879936,22.20879936,221.977066,0.170306325,3.0,-0.205335617
3259.0,1.0,1328.0,7467.521973,677.9963379,24.0,2.43840003,0.0,2000.0,43.20240021,46.20240021,284.6433411,0.591046512,7.0,0.543381691
3260.0,1.0,1337.0,9099.917969,509.9116211,22.0,7.315199852,0.0,1000.0,33.58240128,33.58240128,272.3190002,0.393197298,3.0,2.21707058
3261.0,1.0,1280.0,10111.24316,182.1205139,28.0,3.352800131,36.57600021,1000.0,41.10639954,0.530399323,350.4807739,0.470760167,7.0,0.764015198
3262.0,1.0,1272.0,35051.55469,42.42266464,4.0,0.609600008,0.0,1000.0,29.29840088,29.29840088,275.7081299,0.212350354,2.0,-3.390446663
3263.0,1.0,1245.0,3461.041504,299.4004211,39.0,3.96239996,28.65120125,1000.0,57.89759827,29.24639893,333.6235657,1.844366789,3.0,10.06711483
3264.0,1.0,1282.0,16421.61133,1275.122314,25.0,3.048000097,14.32560062,8000.0,28.6576004,16.33200073,290.6513367,0.777724802,3.0,1.287940979
3265.0,1.0,1278.0,3587.597656,536.0585938,37.0,8.229599953,21.33600044,1000.0,43.09600067,21.76000023,316.3071899,0.880114734,3.0,9.739019394
3266.0,1.0,1285.0,9222.645508,309.2322083,22.0,3.048000097,0.0,2000.0,30.53440094,32.53440094,281.7427979,0.09007775,7.0,-4.293943405
3267.0,1.0,1328.0,5948.020996,42.42457581,15.0,0.609600008,0.0,1000.0,16.8288002,15.8288002,245.8402863,0.717003584,7.0,1.052869797
3268.0,1.0,1301.0,3182.515381,192.0219269,21.0,0.609600008,0.0,1000.0,11.85599995,11.85599995,342.9613953,0.106177844,4.0,0.235866547
3269.0,1.0,1287.0,2572.943359,276.4820251,17.0,5.791200161,16.45919991,8000.0,29.49679947,13.03759956,243.2118073,0.745249927,4.0,0.810406685
3270.0,1.0,1363.0,423.4751587,192.1850281,6.0,-0.304800004,0.0,8000.0,5.390399933,6.390399933,259.7440491,0.055134803,4.0,-4.510013103
3271.0,1.0,1228.0,15972.44141,216.5214539,44.0,7.315199852,22.25040054,1000.0,52.53440094,29.2840004,345.8016052,1.233603477,7.0,3.300788879
3272.0,1.0,1290.0,3649.413574,189.4196472,23.0,10.66800022,11.27760029,1000.0,28.79120064,20.5135994,311.2256165,0.872189939,7.0,3.769758224
3273.0,1.0,1328.0,6394.770508,1946.223999,22.0,9.753600121,0.0,8000.0,16.81839943,16.81839943,234.9174652,0.286600947,3.0,-1.182504654
3274.0,1.0,1230.0,12327.71484,123.4666519,29.0,0.914399981,25.90800095,6000.0,37.53440094,11.62639999,284.6012878,0.468281388,3.0,-7.18416214
3275.0,1.0,1281.0,12104.95313,211.7036743,30.0,6.096000195,40.84320068,2000.0,46.76399994,4.920799255,339.6516113,0.404950827,7.0,1.893140793
3276.0,1.0,1283.0,3483.016602,175.1120911,20.0,2.743200064,12.80160046,1000.0,29.44879913,16.64719963,260.5074768,0.459837377,7.0,-2.517044067
3277.0,1.0,1295.0,7601.65918,239.492981,25.0,4.572000027,0.0,1000.0,23.1711998,21.1711998,223.6738892,0.060383547,7.0,1.060051918
3278.0,1.0,1237.0,5287.992188,60.12096405,23.0,2.743200064,27.12720108,1000.0,40.98320007,13.85599995,288.2408447,0.828249693,3.0,0.900278091
3280.0,1.0,1376.0,2418.953369,94.71874237,10.0,-2.743200064,0.0,1000.0,9.695199966,11.69519997,235.4675598,0.382913649,4.0,-1.501289368
3281.0,1.0,1375.0,8819.491211,1557.699097,16.0,2.743200064,0.0,1000.0,9.903999329,9.903999329,264.9980469,0.349897355,7.0,-9.045370102
3282.0,1.0,1398.0,7321.433105,979.2085571,21.0,3.048000097,0.0,1000.0,20.39039993,19.39039993,259.3740845,0.185686827,13.0,1.384955406
3283.0,1.0,1234.0,6936.566406,744.8660278,30.0,8.229599953,25.29840088,1000.0,45.23999786,19.9416008,235.901123,0.113006219,3.0,7.105695724
3284.0,1.0,1314.0,2367.115723,497.2725525,68.0,9.753600121,5.486400127,2000.0,48.18799973,41.70159912,471.9071045,1.753195882,3.0,22.51498413
3285.0,1.0,1269.0,8677.358398,724.022583,51.0,-1.219200015,21.94560051,1000.0,43.68479919,21.73920059,308.2826538,0.635567307,3.0,-8.180503845
3286.0,1.0,1244.0,15756.36914,59.8727417,43.0,4.87680006,21.94560051,6000.0,49.09600067,30.15040016,330.813324,1.613954186,3.0,1.785484314
3287.0,1.0,1317.0,8387.720703,300.6352844,16.0,2.133599997,0.0,1000.0,15.0855999,13.0855999,230.1644745,0.430955559,7.0,0.281208992
3288.0,1.0,1282.0,3548.651611,42.4287262,23.0,6.400800228,7.924799919,1000.0,27.5720005,18.03759956,253.9656525,0.331396312,7.0,2.288656235
3289.0,1.0,1314.0,9696.075195,192.1923828,19.0,4.267199993,0.0,1000.0,16.86639977,16.86639977,228.1220093,0.252466351,7.0,2.002278328
3290.0,1.0,1262.0,12151.56934,590.1252441,47.0,13.71600056,60.95999908,2000.0,80.52799988,23.56799889,238.7511749,0.359767139,3.0,1.058101654
3291.0,1.0,1244.0,7822.134277,433.0360718,42.0,3.048000097,24.07920074,1000.0,42.91439819,19.83519936,494.505127,2.232295513,3.0,3.155441284
3292.0,1.0,1279.0,10584.54102,133.986908,29.0,5.486400127,40.84320068,1000.0,46.67839813,5.835199356,256.5212708,0.518633187,7.0,-0.271194458
3293.0,1.0,1301.0,9027.780273,42.42872238,21.0,4.267199993,0.0,4000.0,15.5135994,15.5135994,229.5860443,0.247368261,7.0,1.063957214
3294.0,1.0,1305.0,9213.787109,89.81005096,24.0,4.87680006,0.0,1000.0,18.20879936,18.20879936,230.2099152,0.627121925,7.0,3.286371231
3295.0,1.0,1286.0,14191.70117,241.3672028,35.0,7.315199852,39.62400055,2000.0,45.66799927,6.043998718,300.0771484,0.860594213,3.0,2.276416779
3296.0,1.0,1279.0,10584.54102,108.0723801,27.0,4.87680006,40.84320068,1000.0,44.67839813,4.835199356,256.5212708,0.518633187,7.0,-0.410697937
3297.0,1.0,1316.0,13270.04492,604.4356079,31.0,6.096000195,0.0,2000.0,33.13359833,33.13359833,286.515625,1.09214437,7.0,9.114560127
3298.0,1.0,1329.0,2569.832275,384.3491516,7.0,2.743200064,0.0,1000.0,11.26720047,11.26720047,266.5334473,0.84094578,7.0,1.375394821
3299.0,1.0,1261.0,12028.37891,42.42346191,43.0,4.87680006,12.49680042,1000.0,21.35919952,8.862400055,225.969101,0.045827411,3.0,0.100959778
3300.0,1.0,1309.0,1600.072754,1532.962891,16.0,5.181600094,0.0,1000.0,22.4008007,25.4008007,293.2445374,0.847777367,3.0,4.994463921
3301.0,1.0,1222.0,10968.72461,0.0,26.0,4.87680006,30.17519951,1000.0,53.12720108,22.95199966,208.0122375,0.313252181,7.0,1.532201767
3302.0,1.0,1269.0,8511.350586,334.7368774,10.0,0.914399981,5.486400127,1000.0,15.79120064,11.30480003,230.7153015,0.094537564,6.0,-3.12481451
3303.0,1.0,1325.0,4753.790039,134.3390045,11.0,1.828799963,0.0,1000.0,18.92480087,19.92480087,256.7103271,0.284286231,7.0,-0.269775391
3304.0,1.0,1292.0,5051.512695,871.7506104,24.0,2.743200064,0.0,1000.0,30.70560074,30.70560074,231.599411,0.393393844,7.0,1.749879837
3305.0,1.0,1235.0,7334.019531,108.0916138,26.0,0.914399981,26.21280098,1000.0,43.67839813,16.16080093,310.0441895,0.456088424,3.0,-0.802968979
3306.0,1.0,1256.0,10975.31445,218.0013428,46.0,4.267199993,25.90800095,1000.0,46.0,21.09199905,241.4269714,0.252163917,3.0,3.654277802
3307.0,1.0,1247.0,6351.459473,175.0793304,22.0,2.133599997,27.12720108,1000.0,49.43199921,23.30480003,247.6493683,0.389562309,3.0,8.74372673
3308.0,1.0,1287.0,10125.62891,182.1408081,23.0,0.0,10.66800022,1000.0,23.0,11.72239971,238.164917,0.161135226,3.0,1.959869385
3309.0,1.0,1230.0,19793.625,514.5546875,36.0,11.27760029,34.13759995,1000.0,63.12720108,28.68479919,263.4761047,0.508849442,3.0,5.367038727
3310.0,1.0,1231.0,11765.45801,67.16895294,34.0,3.96239996,27.73680115,1000.0,47.7159996,19.67440033,281.9633484,0.509431183,3.0,0.339351654
3311.0,1.0,1277.0,15950.03711,90.19171143,57.0,18.89760017,41.75759888,1000.0,57.0,15.24240112,242.0141144,1.844306946,3.0,5.893745422
3312.0,1.0,1383.0,8833.71582,1600.824097,7.0,3.657599926,0.0,1000.0,3.647199869,3.647199869,234.0281677,0.128911674,7.0,-1.49354744
3313.0,1.0,1276.0,3861.172119,783.9439697,40.0,-0.914399981,37.79520035,1000.0,52.80160141,13.00639915,314.7203979,0.93259269,3.0,-6.738075256
3314.0,1.0,1273.0,4367.259766,174.7423553,34.0,-5.181600094,30.47999954,1000.0,39.18159866,8.091999054,262.3181763,0.204293042,3.0,-2.820266724
3315.0,1.0,1294.0,1739.080933,446.651886,23.0,0.914399981,0.0,1000.0,14.46560001,13.46560001,244.1228485,0.197978333,4.0,0.616896629
3316.0,1.0,1283.0,9573.893555,67.16447449,29.0,2.43840003,0.0,2000.0,39.66799927,39.66799927,285.3935547,0.261811584,7.0,-3.089990616
3317.0,1.0,1264.0,7763.424316,395.3771973,49.0,5.791200161,13.71600056,1000.0,27.35919952,13.64319992,297.3062439,0.957144976,3.0,2.430149078
3318.0,1.0,1365.0,858.5536499,418.4489746,14.0,-0.304800004,0.0,4000.0,13.69519997,10.69519997,252.0760498,0.255582839,4.0,-1.302459717
3319.0,1.0,1312.0,8920.299805,631.2731323,35.0,2.43840003,0.0,1000.0,21.2840004,22.2840004,234.6110687,0.453604668,4.0,1.772972107
3320.0,1.0,1330.0,3840.791016,108.0754471,7.0,2.43840003,0.0,1000.0,7.0,8.0,235.4432983,0.209296212,7.0,-0.56801033
3321.0,1.0,1320.0,60.1244278,0.0,37.0,10.05840015,2.743200064,6000.0,18.10239983,15.35919952,354.7926025,0.423778206,3.0,-7.982896805
3322.0,1.0,1291.0,12856.13379,150.318634,35.0,4.87680006,0.0,2000.0,34.39039993,34.39039993,235.7622528,0.160069138,7.0,1.155540466
3323.0,1.0,1384.0,6486.743164,661.2734375,8.0,-0.304800004,0.0,2000.0,5.866399765,5.866399765,234.0495911,0.06892886,13.0,-1.323672295
3324.0,1.0,1369.0,11729.90527,3654.998291,41.0,2.743200064,3.048000097,4000.0,37.3423996,34.29439926,327.5623474,0.06930501,3.0,14.57303238
3325.0,1.0,1230.0,12131.52246,150.0979309,40.0,1.219200015,25.29840088,1000.0,48.229599,22.93120003,299.9094849,2.135412931,3.0,-1.856298447
3326.0,1.0,1295.0,7602.272949,149.9189911,25.0,4.267199993,0.0,1000.0,22.2567997,20.2567997,223.6738892,0.472728759,7.0,0.415160179
3327.0,1.0,1295.0,7541.508301,209.5563507,25.0,4.572000027,0.0,1000.0,23.1711998,22.1711998,223.6738892,0.095328808,7.0,0.888783455
3328.0,1.0,1300.0,7694.528809,179.6197357,17.0,4.572000027,0.0,1000.0,14.86639977,14.86639977,223.6738892,0.170371652,7.0,0.570934296
3329.0,1.0,1314.0,12452.47461,745.4788818,18.0,0.914399981,0.0,4000.0,9.16079998,13.16079998,259.972168,0.359664828,7.0,-5.486800194
3330.0,1.0,1371.0,8620.168945,29.94313812,13.0,-6.096000195,0.0,1000.0,14.21920013,15.21920013,336.3282471,0.942714095,9.0,-12.47638702
3331.0,1.0,1330.0,3800.515625,1082.227783,23.0,6.705600262,0.0,1000.0,19.03759956,19.03759956,302.6287537,2.221400976,7.0,-0.413651466
3332.0,1.0,1316.0,1405.233276,1380.448975,29.0,6.400800228,0.0,1000.0,36.31520081,34.31520081,327.3973083,0.599243343,3.0,10.4162693
3333.0,1.0,1338.0,8199.369141,690.1223755,27.0,5.486400127,0.0,1000.0,37.36320114,37.36320114,381.9051514,1.009364724,3.0,-5.339321136
3334.0,1.0,1353.0,12447.7998,1059.591064,30.0,0.914399981,10.05840015,1000.0,23.5991993,13.54080009,392.6690369,0.476414591,3.0,-0.220525742
3335.0,1.0,1336.0,3984.349365,282.7529907,23.0,4.87680006,0.0,1000.0,17.5135994,16.5135994,307.5061646,0.362705201,7.0,-4.186335564
3336.0,1.0,1332.0,5470.916504,1557.090576,74.0,13.41120052,2.133599997,1000.0,50.53039932,46.78720093,556.7595825,3.259819984,3.0,22.02808762
3337.0,1.0,1361.0,190.0289307,201.490036,3.0,-0.304800004,0.0,1000.0,2.695199966,3.695199966,259.7440491,0.253770053,4.0,-4.589859009
3338.0,1.0,1336.0,1187.99939,891.2563477,21.0,5.791200161,0.0,1000.0,20.0855999,20.0855999,244.076416,1.538825393,7.0,-0.200544357
3339.0,1.0,1330.0,781.1290894,306.5392151,2.0,0.304800004,0.0,8000.0,1.695199966,1.695199966,282.9326477,0.143053532,4.0,-2.446666002
3340.0,1.0,1284.0,5347.112793,401.9992065,21.0,8.229599953,13.10640049,1000.0,30.44879913,18.3423996,318.7206726,0.475774914,7.0,3.412918091
3341.0,1.0,1322.0,12500.79102,1049.222778,31.0,3.96239996,0.0,1000.0,19.41759872,19.41759872,307.253479,2.192812681,7.0,2.268325806
3342.0,1.0,1336.0,7467.429199,1740.310669,27.0,7.619999886,0.0,1000.0,37.97280121,37.97280121,313.8869629,1.50330174,3.0,3.803535461
3343.0,1.0,1271.0,510.6316833,285.1008911,25.0,0.304800004,13.10640049,1000.0,30.4864006,15.98959923,252.6118622,0.378229231,7.0,-3.416976929
3344.0,1.0,1259.0,6899.743652,0.0,27.0,-3.048000097,46.32960129,5000.0,46.50720215,0.177598953,261.2086487,0.052844144,3.0,-8.562446594
3345.0,1.0,1361.0,390.3999329,242.1181183,6.0,-0.304800004,0.0,1000.0,6.0,6.0,276.4451904,0.370892733,4.0,-2.448155642
3346.0,1.0,1330.0,7793.385742,209.5585785,7.0,1.524000049,0.0,1000.0,13.70560074,13.70560074,232.3842773,0.643064141,4.0,0.071614742
3347.0,1.0,1329.0,2435.100342,212.1420898,11.0,1.828799963,0.0,1000.0,10.69519997,8.695199966,216.8863678,0.42648381,7.0,-1.100700855
3348.0,1.0,1355.0,4161.942871,370.4254456,16.0,0.609600008,0.0,1000.0,11.73279953,7.732800007,284.3345947,0.522779703,4.0,-4.697282791
3349.0,1.0,1260.0,8688.492188,200.9770355,57.0,3.657599926,61.26480103,1000.0,80.7743988,20.20479965,260.2534485,2.694061279,3.0,12.06858826
3350.0,1.0,1267.0,17369.26563,94.71181488,38.0,-1.828799963,24.07920074,1000.0,23.67440033,0.0,240.4728851,0.47767815,3.0,-6.464679718
3351.0,1.0,1279.0,14911.84473,423.3904724,45.0,8.83920002,61.56959915,1000.0,69.38400269,7.814399719,267.7790833,0.270201504,3.0,-7.841854095
3352.0,1.0,1286.0,13723.94336,558.3570557,37.0,4.267199993,0.0,1000.0,47.36320114,44.36320114,251.0972443,0.3020055,3.0,0.238121033
3353.0,1.0,1338.0,3623.056885,29.93868065,11.0,1.219200015,0.0,1000.0,9.171199799,9.171199799,267.889679,0.65380913,7.0,-6.376247406
3354.0,1.0,1340.0,6787.706543,271.1186218,16.0,3.96239996,0.0,1000.0,13.2567997,13.2567997,280.9472351,1.032009363,7.0,-3.717559814
3355.0,1.0,1331.0,7298.643066,2340.665771,26.0,8.83920002,0.0,1000.0,20.81839943,19.81839943,286.1505127,0.856105149,7.0,1.640487671
3356.0,1.0,1281.0,14316.88672,306.550415,39.0,5.486400127,17.67840004,1000.0,31.98959923,13.31119919,307.5306396,0.112979285,3.0,3.179790497
3357.0,1.0,1362.0,849.760376,123.9117813,15.0,-0.304800004,0.0,1000.0,12.86639977,10.86639977,225.1168823,0.12304499,4.0,-4.554527283
3358.0,1.0,1335.0,4698.125,488.4766235,20.0,5.791200161,0.0,1000.0,12.68480015,9.684800148,325.324585,0.615501463,7.0,-4.713510513
3359.0,1.0,1363.0,182.8236542,210.4113312,5.0,-0.609600008,0.0,8000.0,4.695199966,4.695199966,259.7440491,0.342991829,4.0,-4.66181469
3360.0,1.0,1362.0,1173.607788,268.0246277,9.0,-0.304800004,0.0,8000.0,7.780799866,6.780799866,228.240387,0.20765467,4.0,-5.765782356
3361.0,1.0,1330.0,4053.744141,149.9062195,10.0,1.524000049,0.0,1000.0,10.0,10.0,235.4432983,0.250149935,7.0,-0.95207262
3362.0,1.0,1330.0,4053.744141,149.9062195,10.0,1.524000049,0.0,1000.0,10.0,10.0,235.4432983,0.250149935,7.0,-0.95207262
3363.0,1.0,1378.0,2547.87793,366.4561462,10.0,-1.219200015,0.0,1000.0,8.171199799,10.1711998,215.4675598,0.129326224,4.0,-4.637499332
3364.0,1.0,1351.0,11004.80859,753.3690796,29.0,3.352800131,10.66800022,1000.0,23.20879936,14.54080009,328.1806946,0.74134928,3.0,3.222827911
3365.0,1.0,1372.0,1442.212158,319.0014954,14.0,-0.609600008,0.0,1000.0,12.47599983,12.47599983,253.871933,0.041227166,4.0,-3.650111675
3366.0,1.0,1339.0,4293.526367,805.9533081,14.0,3.657599926,0.0,1000.0,11.86639977,13.86639977,262.7598267,0.432433456,7.0,1.816026211
3367.0,1.0,1336.0,1802.22168,1023.849854,18.0,6.096000195,0.0,1000.0,15.86639977,18.86639977,295.9945374,1.27904439,7.0,0.61163044
3368.0,1.0,1334.0,4764.791504,300.6204529,14.0,3.352800131,0.0,1000.0,10.64719963,9.647199631,268.7907104,0.751362622,7.0,-1.486903191
3369.0,1.0,1321.0,6653.650391,89.82501221,23.0,-0.609600008,0.0,1000.0,15.98959923,15.98959923,340.1271362,0.418073833,4.0,-0.576401711
3370.0,1.0,1345.0,350.1853027,108.2576065,7.0,1.524000049,0.0,1000.0,6.695199966,6.695199966,277.6820679,0.135116577,4.0,-1.458346844
3371.0,1.0,1334.0,5354.147461,642.3521118,12.0,2.133599997,0.0,1000.0,12.60960007,11.60960007,285.8792725,0.729661465,7.0,0.519818783
3372.0,1.0,1336.0,3810.834473,371.7542725,10.0,0.914399981,0.0,1000.0,10.30480003,10.30480003,230.7401733,0.323850006,7.0,-1.386189938
3373.0,1.0,1276.0,4515.537598,350.5584412,31.0,11.58240032,11.88720036,1000.0,41.36320114,29.1711998,345.3762817,0.80731231,7.0,7.938051224
3374.0,1.0,1230.0,10815.98242,277.1073914,34.0,3.96239996,26.51760101,1000.0,46.80160141,21.2840004,244.6108551,0.275134027,3.0,1.375999451
3375.0,1.0,1346.0,3185.54248,729.4247437,9.0,1.219200015,0.0,4000.0,9.0,11.0,238.0496674,0.333233386,4.0,-7.106624603
3376.0,1.0,1316.0,8995.272461,127.273468,20.0,3.048000097,0.0,1000.0,14.20879936,14.20879936,235.7702332,0.153315827,7.0,0.396683693
3377.0,1.0,1269.0,4310.931152,242.1175385,18.0,1.219200015,15.23999977,1000.0,24.70560074,10.07520008,273.1834717,0.374892771,7.0,-2.711135864
3378.0,1.0,1297.0,10352.16504,30.0635376,23.0,2.743200064,0.0,1000.0,16.5991993,17.5991993,226.0914307,0.236971244,7.0,-0.029459953
3379.0,1.0,1317.0,7686.34668,322.6615601,17.0,2.43840003,0.0,1000.0,13.03759956,11.03759956,219.6476135,0.275449991,7.0,-2.666266441
3380.0,1.0,1359.0,3919.244141,152.6884766,13.0,-2.43840003,0.0,1000.0,13.30480003,12.30480003,222.7890167,0.182173252,4.0,0.222979486
3381.0,1.0,1349.0,2784.344482,732.9256592,12.0,0.0,0.0,1000.0,11.0855999,9.085599899,244.1552124,0.09329994,4.0,-4.579583645
3382.0,1.0,1347.0,2417.782715,60.12089539,13.0,0.0,0.0,1000.0,12.39039993,8.390399933,222.5948029,0.345658898,4.0,-5.30688858
3383.0,1.0,1355.0,1645.886841,306.5071106,7.0,-0.304800004,0.0,1000.0,5.171199799,7.171199799,238.7492371,0.203085199,4.0,-4.461492062
3384.0,1.0,1365.0,608.340271,365.6463928,7.0,-0.914399981,0.0,1000.0,6.085599899,6.085599899,291.8420715,0.258029819,4.0,-4.608334541
3385.0,1.0,1330.0,848.1479492,152.6726685,5.0,0.304800004,0.0,1000.0,5.304800034,5.609600067,238.922226,0.17751798,4.0,-2.711341619
3386.0,1.0,1330.0,1816.44812,370.3876648,8.0,3.048000097,0.0,1000.0,6.780799866,6.780799866,230.0164642,0.520196855,4.0,-0.645954609
3387.0,1.0,1336.0,2206.608154,209.5627899,9.0,0.914399981,0.0,1000.0,9.609600067,9.609600067,265.9275208,0.265354723,4.0,0.032741547
3388.0,1.0,1333.0,2618.746826,268.6555786,11.0,0.304800004,0.0,1000.0,11.60960007,9.609600067,277.9844971,0.899808466,4.0,-0.286963463
3389.0,1.0,1224.0,15932.44922,212.5543213,39.0,7.924799919,25.90800095,1000.0,49.36320114,23.84560013,287.3937988,1.036148429,3.0,2.679138184
3390.0,1.0,1236.0,11919.31348,42.42270279,22.0,2.133599997,33.22320175,5000.0,51.56559753,18.3423996,232.2115936,0.297962517,7.0,-3.133968353
3391.0,1.0,1227.0,13104.64844,120.2454071,33.0,1.828799963,20.72640038,1000.0,39.4007988,18.67440033,330.5966492,2.617174149,3.0,-1.879898071
3392.0,1.0,1325.0,8154.431152,324.7768555,4.0,0.0,0.0,8000.0,11.01040077,11.01040077,232.824173,0.682467461,7.0,-1.447898865
3393.0,1.0,1335.0,8973.401367,436.0195313,17.0,0.609600008,0.0,4000.0,17.0,17.0,232.8265076,0.200121015,7.0,0.535232544
3394.0,1.0,1235.0,10366.06641,150.0728302,27.0,4.87680006,30.47999954,1000.0,53.21279907,22.73279953,299.8079834,0.535476804,3.0,3.21588707
3395.0,1.0,1364.0,3081.084473,0.0,9.0,0.0,0.0,1000.0,6.256799698,8.256799698,231.8227081,0.320883483,4.0,-6.948650837
3396.0,1.0,1355.0,1747.155029,152.6941833,11.0,-0.304800004,0.0,1000.0,9.475999832,4.475999832,263.7702637,0.073386282,4.0,-4.739060402
3397.0,1.0,1225.0,14089.99219,242.1366119,26.0,4.267199993,26.21280098,1000.0,35.44879913,6.236000061,230.8549652,1.031611323,3.0,-6.437412262
3398.0,1.0,1328.0,6272.086914,255.9203186,7.0,-0.304800004,0.0,1000.0,9.743200302,9.743200302,600.0,0.293112695,7.0,-0.533294916
3399.0,1.0,1275.0,3677.646729,578.5181274,39.0,-0.914399981,40.23360062,1000.0,54.23999786,14.31119919,304.4390869,0.617513955,3.0,-7.419612885
3400.0,1.0,1259.0,15468.64941,277.1279297,44.0,-3.352800131,23.16480064,1000.0,35.46559906,11.99599838,331.1243591,0.189654827,3.0,1.916782379
3401.0,1.0,1268.0,8718.634766,767.3554077,33.0,-0.914399981,23.46960068,1000.0,26.29439926,3.129600525,256.0354004,0.124455459,3.0,-8.929359436
3402.0,1.0,1385.0,4469.796875,570.1075439,15.0,0.0,0.0,1000.0,13.47599983,13.47599983,231.2623901,0.039702263,4.0,-1.309283733
3403.0,1.0,1255.0,39451.41797,324.2108459,12.0,-0.914399981,7.010400295,1000.0,44.61360168,37.60320282,222.7752075,0.253236055,2.0,2.916074753
3404.0,1.0,1279.0,6122.709473,919.6069336,32.0,2.743200064,34.44240189,1000.0,48.15439987,13.71199989,234.8736725,0.388864338,7.0,7.318099976
3405.0,1.0,1286.0,18676.23633,391.9785156,45.0,6.705600262,32.61360168,1000.0,47.13359833,18.82480049,228.7583771,0.710066974,3.0,1.714256287
3406.0,1.0,1251.0,12595.7666,234.2385406,49.0,0.914399981,25.90800095,1000.0,46.86640167,20.95839882,344.4225769,3.30192852,3.0,9.052600861
3407.0,1.0,1264.0,8717.97168,241.5939178,50.0,3.048000097,14.93519974,1000.0,28.96879959,14.33839798,312.3065186,0.725641072,3.0,0.722900391
3408.0,1.0,1331.0,6219.20459,814.6757202,19.0,6.705600262,0.0,8000.0,14.4279995,14.4279995,271.5907288,0.451624066,7.0,-1.587301254
3409.0,1.0,1331.0,6219.20459,814.6757202,19.0,6.705600262,0.0,8000.0,14.4279995,14.4279995,271.5907288,0.451624066,7.0,-0.994228363
3410.0,1.0,1341.0,2451.729004,548.5250854,14.0,3.96239996,0.0,1000.0,12.47599983,12.1711998,233.4425812,0.193340153,7.0,1.011247635
3411.0,1.0,1323.0,4906.443359,134.3291016,6.0,0.0,0.0,1000.0,12.70560074,12.70560074,233.9529572,1.068014264,7.0,-3.786352158
3412.0,1.0,1247.0,2189.868652,766.2996216,27.0,7.010400295,35.35680008,1000.0,39.49679947,6.444799423,235.5420074,0.935008585,7.0,-0.882856369
3413.0,1.0,1351.0,11468.29297,437.5206299,28.0,1.524000049,10.97280025,1000.0,23.4279995,13.06480026,256.3848267,2.524574041,3.0,2.802362442
3414.0,1.0,1314.0,14367.63574,212.1165009,31.0,7.010400295,0.0,2000.0,31.0,26.0,235.5384064,0.952334106,7.0,9.939353943
3415.0,1.0,1325.0,4795.845215,323.6134338,22.0,11.27760029,0.0,1000.0,29.61999893,29.61999893,232.6618042,0.87425667,7.0,11.09742928
3416.0,1.0,1284.0,5171.074219,59.87302017,21.0,3.96239996,13.10640049,1000.0,30.44879913,19.3423996,318.7206726,0.83193773,7.0,-0.474896431
3417.0,1.0,1255.0,16947.85352,242.3440552,40.0,4.267199993,20.72640038,1000.0,36.03760147,15.31119919,271.814209,1.349632025,3.0,3.487796783
3418.0,1.0,1263.0,9537.618164,276.6907349,28.0,0.0,17.06879997,1000.0,56.34640121,39.27759933,256.5523682,0.224605471,7.0,-0.639930725
3419.0,1.0,1261.0,9991.118164,216.1543579,30.0,1.219200015,16.76399994,1000.0,57.43199921,40.97280121,315.5765381,0.837567091,7.0,1.611169815
3420.0,1.0,1281.0,792.4306641,228.8169403,18.0,5.486400127,10.97280025,1000.0,25.01040077,14.03759956,237.5797424,0.408732861,7.0,-1.141596794
3421.0,1.0,1277.0,2036.582642,446.70047,16.0,6.096000195,12.19200039,1000.0,25.14400101,15.95199966,234.1230469,0.432073087,7.0,-1.64364624
3422.0,1.0,1234.0,18775.35156,349.4915771,25.0,7.924799919,33.83280182,1000.0,56.69919968,20.56159973,239.143692,0.109710954,7.0,-0.444225311
3423.0,1.0,1275.0,2090.658691,1111.829102,28.0,3.352800131,14.6303997,1000.0,32.87680054,18.24639893,331.218811,0.322276384,7.0,4.173725128
3424.0,1.0,1247.0,22431.09375,270.5699768,44.0,2.133599997,17.37360001,1000.0,33.63679886,17.26319885,219.7522736,0.313047856,3.0,2.102478027
3425.0,1.0,1234.0,12381.07715,241.3972321,30.0,5.791200161,23.46960068,1000.0,45.5447998,23.07519913,241.2317963,0.175024077,3.0,2.394828796
3426.0,1.0,1292.0,5084.505371,218.0341644,26.0,7.619999886,0.0,1000.0,32.09600067,32.09600067,315.2839661,1.10912466,3.0,8.132835388
3427.0,1.0,1278.0,6542.540527,95.03435516,38.0,4.267199993,32.61360168,8000.0,43.4864006,10.87279892,343.8100586,0.996502042,3.0,-8.849246979
3428.0,1.0,1279.0,10617.78613,179.6185455,6.0,-1.524000049,0.0,1000.0,13.92479992,15.92479992,237.6549835,0.104983471,7.0,-3.041857243
3429.0,1.0,1324.0,1568.163574,60.12662125,10.0,0.914399981,0.0,1000.0,7.256799698,6.256799698,223.20755,0.233381152,7.0,0.094055176
3430.0,1.0,1337.0,4935.228516,830.8932495,17.0,5.791200161,0.0,1000.0,9.684800148,9.684800148,325.324585,0.517007232,7.0,-2.261978149
3431.0,1.0,1258.0,7605.764648,330.6531982,36.0,9.448800087,14.6303997,1000.0,50.63040161,36.0,335.7288208,0.493329853,3.0,2.659395218
3432.0,1.0,1234.0,5403.18457,123.4788208,33.0,5.791200161,26.82240105,1000.0,50.37360001,23.55120087,312.5863342,0.571530521,3.0,4.058868408
3433.0,1.0,1282.0,16577.62305,1229.089966,40.0,2.743200064,12.80160046,4000.0,42.13359833,28.72240067,373.4020081,1.231326222,3.0,1.199972153
3434.0,1.0,1331.0,7947.603027,2663.229492,25.0,8.83920002,0.0,1000.0,19.81839943,19.81839943,269.1835938,1.027460575,7.0,3.142755508
3435.0,1.0,1226.0,14826.12695,380.0757446,40.0,7.924799919,26.82240105,1000.0,50.36320114,23.54080009,347.7972717,0.279724538,3.0,3.613264084
3436.0,1.0,1257.0,17244.21094,29.93877602,39.0,1.219200015,19.81200027,1000.0,35.03760147,3.225599289,253.5769806,0.489573777,3.0,-1.468297958
3437.0,1.0,1270.0,9796.547852,179.6462097,29.0,0.304800004,28.34640121,6000.0,48.50720215,19.16080093,285.4145203,1.70429647,3.0,1.6990242
3438.0,1.0,1312.0,12517.00586,663.0443115,22.0,2.43840003,0.0,1000.0,14.98959923,16.98959923,310.7971802,0.103024237,7.0,-5.293439865
3439.0,1.0,1255.0,1190.726807,330.7070923,32.0,6.400800228,29.56559944,1000.0,46.32559967,16.76000023,264.0414429,1.519875526,7.0,-0.477462769
3440.0,1.0,1330.0,6558.977539,2234.135498,27.0,16.76399994,0.0,8000.0,19.07519913,19.07519913,301.6348267,0.394285619,7.0,9.714452744
3441.0,1.0,1252.0,24550.57813,390.7838745,5.0,-0.914399981,18.89760017,1000.0,34.26079941,16.36320114,234.0088654,0.424390048,7.0,-4.586889267
3442.0,1.0,1336.0,5868.756836,1131.242798,15.0,3.352800131,0.0,6000.0,7.989599705,7.989599705,328.2044678,1.148549795,7.0,-8.315805435
3443.0,1.0,1343.0,10690.98145,634.7792969,28.0,5.791200161,0.0,1000.0,40.80160141,37.80160141,394.0409241,1.189358473,3.0,-2.531259537
3444.0,1.0,1322.0,12028.75879,297.0008545,34.0,3.352800131,0.0,1000.0,27.29439926,27.29439926,238.8093567,0.183011279,7.0,0.208166122
3445.0,1.0,1261.0,2142.731689,699.1091919,30.0,7.924799919,28.04160118,4000.0,44.02080154,15.97919941,234.98703,1.352303267,3.0,3.023990631
3446.0,1.0,1231.0,9702.69043,241.6365662,37.0,8.229599953,28.34640121,1000.0,47.66799927,20.32159996,238.6125488,0.065520495,3.0,0.865282059
3447.0,1.0,1331.0,4819.871094,1098.809082,12.0,6.400800228,0.0,1000.0,8.037599564,11.03759956,239.0890808,0.554783583,7.0,-2.277729034
3448.0,1.0,1235.0,10965.80469,389.4185486,33.0,5.791200161,28.34640121,1000.0,56.16480255,27.81839943,299.8079834,0.065713078,3.0,4.752038956
3449.0,1.0,1233.0,14625.84082,524.6894531,40.0,13.10640049,29.56559944,1000.0,58.28800201,28.72240067,326.8486938,0.285097182,3.0,10.08082199
3450.0,1.0,1241.0,1894.680908,59.87976074,36.0,7.924799919,28.95600128,1000.0,52.459198,22.50320053,248.0379486,0.334987253,3.0,9.458105087
3451.0,1.0,1245.0,21725.27734,180.383728,52.0,4.267199993,34.13759995,1000.0,68.459198,34.01679993,344.5364075,3.075775862,3.0,2.070285797
3452.0,1.0,1284.0,3492.498535,299.8074646,23.0,6.096000195,0.0,1000.0,30.01040077,31.31520081,234.5543671,0.129735619,7.0,1.052547455
3453.0,1.0,1282.0,11142.61914,309.2006836,34.0,7.619999886,42.36719894,1000.0,50.76399994,5.396799088,346.0138855,0.48362717,7.0,2.936481476
3454.0,1.0,1286.0,14073.09277,179.618515,36.0,6.400800228,39.62400055,2000.0,46.66799927,5.043998718,300.0771484,0.75370574,3.0,1.389614105
3455.0,1.0,1252.0,4084.898926,390.383667,38.0,6.400800228,19.81200027,1000.0,52.93519974,34.12319946,298.79953,3.545370817,3.0,8.069574356
3456.0,1.0,1334.0,12812.34961,350.6264648,22.0,2.133599997,5.486400127,1000.0,9.198399544,9.503199577,306.9708252,1.674185634,7.0,-7.44684124
3457.0,1.0,1332.0,1370.355591,361.1760254,7.0,1.524000049,0.0,1000.0,5.780799866,5.780799866,230.0164642,0.100644365,4.0,-1.483922005
3458.0,1.0,1253.0,5408.29834,42.42287064,18.0,-4.87680006,0.0,1000.0,47.56559753,47.56559753,253.1127167,0.172032237,2.0,-1.729457378
3459.0,1.0,1361.0,6499.626465,1701.407715,28.0,-0.609600008,0.0,6000.0,20.68479919,19.68479919,347.3282471,1.997248411,7.0,6.904155731
3460.0,1.0,1300.0,7694.528809,239.492981,18.0,4.572000027,0.0,8000.0,15.86639977,15.86639977,223.6738892,0.170371652,7.0,0.747965813
3461.0,1.0,1307.0,7212.952148,393.7997742,65.0,11.88720036,21.03120041,1000.0,47.62639999,26.89999771,472.1326294,2.144327402,3.0,22.14944839
3462.0,1.0,1232.0,5898.766113,218.7896423,35.0,9.753600121,28.04160118,1000.0,45.66799927,17.62639999,285.0740662,0.207265079,3.0,4.668123245
3463.0,1.0,1300.0,7659.764648,360.4923706,28.0,3.96239996,0.0,6000.0,24.95199966,18.95199966,219.1865234,0.513935924,7.0,1.903613091
3464.0,1.0,1269.0,2680.256104,300.635498,64.0,5.181600094,17.06879997,1000.0,46.62639999,26.55759811,317.4984131,2.250016928,3.0,10.09973145
3465.0,1.0,1244.0,14891.01367,276.0461121,49.0,3.048000097,23.16480064,1000.0,50.52399826,28.27359962,394.9824524,0.536318004,3.0,6.431797028
3466.0,1.0,1284.0,4176.502441,133.9997711,18.0,2.743200064,14.93519974,1000.0,28.97280121,17.03759956,274.9405212,0.67544049,4.0,-1.05506134
3467.0,1.0,1289.0,2889.587158,67.16368103,32.0,1.219200015,0.0,1000.0,17.97919846,17.97919846,281.322876,0.365036458,7.0,-3.188421249
3468.0,1.0,1324.0,13383.01953,362.0049438,14.0,0.914399981,0.0,1000.0,0.89359951,4.89359951,304.5006409,1.596952319,7.0,-7.342734337
3469.0,1.0,1329.0,6011.401367,565.5039063,15.0,5.486400127,0.0,1000.0,10.4279995,10.4279995,271.5907288,0.504283249,7.0,-1.103425026
3470.0,1.0,1331.0,5992.938965,559.4432373,17.0,6.705600262,0.0,1000.0,12.4279995,12.4279995,271.5907288,0.592452824,7.0,0.656086922
3471.0,1.0,1329.0,3025.963135,503.7607727,30.0,10.05840015,0.0,4000.0,22.68479919,23.68479919,281.520813,0.504640222,3.0,-5.697824478
3472.0,1.0,1274.0,67.1720047,276.045166,42.0,-5.791200161,45.11040115,6000.0,59.67839813,14.56799889,288.9666443,0.242187873,7.0,-11.98930931
3473.0,1.0,1332.0,9250.095703,2565.669678,30.0,8.229599953,0.0,1000.0,24.20879936,24.20879936,241.8839722,1.239002347,7.0,-0.266443253
3474.0,1.0,1269.0,4103.16748,341.855011,19.0,8.534399986,35.35680008,1000.0,44.90800095,12.29439926,232.0108185,0.349667013,7.0,3.841013908
3475.0,1.0,1280.0,6366.995117,780.2385864,34.0,2.43840003,34.74720001,1000.0,49.5447998,13.79759979,343.0367737,0.798282921,7.0,3.240667343
3476.0,1.0,1282.0,12375.28418,300.1601257,37.0,3.048000097,30.17519951,2000.0,36.69520187,6.520000458,240.0843658,0.263752192,3.0,-2.468177795
3477.0,1.0,1314.0,7928.032715,468.8154297,30.0,7.315199852,0.0,6000.0,5.615999222,0.615999222,354.7714539,0.562618554,4.0,-12.48184586
3478.0,1.0,1276.0,8511.865234,552.2018433,27.0,1.524000049,17.98320007,2000.0,36.44879913,17.46559906,333.962738,0.287592232,3.0,0.304811478
3479.0,1.0,1288.0,14493.89453,324.7469788,42.0,7.010400295,39.62400055,1000.0,52.36320114,15.04399872,234.8515015,0.831260085,3.0,3.53332901
3480.0,1.0,1221.0,23767.875,437.594574,44.0,13.10640049,26.82240105,8000.0,59.84960175,31.02719879,285.0207825,0.219297692,3.0,7.137853622
3481.0,1.0,1285.0,10095.57715,84.85720062,11.0,-1.524000049,0.0,1000.0,22.27759933,22.27759933,239.8292084,0.349453598,7.0,-2.086211205
3482.0,1.0,1277.0,2145.276123,446.7018433,27.0,8.534399986,37.79520035,1000.0,55.04160309,17.24639893,270.3263245,0.218187988,7.0,3.192296982
3483.0,1.0,1283.0,1282.80896,360.7650452,21.0,4.572000027,11.58240032,1000.0,29.229599,20.64719963,228.1187439,0.150034904,7.0,-1.904084206
3484.0,1.0,1284.0,17294.84766,323.5512085,33.0,2.43840003,10.97280025,4000.0,33.91439819,22.9416008,327.177887,0.487300366,3.0,-1.206138611
3485.0,1.0,1291.0,9854.103516,150.0812836,25.0,0.609600008,0.0,1000.0,22.86639977,21.86639977,223.6870117,0.186597049,7.0,0.10710144
3486.0,1.0,1248.0,8702.837891,242.3502197,34.0,3.048000097,21.33600044,1000.0,35.52399826,14.18799973,254.7749176,0.251644284,3.0,-4.2498703
3487.0,1.0,1303.0,12287.92578,0.0,30.0,3.048000097,0.0,1000.0,23.5991993,20.5991993,234.2525787,0.399022847,7.0,1.323343277
3488.0,1.0,1284.0,8393.0,1058.855347,32.0,10.66800022,17.06879997,1000.0,38.4007988,21.33200073,373.9861145,1.482245207,3.0,4.162843704
3489.0,1.0,1334.0,5749.884277,295.8655701,17.0,4.87680006,0.0,1000.0,14.56159973,14.56159973,238.3403168,1.120280266,7.0,4.193924904
3490.0,1.0,1334.0,5151.072266,883.803772,10.0,0.0,0.0,1000.0,13.35280037,13.35280037,236.2085266,0.668288529,7.0,-0.392411709
3491.0,1.0,1385.0,5776.452637,840.5275269,13.0,0.304800004,0.0,1000.0,11.1711998,11.86639977,209.0697784,0.191206545,4.0,-2.017052412
3492.0,1.0,1242.0,2677.466797,29.93998718,34.0,5.181600094,29.26079941,1000.0,51.98320007,22.72240067,301.2447205,1.263002396,3.0,3.665076256
3493.0,1.0,1280.0,3862.484375,562.9884033,30.0,17.67840004,0.0,1000.0,38.83919907,40.83919907,362.9188843,0.125939384,7.0,17.82850266
3494.0,1.0,1284.0,14069.87402,468.9542236,38.0,7.924799919,42.36719894,2000.0,48.66799927,13.30080032,300.0771484,0.710608363,3.0,5.899059296
3495.0,1.0,1276.0,6730.992188,0.0,13.0,1.524000049,25.29840088,5000.0,24.58240128,0.0,303.5393677,0.355210632,7.0,-5.653739929
3496.0,1.0,1232.0,5995.399414,182.1389618,36.0,9.753600121,28.04160118,1000.0,46.66799927,18.62639999,285.0740662,0.097520366,3.0,3.199985504
3497.0,1.0,1337.0,161.8012085,150.0935974,14.0,1.524000049,0.0,1000.0,13.39039993,15.39039993,236.0376129,0.631014466,7.0,-2.130878448
3498.0,1.0,1233.0,3642.610107,210.4251862,33.0,3.657599926,28.65120125,1000.0,44.58240128,15.93120003,300.4210205,1.359368086,3.0,-0.758901596
3499.0,1.0,1241.0,2413.983643,216.4837494,33.0,8.229599953,28.65120125,1000.0,49.76399994,21.1128006,265.1636047,0.162233084,3.0,9.216077805
3500.0,1.0,1262.0,8998.549805,42.42329407,41.0,1.524000049,27.73680115,1000.0,43.13359833,15.39679909,291.3424988,0.121605873,3.0,4.614215851
3501.0,1.0,1332.0,7700.894531,108.0835648,7.0,0.304800004,0.0,1000.0,13.70560074,12.70560074,270.8805237,0.085409597,4.0,-1.342773438
3502.0,1.0,1330.0,10317.52832,2399.501465,30.0,11.58240032,14.93519974,1000.0,24.81839943,9.187999725,239.5509033,0.564024985,7.0,5.695863724
3503.0,1.0,1321.0,15809.46191,283.2926636,29.0,1.828799963,0.0,4000.0,21.38000107,20.38000107,233.0838776,0.348392248,7.0,2.610609055
3504.0,1.0,1299.0,13665.57324,134.3286743,24.0,4.87680006,0.0,1000.0,16.98959923,16.98959923,230.0818481,0.088342972,7.0,3.714771271
3506.0,1.0,1285.0,14093.88281,365.7086182,43.0,8.83920002,27.43200111,1000.0,45.13359833,17.70159912,301.4480286,0.133843079,3.0,8.086990356
3507.0,1.0,1339.0,3790.010742,568.8248901,14.0,3.657599926,0.0,1000.0,13.0855999,14.0855999,232.7592316,0.592212319,7.0,1.419174671
3508.0,1.0,1226.0,13965.78516,216.4866791,43.0,6.705600262,25.60320091,1000.0,51.83919907,26.23600006,230.8549652,2.638674498,3.0,2.164237976
3509.0,1.0,1364.0,1347.682129,753.9310303,10.0,-0.609600008,0.0,1000.0,7.866399765,9.866399765,230.217041,0.16427055,4.0,-3.431272507
3510.0,1.0,1272.0,3336.115967,792.4268799,29.0,3.352800131,17.67840004,1000.0,34.18159866,14.50319958,342.3424683,0.733216405,7.0,4.099459648
3511.0,1.0,1295.0,7191.177734,750.8450928,40.0,1.524000049,12.80160046,1000.0,38.1711998,25.3696003,410.4737854,1.592626452,3.0,-1.749645233
3512.0,1.0,1331.0,6039.571777,634.645874,19.0,6.705600262,0.0,8000.0,14.4279995,11.4279995,271.5907288,0.464474171,7.0,-1.612650871
3513.0,1.0,1246.0,13703.73633,370.3963928,23.0,3.352800131,37.79520035,8000.0,59.88080215,24.0855999,232.5168457,0.602811217,7.0,-0.37959671
3514.0,1.0,1303.0,8980.795898,119.746582,19.0,3.96239996,0.0,1000.0,14.4279995,16.4279995,231.9529724,0.423131406,7.0,0.915851593
3515.0,1.0,1270.0,7964.119141,211.6976318,51.0,7.010400295,18.59280014,1000.0,32.71199799,14.11919785,262.1235962,0.288352162,3.0,0.944606781
3516.0,1.0,1317.0,5155.423828,318.8504333,26.0,6.400800228,0.0,1000.0,33.61999893,33.61999893,252.1817169,0.448505253,3.0,2.293554306
3517.0,1.0,1243.0,1112.272827,342.1950378,22.0,1.828799963,27.12720108,6000.0,32.66799927,8.760000229,387.1319275,1.423921227,7.0,-6.240352631
3518.0,1.0,1342.0,8159.61084,2888.346436,52.0,14.02080059,0.0,1000.0,38.58879852,39.2840004,466.5980835,1.777732611,4.0,18.15501404
3519.0,1.0,1329.0,2542.997803,84.85683441,8.0,0.304800004,0.0,1000.0,7.390399933,8.390399933,216.8863678,0.58870846,7.0,-0.861794472
3520.0,1.0,1284.0,1946.422363,341.4383545,21.0,4.267199993,0.0,1000.0,28.61999893,28.61999893,231.7141876,0.124724105,7.0,-0.578622818
3521.0,1.0,1304.0,20649.77148,42.42425919,21.0,1.524000049,0.0,3000.0,13.07520008,13.07520008,230.8331604,0.321189731,7.0,0.406633377
3522.0,1.0,1231.0,34147.73828,361.9675293,52.0,2.133599997,12.19200039,1000.0,51.69520187,37.50320053,351.0121155,1.563722968,3.0,8.521442413
3523.0,1.0,1332.0,6134.994141,360.7468262,15.0,1.828799963,0.0,1000.0,12.2567997,13.2567997,239.5277252,0.925625086,7.0,-1.236544609
3524.0,1.0,1316.0,7745.367676,725.8381958,70.0,23.77440071,0.0,1000.0,48.96879959,45.96879959,235.6933441,3.281154156,3.0,24.94361877
3525.0,1.0,1295.0,7987.868164,60.12722015,20.0,3.96239996,0.0,1000.0,16.64719963,15.64719963,231.4979553,0.771541893,7.0,0.5265131
3526.0,1.0,1321.0,1076.578613,59.87323761,6.0,-0.914399981,0.0,1000.0,9.657600403,10.6576004,281.2224121,0.991246045,7.0,-3.195154667
3527.0,1.0,1288.0,3959.090332,161.8093109,23.0,6.400800228,0.0,8000.0,28.18160057,28.18160057,236.6747284,0.186857894,7.0,2.471913338
3528.0,1.0,1332.0,1994.577271,934.4769287,24.0,11.88720036,0.0,1000.0,21.2567997,21.2567997,239.1414185,1.368229151,7.0,6.772306442
3529.0,1.0,1322.0,4895.524902,300.6324463,9.0,2.43840003,0.0,1000.0,16.01040077,15.01040077,233.9529572,0.51968807,7.0,0.946610451
3530.0,1.0,1317.0,4617.650391,59.87334824,7.0,-0.914399981,0.0,1000.0,9.133600235,12.13360023,327.8581543,0.352364987,7.0,-2.827261925
3531.0,1.0,1335.0,5390.399902,725.8435669,16.0,2.743200064,0.0,1000.0,12.64719963,12.64719963,286.2049866,0.163024664,7.0,-0.992677689
3532.0,1.0,1262.0,12320.49707,469.0058289,50.0,13.41120052,61.26480103,2000.0,84.44239807,22.17759895,238.7511749,0.429778218,3.0,2.227790833
3533.0,1.0,1307.0,3812.592285,228.1325378,20.0,9.144000053,0.0,1000.0,21.21920013,21.60960007,236.2160797,0.566027582,7.0,4.523221016
3534.0,1.0,1340.0,3619.283447,123.4712601,8.0,0.609600008,0.0,1000.0,6.475999832,7.475999832,303.2767944,0.226507127,4.0,-3.340915442
3535.0,1.0,1285.0,6440.95166,134.3272247,34.0,3.657599926,0.0,1000.0,21.50320053,22.50320053,252.2857513,0.581574619,3.0,-2.062627792
3536.0,1.0,1291.0,15797.39551,334.7528076,43.0,6.096000195,34.44240189,1000.0,48.4864006,15.04399872,242.1328888,0.139104933,3.0,2.63249588
3537.0,1.0,1273.0,0.0,570.2073975,35.0,-5.791200161,47.24399948,6000.0,54.81200027,7.567998886,229.9285126,1.012112141,7.0,-13.56806755
3538.0,1.0,1300.0,4162.132813,59.87277985,16.0,3.657599926,13.71600056,1000.0,23.61999893,9.903999329,246.1231995,0.114618041,7.0,-4.639372349
3539.0,1.0,1322.0,5858.955566,174.7485809,9.0,1.524000049,0.0,1000.0,12.6576004,12.6576004,254.5076599,1.026507735,4.0,-0.617877007
3540.0,1.0,1316.0,15919.22949,127.2699585,25.0,3.96239996,0.0,2000.0,24.39039993,24.39039993,342.1619873,0.705624819,7.0,5.557843208
3541.0,1.0,1265.0,15682.9375,120.2552261,42.0,5.181600094,31.39439964,1000.0,31.9416008,2.547199249,288.2950134,0.798662424,3.0,-2.673599243
3542.0,1.0,1243.0,17982.78125,201.0030975,48.0,3.96239996,20.11680031,1000.0,42.20880127,23.09199905,272.1280518,0.554371595,3.0,1.349349976
3543.0,1.0,1291.0,16656.10352,276.0482178,41.0,3.657599926,34.13759995,6000.0,46.18159866,12.04399872,236.3403473,0.332691044,3.0,0.114427567
3544.0,1.0,1237.0,1686.689697,693.9716187,31.0,5.181600094,29.26079941,1000.0,43.80160141,20.54080009,231.5107574,1.407117605,7.0,5.22351265
3545.0,1.0,1235.0,7155.892578,42.42282867,30.0,5.486400127,25.29840088,6000.0,43.10639954,18.1128006,225.9801941,0.79055959,3.0,1.171239853
3546.0,1.0,1227.0,25827.33984,59.87500763,38.0,1.219200015,14.6303997,1000.0,33.12319946,19.49279976,226.6018219,1.17872715,3.0,1.841011047
3547.0,1.0,1242.0,6853.749512,360.7359924,42.0,3.048000097,29.26079941,8000.0,42.0,14.73920059,294.983429,0.77544415,3.0,1.545570374
3548.0,1.0,1354.0,1108.355957,182.1444092,4.0,-1.524000049,0.0,1000.0,2.475999832,2.475999832,271.0863647,0.071599379,4.0,-4.196920872
3549.0,1.0,1255.0,12054.98633,364.2425842,47.0,3.352800131,29.87039948,1000.0,57.66799927,27.79759979,239.7377472,0.848272622,3.0,3.736236572
3550.0,1.0,1283.0,19110.25586,296.9660339,46.0,0.914399981,28.95600128,1000.0,40.5135994,8.557598114,296.948761,0.503892899,3.0,4.22486496
3551.0,1.0,1333.0,1439.879517,362.9961548,9.0,1.524000049,0.0,1000.0,7.171199799,6.171199799,228.4414978,0.174736947,7.0,-2.348345757
3552.0,1.0,1330.0,1756.217651,675.5424805,8.0,3.048000097,0.0,1000.0,6.780799866,7.780799866,239.8815918,0.199613124,4.0,0.515447617
3553.0,1.0,1284.0,15037.67773,182.1128998,40.0,9.753600121,25.60320091,1000.0,37.86640167,13.48239899,270.6660767,0.239506781,3.0,7.151699066
3554.0,1.0,1251.0,20938.3418,479.91922,11.0,0.609600008,17.06879997,1000.0,29.28800011,10.21920013,376.0245972,0.298754603,7.0,-2.115513802
3555.0,1.0,1333.0,2911.559326,94.70772552,8.0,0.0,0.0,1000.0,8.914400101,8.914400101,230.9756317,1.622032046,4.0,-1.520301819
3556.0,1.0,1275.0,29998.74023,182.1674805,11.0,3.96239996,0.0,1000.0,34.7743988,34.7743988,228.4967346,0.053759314,2.0,1.876178741
3557.0,1.0,1285.0,14073.4873,390.8236084,42.0,8.83920002,27.43200111,1000.0,44.13359833,16.70159912,301.4480286,0.246727064,3.0,8.28313446
3558.0,1.0,1287.0,18871.75586,282.7406616,42.0,6.400800228,33.22320175,1000.0,44.43840027,11.21520042,233.9138031,0.211225435,3.0,-0.416069031
3559.0,1.0,1286.0,14015.15625,240.5110016,47.0,7.924799919,38.70960236,1000.0,57.97280121,19.26319885,322.8530884,0.814444602,3.0,4.775409698
3560.0,1.0,1306.0,16319.80566,211.7066803,22.0,3.048000097,0.0,1000.0,17.73279953,16.73279953,246.2798004,0.118670367,7.0,1.49723053
3561.0,1.0,1355.0,4028.39917,1041.193481,12.0,0.304800004,0.0,1000.0,7.732800007,6.732800007,260.9066772,0.121101327,4.0,-6.77935791
3562.0,1.0,1225.0,18781.03711,30.0620594,34.0,8.534399986,33.52799988,5000.0,59.90800095,26.38000107,302.4996033,0.194920331,7.0,0.60292244
3563.0,1.0,1241.0,2405.025146,67.15853882,30.0,7.924799919,28.65120125,1000.0,46.459198,19.1128006,250.7127228,0.202451631,3.0,9.390317917
3564.0,1.0,1275.0,9283.956055,608.3928833,29.0,0.304800004,19.20240021,1000.0,38.75360107,19.55120087,346.4373474,1.484304786,3.0,4.392585754
3565.0,1.0,1235.0,10483.99414,210.4273987,28.0,5.486400127,29.26079941,1000.0,52.68880081,24.4279995,299.8079834,0.581012428,3.0,3.210084915
3566.0,1.0,1274.0,67.1720047,255.897171,44.0,-5.791200161,45.11040115,6000.0,61.67839813,16.56799889,288.9666443,0.242187873,7.0,-11.22535133
3567.0,1.0,1278.0,1830.521362,246.9167023,34.0,-0.609600008,18.89760017,1000.0,45.8871994,24.98959923,367.9433289,0.111309357,7.0,7.588552475
3568.0,1.0,1285.0,15219.06934,1009.524292,39.0,3.657599926,0.0,1000.0,24.97919846,26.97919846,233.1959381,0.150276244,3.0,1.775472641
3569.0,1.0,1287.0,995.3334961,824.0864258,28.0,2.133599997,0.0,1000.0,20.68479919,26.68479919,217.2926636,0.082722351,4.0,1.581394196
3570.0,1.0,1220.0,9104.054688,324.2670288,25.0,5.181600094,28.95600128,1000.0,52.43199921,24.47599983,223.8282776,0.086966999,7.0,1.406265259
3571.0,1.0,1325.0,5620.575684,349.4981995,15.0,7.010400295,0.0,1000.0,22.92480087,23.92480087,286.0146484,0.821939707,7.0,7.348267555
3572.0,1.0,1330.0,1733.29126,59.87462616,9.0,1.219200015,0.0,1000.0,7.780799866,8.780799866,230.0164642,0.407822609,4.0,-1.009037971
3573.0,1.0,1263.0,15013.4082,574.3308716,38.0,-1.524000049,15.84959984,1000.0,20.32159996,4.472000122,231.6901093,0.581294477,3.0,-6.780334473
3574.0,1.0,1240.0,21623.1582,180.3826904,48.0,0.609600008,15.84959984,1000.0,46.47600174,30.62639999,286.3410645,0.553515851,3.0,-3.126468658
3575.0,1.0,1342.0,3660.832275,884.5261841,15.0,3.657599926,0.0,1000.0,11.03759956,9.037599564,330.6035767,0.675142527,7.0,-3.999858379
3576.0,1.0,1267.0,30700.77148,175.0662384,17.0,6.400800228,0.0,1000.0,43.51760101,43.51760101,232.7390289,0.14334701,2.0,2.39920187
3577.0,1.0,1322.0,12984.68262,740.8533325,27.0,3.048000097,14.93519974,1000.0,14.80799961,0.0,379.9661255,1.180370569,7.0,5.351308823
3578.0,1.0,1332.0,7753.823242,3031.253906,32.0,10.66800022,0.0,1000.0,26.5135994,26.5135994,290.7272949,2.013081789,7.0,7.299142838
3579.0,1.0,1331.0,5445.859375,2595.158936,15.0,2.133599997,0.0,1000.0,9.818399429,9.818399429,234.9947662,2.138045073,7.0,-5.696505547
3580.0,1.0,1334.0,4764.791504,302.1103516,14.0,2.743200064,0.0,1000.0,10.64719963,11.64719963,268.7907104,0.751362622,7.0,-1.486903191
3581.0,1.0,1298.0,8970.950195,1336.763916,23.0,2.133599997,0.0,1000.0,14.77040005,14.77040005,260.5654907,0.421055019,4.0,-4.234197617
3582.0,1.0,1362.0,1290.925293,319.0020142,9.0,-0.304800004,0.0,8000.0,7.475999832,7.475999832,228.240387,0.060567357,4.0,-6.37305069
3583.0,1.0,1285.0,4822.105469,295.1003723,35.0,16.15439987,0.0,1000.0,43.229599,43.229599,335.8601074,0.402448714,7.0,15.19462109
3584.0,1.0,1238.0,3580.072266,161.7785187,14.0,2.133599997,25.60320091,1000.0,39.60320282,14.0,236.421051,0.290376037,3.0,7.274493217
3585.0,1.0,1299.0,18994.82813,84.85775757,25.0,1.828799963,0.0,1000.0,14.02719975,15.02719975,260.4797974,0.215999946,7.0,-0.805280685
3586.0,1.0,1255.0,19225.33984,582.0776978,8.0,-1.219200015,21.03120041,1000.0,28.42160034,8.390399933,274.4324341,0.13445875,2.0,-4.102677822
3587.0,1.0,1286.0,3448.788086,152.6872101,35.0,4.87680006,4.87680006,1000.0,28.90399933,17.02719879,277.6246033,0.21514751,4.0,3.345333099
3588.0,1.0,1352.0,7070.425781,483.97229,30.0,5.486400127,9.753600121,1000.0,28.78079987,18.02719879,324.8112183,2.012433052,3.0,3.319383621
3589.0,1.0,1283.0,3897.378662,127.2726593,21.0,3.96239996,12.80160046,1000.0,30.44879913,17.64719963,297.0748291,0.693508625,7.0,0.103468895
3590.0,1.0,1294.0,2073.794434,995.3430786,20.0,0.609600008,0.0,2000.0,10.85599995,10.85599995,295.2240601,0.733862758,4.0,-0.981533051
3591.0,1.0,1385.0,5400.694336,871.682312,11.0,0.304800004,0.0,4000.0,9.780799866,9.780799866,217.8767853,0.098896101,13.0,-0.889989614
3592.0,1.0,1235.0,4639.580566,578.1587524,38.0,5.791200161,29.56559944,1000.0,48.0583992,10.49279976,247.7598114,0.31721741,3.0,-0.101810455
3593.0,1.0,1361.0,1739.348877,359.2962036,6.0,-0.304800004,0.0,1000.0,5.695199966,5.695199966,226.6516418,0.098330662,4.0,-4.730578423
3594.0,1.0,1291.0,12856.13379,150.318634,35.0,4.87680006,0.0,2000.0,34.39039993,34.39039993,235.7622528,0.160069138,7.0,1.155540466
3595.0,1.0,1343.0,6197.20752,3352.943604,17.0,5.486400127,0.0,1000.0,4.807999611,4.807999611,347.7418823,0.531518877,7.0,-5.750660896
3596.0,1.0,1288.0,14503.2002,295.9008179,35.0,5.791200161,39.62400055,1000.0,45.0583992,5.739200592,234.8515015,0.652026594,3.0,2.712348938
3597.0,1.0,1284.0,31655.54102,108.2488174,14.0,4.267199993,0.0,8000.0,36.86000061,33.86000061,231.1607361,0.877051234,2.0,11.09133911
3598.0,1.0,1328.0,2995.506348,89.81208038,7.0,2.743200064,0.0,1000.0,6.695199966,6.390399933,235.4432983,0.2457131,4.0,-1.424300671
3599.0,1.0,1326.0,2252.792236,161.3152313,13.0,2.743200064,0.0,1000.0,13.30480003,13.30480003,235.8663635,0.267383695,7.0,-0.903131962
3600.0,1.0,1329.0,3063.504395,561.4534912,26.0,9.753600121,0.0,1000.0,18.68479919,19.68479919,281.520813,0.419682145,3.0,-5.214365005
3601.0,1.0,1300.0,10065.2002,334.9718018,27.0,6.096000195,0.0,6000.0,18.16080093,16.16080093,238.5342865,0.241552085,7.0,4.044057846
3602.0,1.0,1378.0,12964.67285,480.9184875,19.0,4.572000027,0.0,1000.0,16.56159973,16.56159973,237.1781464,1.054610491,7.0,-6.153846741
3603.0,1.0,1269.0,8428.831055,29.94094276,28.0,0.0,23.16480064,1000.0,42.32559967,19.16080093,351.7540588,0.476421475,3.0,-1.277767181
3604.0,1.0,1276.0,9582.72168,351.657135,41.0,1.828799963,17.06879997,1000.0,49.229599,31.55120087,372.9179993,2.09064889,3.0,8.228927612
3605.0,1.0,1273.0,42.42974472,499.7767639,38.0,-5.791200161,48.15840149,2000.0,58.1167984,12.95839882,229.9285126,2.553076029,7.0,-9.760799408
3606.0,1.0,1278.0,4821.243164,218.8043213,16.0,2.743200064,11.58240032,1000.0,26.0583992,14.47599983,239.9473724,0.100433506,4.0,-2.871464729
3607.0,1.0,1279.0,4038.746826,524.9421997,31.0,-4.267199993,27.12720108,1000.0,44.10639954,15.76000023,383.1029358,0.277810931,7.0,-3.354688644
3608.0,1.0,1297.0,5617.46582,1031.860718,24.0,0.609600008,0.0,8000.0,15.46560001,16.46559906,225.437439,0.550934672,4.0,-1.913740158
3609.0,1.0,1302.0,3298.810303,2156.189697,32.0,0.609600008,0.0,1000.0,22.85599899,24.85599899,230.4695587,0.543787122,4.0,0.840339661
3610.0,1.0,1246.0,18919.56445,150.1012726,47.0,2.743200064,17.06879997,1000.0,48.52399826,31.4552002,234.7841949,0.143554419,3.0,-0.468719482
3611.0,1.0,1262.0,10761.90625,1207.7052,49.0,3.048000097,28.04160118,1000.0,42.29439926,14.86240005,291.3697205,0.390138268,3.0,-0.141296387
3612.0,1.0,1312.0,1875.648438,269.4290161,8.0,1.219200015,0.0,1000.0,12.26720047,12.26720047,348.401123,0.800084531,7.0,-1.153558254
3613.0,1.0,1364.0,1063.672729,201.0170746,12.0,-0.304800004,0.0,1000.0,11.39039993,12.39039993,236.87117,0.144482106,4.0,-2.544684172
3614.0,1.0,1302.0,2780.703613,308.5344238,29.0,1.219200015,0.0,8000.0,20.770401,16.770401,278.6492615,0.181082234,4.0,-1.045142174
3615.0,1.0,1231.0,26874.81641,108.0878754,35.0,0.914399981,14.02080059,1000.0,24.9416008,13.92079926,444.8729858,1.044631958,3.0,1.406909943
3616.0,1.0,1279.0,11350.0918,313.7767639,35.0,6.096000195,42.06240082,1000.0,52.98320007,9.920799255,318.375885,0.745721698,7.0,1.076446533
3617.0,1.0,1241.0,1807.616943,239.5187531,30.0,7.010400295,28.65120125,1000.0,46.459198,16.80799866,259.1878967,0.391592473,3.0,8.655191422
3618.0,1.0,1285.0,17110.49414,246.9309235,45.0,10.66800022,28.65120125,1000.0,43.78079987,15.12960052,303.6693726,0.699824274,3.0,7.287387848
3619.0,1.0,1338.0,1106.749268,123.9183655,6.0,-1.828799963,0.0,1000.0,6.304800034,6.304800034,281.0969238,0.222384125,4.0,-3.724261284
3620.0,1.0,1272.0,16696.80859,868.8268433,44.0,15.5447998,14.02080059,1000.0,60.15439987,45.13359833,428.4969788,0.681707978,3.0,23.48474503
3621.0,1.0,1261.0,3053.219482,254.576889,31.0,-0.304800004,29.56559944,4000.0,48.06880188,18.50320053,239.180191,1.622589469,3.0,5.468429565
3622.0,1.0,1331.0,6400.658203,974.8364868,16.0,6.705600262,0.0,8000.0,11.4279995,11.4279995,261.2958679,0.50688827,7.0,-1.578257561
3623.0,1.0,1248.0,3848.922363,852.4619751,57.0,-0.609600008,31.39439964,1000.0,58.8288002,24.43440056,477.7419434,5.942583561,3.0,17.49349213
3624.0,1.0,1337.0,5503.417969,615.6089478,16.0,2.133599997,0.0,1000.0,13.56159973,12.56159973,237.3308716,0.18486008,7.0,-0.726492882
3625.0,1.0,1329.0,2967.991211,484.2208862,59.0,14.32560062,4.267199993,1000.0,37.66400146,32.70159912,551.2895508,1.608426332,3.0,12.89625931
3626.0,1.0,1279.0,4213.280762,182.8463593,35.0,-5.181600094,31.39439964,4000.0,40.4864006,10.09199905,262.3181763,0.198258638,3.0,-3.291721344
3627.0,1.0,1324.0,2856.82251,391.5188293,19.0,0.914399981,0.0,8000.0,13.81839943,13.81839943,239.1604614,0.11608398,7.0,1.331469536
3628.0,1.0,1267.0,2566.585205,284.1459961,16.0,1.219200015,0.0,1000.0,27.27759933,26.27759933,424.3034668,0.190194443,7.0,-1.825170994
3629.0,1.0,1354.0,2835.897217,470.1148376,9.0,0.0,0.0,1000.0,5.951999664,8.951999664,229.9764252,0.23445344,4.0,-6.090473175
3630.0,1.0,1318.0,3874.345215,510.6826782,-3.0,-1.219200015,0.0,7000.0,0.0,0.0,225.7524109,0.390279919,7.0,0.895979881
3631.0,1.0,1330.0,10255.81641,94.71234894,21.0,2.743200064,0.0,1000.0,22.21920013,21.21920013,229.7906342,0.551110327,7.0,2.92301178
3632.0,1.0,1243.0,7136.608398,359.2642822,61.0,0.609600008,37.79520035,1000.0,58.86640167,21.07120132,423.5171509,1.607333064,3.0,18.39334106
3633.0,1.0,1362.0,5306.958008,732.9172363,20.0,3.352800131,0.0,1000.0,14.81839943,14.81839943,360.3094788,1.128953338,7.0,2.234417915
3634.0,1.0,1315.0,1680.408936,67.16983032,7.0,-1.524000049,0.0,1000.0,12.18160057,12.18160057,348.401123,0.677365184,7.0,-4.284560204
3635.0,1.0,1259.0,16453.16602,361.1877441,43.0,0.0,21.03120041,1000.0,43.0,19.96879959,258.4070129,1.79915309,3.0,3.057285309
3636.0,1.0,1351.0,2509.941406,417.1686096,14.0,0.0,0.0,3000.0,13.39039993,13.39039993,255.2528076,0.481747627,4.0,-5.44047451
3637.0,1.0,1275.0,22138.79297,42.42475891,8.0,-1.219200015,32.61360168,1000.0,43.66160202,11.04800034,277.8132935,0.220106587,7.0,-3.733870268
3638.0,1.0,1316.0,995.4696045,324.7523804,11.0,0.609600008,0.0,1000.0,16.79120064,17.79120064,340.9230957,1.135046959,7.0,-2.066635609
3639.0,1.0,1285.0,14247.99707,192.1875153,28.0,1.219200015,0.0,1000.0,17.63679886,11.02719975,236.4010925,0.179086953,3.0,-0.181276321
3640.0,1.0,1358.0,1403.310913,67.15959167,11.0,-2.743200064,0.0,1000.0,11.0,15.0,390.3898621,0.089103431,4.0,-0.955744982
3641.0,1.0,1329.0,3080.09375,209.5611877,8.0,2.133599997,0.0,1000.0,7.390399933,7.390399933,235.0950775,0.348570615,7.0,-1.36530304
3642.0,1.0,1241.0,1112.643555,498.8457031,34.0,5.486400127,29.26079941,1000.0,49.5447998,20.58879852,259.1878967,0.31045559,7.0,7.387540817
3643.0,1.0,1322.0,12359.56055,339.394928,28.0,2.743200064,0.0,4000.0,21.29439926,21.29439926,237.3046112,0.092038907,7.0,-0.388944626
3644.0,1.0,1376.0,2576.594971,152.6943359,12.0,-1.524000049,0.0,1000.0,11.0855999,8.085599899,235.4675598,0.120267414,4.0,-1.94805181
3645.0,1.0,1361.0,4374.315918,1128.830078,11.0,-0.304800004,0.0,1000.0,7.951999664,7.951999664,235.8898773,0.795432925,4.0,-9.499732971
3646.0,1.0,1359.0,4866.740234,1322.907471,11.0,0.304800004,0.0,1000.0,5.818399906,5.818399906,533.7050171,0.086696029,4.0,-9.466348648
3647.0,1.0,1286.0,14015.15625,240.5110016,47.0,7.924799919,38.70960236,1000.0,57.97280121,17.26319885,322.8530884,0.814444602,3.0,4.775409698
3648.0,1.0,1363.0,2601.914063,218.0447235,14.0,-0.304800004,0.0,1000.0,11.86639977,9.256799698,213.8973389,0.857352197,4.0,-4.421588898
3649.0,1.0,1327.0,3099.078369,134.328186,8.0,2.743200064,0.0,1000.0,7.695199966,7.695199966,235.4432983,0.030345939,7.0,-0.755428314
3650.0,1.0,1337.0,2623.447998,308.5176086,6.0,0.0,0.0,1000.0,6.609600067,5.609600067,277.1060181,0.265298009,4.0,-2.659103632
3651.0,1.0,1358.0,3866.749023,59.8812027,7.0,-2.43840003,0.0,1000.0,7.609600067,8.609600067,222.7890167,0.174396813,4.0,0.503727734
3652.0,1.0,1375.0,2338.539307,515.8375244,14.0,-1.524000049,0.0,1000.0,12.1711998,11.1711998,239.4385376,0.04124666,4.0,-4.549482346
3653.0,1.0,1359.0,4866.740234,1385.493408,8.0,0.304800004,0.0,1000.0,2.818399906,2.818399906,533.7050171,0.086696029,4.0,-10.02019024
3654.0,1.0,1303.0,11808.16797,120.2544785,25.0,3.352800131,0.0,1000.0,24.0855999,23.0855999,217.5634766,0.310773492,7.0,1.310054779
3655.0,1.0,1243.0,16297.02246,390.606842,54.0,3.96239996,20.42160034,1000.0,57.35279846,39.93119812,224.310257,0.449731261,3.0,11.26343155
3656.0,1.0,1242.0,21709.41406,384.3986511,43.0,0.609600008,16.15439987,1000.0,46.04800034,29.89360046,260.5600281,0.294747651,3.0,-0.777935028
3657.0,1.0,1319.0,14933.16113,309.1851807,27.0,3.96239996,0.0,1000.0,26.0855999,24.0855999,342.1619873,1.131213665,7.0,8.550592422
3658.0,1.0,1319.0,10382.92871,30.05963326,25.0,0.0,0.0,1000.0,18.29439926,17.29439926,236.0425568,0.735333502,7.0,-3.2009058
3659.0,1.0,1238.0,8926.833008,834.4945679,15.0,4.267199993,28.95600128,1000.0,24.14400101,0.0,237.5673981,0.449731141,3.0,-5.383979797
3660.0,1.0,1314.0,14212.80762,174.7913055,19.0,6.096000195,0.0,6000.0,19.9144001,17.9144001,235.5384064,0.517585218,7.0,5.858567238
3661.0,1.0,1323.0,11834.51758,84.85765076,17.0,-0.609600008,0.0,1000.0,7.551199913,7.551199913,230.2924805,1.140515685,7.0,-6.529362679
3662.0,1.0,1281.0,9122.105469,324.7479248,27.0,3.96239996,35.66160202,1000.0,44.06880188,7.40719986,271.4511414,1.393992901,7.0,-1.674835205
3663.0,1.0,1245.0,17199.3457,324.259491,53.0,4.87680006,19.50720024,1000.0,56.96239853,37.4552002,234.1791992,0.545446277,3.0,5.388473511
3664.0,1.0,1295.0,7559.540039,89.80988312,23.0,4.267199993,0.0,1000.0,20.2567997,19.2567997,237.8985138,0.519402802,7.0,0.347651482
3665.0,1.0,1295.0,7375.146484,84.84868622,20.0,4.572000027,0.0,1000.0,18.1711998,18.1711998,237.8985138,0.310394496,7.0,0.746785164
3666.0,1.0,1300.0,8696.073242,133.9997559,25.0,3.96239996,0.0,1000.0,20.12319946,20.73279953,248.844101,0.43640238,7.0,0.578239441
3667.0,1.0,1299.0,8271.869141,149.6832123,25.0,3.96239996,0.0,1000.0,21.3423996,21.64719963,231.4979553,0.048816014,7.0,1.36645031
3668.0,1.0,1300.0,8107.567871,276.051178,24.0,3.657599926,0.0,4000.0,20.95199966,20.95199966,231.4979553,0.020577913,7.0,0.228748322
3669.0,1.0,1385.0,5587.145996,857.9667358,13.0,0.304800004,0.0,1000.0,11.1711998,11.1711998,233.0394287,0.156734034,4.0,-2.031339884
3670.0,1.0,1248.0,22794.45898,312.6715698,46.0,2.133599997,15.5447998,8000.0,32.89360046,17.34879875,237.1694336,0.291044533,3.0,-0.668209076
3671.0,1.0,1265.0,10338.0459,541.1519775,55.0,12.49680042,61.87440109,2000.0,83.95600128,23.08160019,282.9859314,0.248967409,3.0,8.28698349
3672.0,1.0,1253.0,10441.77246,108.0707245,53.0,4.267199993,28.65120125,1000.0,58.79119873,30.13999939,359.9572754,2.363241911,3.0,12.6210556
3673.0,1.0,1238.0,6109.936035,270.5470581,39.0,14.32560062,30.17519951,1000.0,48.14400101,13.96879959,230.8865509,0.021616781,3.0,8.675144196
3674.0,1.0,1267.0,8295.729492,667.4888916,47.0,0.0,23.77440071,1000.0,40.90399933,19.73920059,301.0939331,0.402383178,3.0,-8.370243073
3675.0,1.0,1313.0,14242.02344,209.6195831,28.0,6.096000195,0.0,2000.0,28.60960007,23.60960007,297.6777649,0.099053875,7.0,9.247995377
3676.0,1.0,1316.0,16199.51563,430.0176086,24.0,2.43840003,0.0,2000.0,24.0,24.0,262.814209,1.31431222,7.0,6.450942516
3677.0,1.0,1375.0,2121.821533,216.5041199,6.0,-1.219200015,0.0,8000.0,4.780799866,4.780799866,225.4024963,0.247705251,4.0,-2.389989376
3678.0,1.0,1310.0,17080.95703,150.315094,28.0,2.133599997,0.0,1000.0,13.97919941,11.97919941,278.6838074,0.73182565,7.0,2.347824097
3679.0,1.0,1258.0,4272.400879,1112.427246,32.0,9.448800087,25.60320091,1000.0,46.32559967,23.72240067,246.5006866,0.519950151,3.0,3.920183182
3680.0,1.0,1273.0,4873.328125,350.5579834,20.0,11.88720036,5.181600094,1000.0,25.79120064,20.60960007,221.1561584,0.188264996,7.0,6.526212692
3681.0,1.0,1241.0,24653.25977,860.7007446,43.0,1.219200015,12.49680042,1000.0,28.97919846,21.48239899,239.3659363,0.718457758,3.0,1.7629776
3682.0,1.0,1278.0,3300.921387,330.7041931,24.0,-1.828799963,42.36719894,1000.0,52.04160309,9.674399376,327.3754578,1.735420942,7.0,-4.728845596
3683.0,1.0,1281.0,17564.61133,446.0364685,23.0,2.743200064,13.10640049,1000.0,25.7432003,16.63679886,312.8117676,0.651878536,3.0,-4.627645493
3684.0,1.0,1268.0,11282.1709,1371.173462,44.0,0.0,26.51760101,1000.0,35.770401,9.252799988,278.3269653,0.18605271,3.0,-2.593135834
3685.0,1.0,1246.0,24864.51367,446.6940613,42.0,4.267199993,37.79520035,1000.0,63.64080048,25.84560013,440.3450928,1.23361516,7.0,4.427265167
3686.0,1.0,1303.0,9500.512695,149.6834564,21.0,4.572000027,0.0,1000.0,14.5991993,14.5991993,257.5825195,0.335199654,7.0,4.596746445
3687.0,1.0,1286.0,14373.66504,257.8776245,35.0,7.010400295,39.62400055,2000.0,45.66799927,6.043998718,300.0771484,0.386454076,3.0,1.983688354
3688.0,1.0,1286.0,14499.76074,247.8580322,41.0,5.791200161,39.62400055,1000.0,51.36320114,9.043998718,234.8515015,0.605194032,3.0,3.605779648
3689.0,1.0,1333.0,9462.758789,2177.848877,20.0,4.267199993,0.0,1000.0,16.3423996,17.3423996,248.2024078,0.034271847,7.0,-0.717576027
3690.0,1.0,1339.0,418.4828491,216.515274,10.0,3.96239996,0.0,1000.0,9.390399933,9.390399933,231.9176941,0.574381053,7.0,0.756937504
3691.0,1.0,1218.0,3861.892822,240.5053101,27.0,3.96239996,29.87039948,1000.0,61.74720001,34.96239853,219.339386,0.123762235,7.0,2.21931076
3692.0,1.0,1286.0,3968.513916,175.0956879,23.0,5.181600094,8.534399986,1000.0,26.35280037,19.81839943,229.8387451,0.15971005,7.0,2.031306267
3693.0,1.0,1309.0,8144.248047,1331.355225,30.0,6.096000195,0.0,1000.0,11.10239983,14.10239983,290.4796753,1.020014882,4.0,-13.11028481
3694.0,1.0,1331.0,7185.809082,1055.123779,27.0,14.02080059,0.0,1000.0,20.5991993,21.5991993,237.1667175,0.579245687,7.0,4.088064194
3695.0,1.0,1288.0,15783.77832,423.3933411,34.0,5.181600094,37.18560028,2000.0,42.229599,5.043998718,237.1995239,0.184200585,3.0,0.914525986
3696.0,1.0,1239.0,727.0044556,552.1878052,30.0,3.96239996,28.95600128,1000.0,44.93519974,18.97919846,333.7610474,0.947226584,7.0,5.640638351
3697.0,1.0,1270.0,2391.892578,200.9950256,22.0,2.43840003,23.16480064,8000.0,37.23999786,10.77040005,231.3664093,0.691826582,7.0,3.996121407
3698.0,1.0,1232.0,12495.18164,495.9084167,30.0,2.133599997,23.16480064,1000.0,37.31520081,15.15040016,341.1968079,1.570066571,3.0,-3.081188202
3699.0,1.0,1328.0,7582.732422,552.3364868,28.0,7.010400295,10.66800022,1000.0,19.770401,9.40719986,232.4825897,0.142977104,3.0,-1.940820694
3700.0,1.0,1354.0,4019.456055,640.1368408,14.0,0.304800004,0.0,1000.0,11.2567997,11.2567997,274.2567444,0.336631,4.0,-5.396568298
3701.0,1.0,1326.0,2086.769775,212.1420441,9.0,3.352800131,0.0,1000.0,9.914400101,9.914400101,236.5588531,0.261998594,7.0,-0.348490715
3702.0,1.0,1328.0,2081.077148,119.7493439,8.0,0.304800004,0.0,8000.0,7.085599899,7.085599899,225.8521118,0.317521572,4.0,-1.769636393
3703.0,1.0,1360.0,4593.076172,450.2271423,3.0,0.0,0.0,1000.0,0.0,0.0,412.1723022,0.19420208,7.0,-11.31289101
3704.0,1.0,1372.0,2548.154297,342.633728,13.0,0.0,0.0,1000.0,10.86639977,9.866399765,261.2355652,0.158335671,4.0,-5.448432922
3705.0,1.0,1329.0,5607.753906,988.4186401,31.0,11.27760029,0.0,1000.0,24.90399933,21.90399933,221.977066,0.257539272,3.0,1.335493088
3706.0,1.0,1334.0,6823.153809,1076.920776,17.0,3.048000097,0.0,2000.0,14.2567997,14.2567997,255.7847595,0.972806811,7.0,-0.765773773
3707.0,1.0,1354.0,2306.237793,323.5848083,9.0,-0.304800004,0.0,1000.0,6.866399765,5.866399765,226.7545624,0.218833104,4.0,-5.036347866
3708.0,1.0,1234.0,11972.01465,127.2683029,34.0,5.181600094,23.46960068,1000.0,48.93519974,24.46559906,241.2317963,0.367415905,3.0,1.658338547
3709.0,1.0,1241.0,3564.885986,332.0237427,41.0,7.619999886,34.13759995,1000.0,51.97280121,17.83519936,281.2999268,0.059604868,3.0,9.150697708
3710.0,1.0,1336.0,3810.834473,342.6592102,10.0,0.609600008,0.0,1000.0,10.30480003,9.304800034,230.7401733,0.323850006,7.0,-1.840261936
3711.0,1.0,1323.0,6324.879883,270.5706482,7.0,0.0,0.0,1000.0,15.83920002,15.83920002,279.7399902,0.274207145,7.0,-1.465047121
3712.0,1.0,1270.0,3545.652344,1139.162598,22.0,9.144000053,3.96239996,1000.0,27.18160057,23.21920013,331.7507019,0.407544076,7.0,5.307982445
3713.0,1.0,1333.0,4042.821533,218.7968597,8.0,1.219200015,0.0,1000.0,8.0,8.0,240.3826599,0.899025857,4.0,-0.855291367
3714.0,1.0,1273.0,4271.32959,390.3318176,50.0,7.010400295,20.11680031,1000.0,34.76000214,15.64319992,342.0226746,1.240217805,3.0,2.557590485
3715.0,1.0,1316.0,8995.272461,150.0822144,20.0,3.048000097,0.0,1000.0,14.20879936,14.20879936,235.7702332,0.153315827,7.0,0.593174934
3716.0,1.0,1316.0,8995.272461,150.0822144,20.0,3.048000097,0.0,1000.0,14.20879936,14.20879936,235.7702332,0.153315827,7.0,0.593174934
3717.0,1.0,1375.0,2452.335449,269.4765015,9.0,-1.219200015,0.0,4000.0,8.390399933,9.390399933,235.4675598,0.102368228,4.0,-1.793541431
3718.0,1.0,1336.0,1527.680054,886.8600464,14.0,0.609600008,0.0,1000.0,12.1711998,10.86639977,295.9945374,0.79214865,7.0,-1.669423103
3719.0,1.0,1304.0,15878.61914,182.1166687,28.0,3.048000097,0.0,6000.0,24.64719963,22.64719963,261.1990662,0.165778115,7.0,0.481430054
3720.0,1.0,1338.0,1073.410522,120.2506866,6.0,0.0,0.0,1000.0,6.304800034,7.304800034,249.4903259,0.221109286,4.0,-1.933748245
3721.0,1.0,1328.0,2916.670898,67.00043488,8.0,2.743200064,0.0,1000.0,7.390399933,7.390399933,235.4432983,0.088245891,4.0,-1.708212852
3722.0,1.0,1324.0,4523.38916,632.2196655,9.0,2.743200064,0.0,1000.0,17.229599,17.229599,280.082489,0.620214403,7.0,1.963745117
3723.0,1.0,1240.0,3356.959229,482.7882385,25.0,-10.66800022,26.82240105,6000.0,47.25040054,19.4279995,259.2060852,0.385459393,7.0,-9.534916878
3724.0,1.0,1283.0,18369.66797,408.2970886,24.0,14.93519974,26.51760101,1000.0,47.16480255,20.64719963,325.3720703,0.095948942,7.0,11.9849205
3725.0,1.0,1277.0,16210.63867,285.1026001,41.0,6.096000195,60.04560089,1000.0,64.7743988,4.423999786,247.5778198,0.177352324,3.0,-8.009735107
3726.0,1.0,1258.0,7705.784668,430.1537781,39.0,0.304800004,31.08959961,1000.0,45.70560074,14.61599922,268.991394,0.163116708,3.0,1.134929657
3727.0,1.0,1252.0,12058.64746,84.85971832,40.0,3.048000097,28.04160118,2000.0,48.53440094,20.49279976,264.1057739,0.168015227,3.0,0.741783142
3728.0,1.0,1359.0,4826.797852,1293.092896,10.0,0.304800004,0.0,1000.0,4.818399906,4.818399906,533.7050171,0.374607533,4.0,-9.466348648
3729.0,1.0,1410.0,9611.727539,366.4505615,11.0,-0.304800004,0.0,1000.0,9.171199799,9.780799866,223.198822,0.055244572,13.0,-1.310381174
3730.0,1.0,1359.0,4826.797852,1293.092896,10.0,0.304800004,0.0,1000.0,4.818399906,4.818399906,533.7050171,0.374607533,4.0,-9.466348648
3731.0,1.0,1241.0,2352.367188,295.0502319,34.0,8.229599953,28.34640121,1000.0,50.76399994,21.41759872,265.1636047,0.366536707,3.0,8.983394623
3732.0,1.0,1336.0,3832.85376,699.0498047,18.0,3.352800131,0.0,1000.0,13.73279953,13.73279953,245.457016,0.848307729,7.0,-2.120096207
3733.0,1.0,1318.0,8315.27832,334.7976685,21.0,2.743200064,0.0,1000.0,15.81839943,15.81839943,239.8001709,0.224337101,7.0,0.907411575
3734.0,1.0,1296.0,10110.21875,29.93671417,24.0,5.181600094,0.0,1000.0,16.68479919,16.68479919,221.0297546,0.068355024,7.0,3.024835587
3735.0,1.0,1338.0,3783.653809,513.4558716,14.0,3.96239996,0.0,1000.0,12.78079987,12.78079987,232.7592316,0.109643675,7.0,1.647158623
3736.0,1.0,1363.0,1410.429443,426.5650635,7.0,-0.304800004,0.0,1000.0,5.780799866,5.780799866,236.1194458,0.332744151,4.0,-6.893877029
3737.0,1.0,1334.0,4995.805176,433.0302429,14.0,3.048000097,0.0,1000.0,11.86639977,11.86639977,230.6279755,0.170980394,7.0,0.297589302
3738.0,1.0,1263.0,2911.442383,1617.069824,25.0,6.400800228,27.12720108,1000.0,37.49679947,10.3696003,288.6618652,1.734143138,7.0,-1.685031891
3739.0,1.0,1228.0,15543.70898,42.43001556,38.0,6.400800228,22.25040054,1000.0,46.229599,26.97919846,288.1868286,0.467391014,3.0,-3.758729935
3740.0,1.0,1300.0,16448.60742,29.93690491,26.0,4.87680006,0.0,1000.0,22.3423996,21.3423996,233.1505737,0.314715266,7.0,1.692337036
3741.0,1.0,1312.0,16459.55469,210.3703918,21.0,3.352800131,0.304800004,8000.0,24.6576004,24.26720047,237.4761047,1.45021677,7.0,6.680113316
3742.0,1.0,1309.0,4975.955078,684.3757324,27.0,4.572000027,0.0,1000.0,34.01039886,33.01039886,226.2583771,1.577663779,3.0,-2.047154427
3743.0,1.0,1289.0,9446.631836,715.1085205,17.0,2.133599997,0.0,1000.0,25.53440094,27.53440094,280.4572144,0.448502332,7.0,-0.574829102
3744.0,1.0,1239.0,11511.66211,375.4576111,26.0,2.43840003,35.35680008,1000.0,58.61360168,21.2567997,232.2115936,0.271300852,7.0,-0.522686005
3745.0,1.0,1278.0,14611.28223,0.0,52.0,18.89760017,40.84320068,1000.0,52.60960007,11.76639938,477.6255493,1.972509146,3.0,5.21162796
3746.0,1.0,1284.0,17095.16992,228.7977295,45.0,9.144000053,34.74720001,1000.0,47.43840027,12.69120026,216.6577148,0.672441661,3.0,2.561748505
3747.0,1.0,1289.0,8638.485352,299.8084106,18.0,3.048000097,0.0,1000.0,18.60960007,18.60960007,230.1706085,0.411147982,7.0,1.011376381
3748.0,1.0,1310.0,3800.70874,234.4076843,9.0,1.219200015,0.0,1000.0,9.0,10.0,362.5119019,0.031928997,7.0,-1.593736649
3749.0,1.0,1266.0,8312.25,127.2706757,45.0,7.315199852,21.03120041,8000.0,28.54080009,9.509597778,403.8135376,1.520703912,3.0,-0.011764526
3750.0,1.0,1335.0,8274.273438,3219.215576,27.0,8.83920002,0.0,1000.0,21.5135994,21.5135994,269.1835938,0.551180482,7.0,3.214097977
3751.0,1.0,1323.0,2801.634277,330.6732788,11.0,-1.524000049,0.0,1000.0,16.4864006,16.4864006,232.1337738,0.946801126,7.0,-5.482104301
3752.0,1.0,1300.0,9708.833008,179.6202393,32.0,6.400800228,0.0,1000.0,24.68479919,22.68479919,221.0297546,0.487158954,7.0,3.132684708
3753.0,1.0,1265.0,7726.399414,641.7069702,12.0,1.524000049,7.315199852,1000.0,18.70560074,11.39039993,228.3694,0.096935436,6.0,-2.186508179
3754.0,1.0,1236.0,6668.219727,308.5617371,29.0,7.010400295,27.43200111,1000.0,40.27759933,11.54080009,279.2106628,0.509538233,3.0,2.414051056
3755.0,1.0,1292.0,6535.861816,421.8757935,22.0,3.657599926,0.0,1000.0,29.31520081,29.31520081,374.9601746,0.668132126,7.0,-0.986552238
3756.0,1.0,1333.0,1858.362061,473.5757141,17.0,3.657599926,0.0,1000.0,14.86639977,14.86639977,235.4014282,0.348195076,7.0,0.44229126
3757.0,1.0,1339.0,3982.513428,284.1436462,11.0,1.828799963,0.0,1000.0,10.0855999,10.0855999,232.7592316,0.255377233,4.0,-0.596959114
3758.0,1.0,1375.0,1651.167603,416.3916016,12.0,-0.304800004,0.0,1000.0,10.47599983,9.475999832,239.4385376,0.145437464,4.0,-4.12295723
3759.0,1.0,1267.0,12453.61328,211.6968231,45.0,7.619999886,28.65120125,8000.0,31.89360046,2.242401123,609.6442871,0.574038804,3.0,-2.162574768
3760.0,1.0,1284.0,10479.00781,1298.973511,38.0,-0.304800004,0.0,6000.0,18.49279976,18.49279976,280.8893738,0.183944046,3.0,-3.017751694
3761.0,1.0,1242.0,18874.63281,390.8288269,48.0,5.791200161,18.59280014,1000.0,43.73279953,28.13999939,238.7597198,0.649828315,3.0,3.101455688
3762.0,1.0,1232.0,11399.37891,370.4003601,39.0,3.352800131,26.51760101,1000.0,47.83919907,27.01679993,295.6786804,2.027357101,3.0,-0.16910553
3763.0,1.0,1230.0,7867.146973,468.7486267,36.0,6.400800228,28.65120125,1000.0,45.75360107,15.10239983,231.8235931,0.224595398,3.0,-4.850084305
3764.0,1.0,1333.0,2669.49707,216.4985504,11.0,2.43840003,0.0,1000.0,11.60960007,11.60960007,277.9844971,0.701520503,4.0,-0.212347507
3765.0,1.0,1329.0,6188.810547,683.9798584,17.0,5.791200161,0.0,1000.0,12.4279995,14.4279995,271.5907288,0.577427149,7.0,-5.211927414
3766.0,1.0,1331.0,6141.986816,682.8743896,19.0,6.400800228,0.0,8000.0,14.4279995,14.4279995,271.5907288,0.944143951,7.0,-0.424332619
3767.0,1.0,1292.0,4888.270508,818.1852417,27.0,4.267199993,0.0,1000.0,34.01039886,34.92480087,231.599411,0.974841893,7.0,3.548829079
3768.0,1.0,1297.0,7176.685059,108.074295,32.0,1.524000049,15.84959984,1000.0,25.90399933,9.05439949,338.0212097,0.374695987,3.0,-12.0502739
3769.0,1.0,1274.0,30.06397629,685.3360596,37.0,-5.791200161,42.36719894,6000.0,52.5447998,13.17759895,316.0551147,0.275434732,7.0,-10.74887085
3770.0,1.0,1230.0,12932.39648,868.230957,31.0,2.43840003,23.77440071,1000.0,38.92480087,14.84560013,341.1968079,1.624038458,3.0,-1.871431351
3771.0,1.0,1259.0,5427.79834,330.6599121,27.0,8.229599953,22.86000061,1000.0,41.63040161,16.770401,231.7393799,1.160595059,3.0,-2.926710129
3772.0,1.0,1289.0,1380.285889,365.6459045,19.0,0.609600008,0.0,1000.0,11.07520008,11.07520008,380.4082642,0.206170037,4.0,0.288369179
3773.0,1.0,1367.0,1158.726563,692.0018311,11.0,-0.304800004,0.0,1000.0,10.69519997,11.69519997,252.0760498,0.157840043,4.0,-1.116546154
3774.0,1.0,1250.0,2419.91748,295.0516968,38.0,6.096000195,34.13759995,1000.0,52.32559967,13.18799973,270.3901367,1.68284595,7.0,2.105922699
3775.0,1.0,1247.0,14688.04492,530.7937622,29.0,6.400800228,38.10000229,1000.0,67.1000061,30.0,221.4464569,0.090271801,7.0,2.400987625
3776.0,1.0,1276.0,3814.371338,714.1396484,40.0,-0.914399981,37.79520035,8000.0,52.80160141,15.00639915,314.7203979,0.186144993,3.0,-8.393829346
3777.0,1.0,1340.0,4439.941895,270.5586243,16.0,3.048000097,0.0,1000.0,14.78079987,14.78079987,305.2452698,0.645766377,7.0,-0.522563457
3778.0,1.0,1331.0,6252.042969,881.1082764,16.0,6.705600262,0.0,1000.0,11.4279995,13.4279995,271.5907288,0.185947463,7.0,-1.670343399
3779.0,1.0,1281.0,14316.88672,309.2337036,39.0,6.096000195,17.67840004,1000.0,31.98959923,14.31119919,307.5306396,0.112979285,3.0,3.072059631
3780.0,1.0,1285.0,12028.26172,241.3739471,30.0,2.743200064,33.83280182,1000.0,40.66799927,5.835199356,265.0514832,0.167886361,7.0,-3.37673378
3781.0,1.0,1293.0,6256.817871,212.5632019,21.0,14.02080059,12.49680042,1000.0,25.5720005,17.07519913,285.2009277,0.494369805,7.0,7.416666031
3782.0,1.0,1310.0,11590.60547,242.3670807,21.0,6.096000195,0.0,4000.0,17.64719963,17.64719963,219.2509155,0.591009617,7.0,5.001859665
3783.0,1.0,1277.0,1368.467041,42.42424774,12.0,0.0,8.534399986,5000.0,19.92480087,11.39039993,301.0069275,1.422725201,4.0,-8.159694672
3784.0,1.0,1271.0,6268.240723,491.7438965,24.0,10.66800022,3.048000097,1000.0,28.5720005,25.52400017,352.1462402,0.281970024,7.0,6.644422531
3785.0,1.0,1369.0,8020.47998,3577.574951,28.0,1.219200015,0.0,1000.0,19.16080093,20.16080093,287.4716492,1.934497118,3.0,4.149442673
3786.0,1.0,1313.0,14829.23535,300.5455017,22.0,5.791200161,0.0,1000.0,21.69519997,20.69519997,234.6661224,1.427539945,7.0,5.067437172
3787.0,1.0,1287.0,18602.58984,876.4526367,40.0,7.315199852,33.22320175,1000.0,41.52399826,13.91040039,245.3704224,1.060236812,3.0,2.376132965
3788.0,1.0,1348.0,4328.085449,42.4245224,9.0,0.0,0.0,5000.0,9.0,9.0,227.7549591,0.202762127,4.0,-5.87614727
3789.0,1.0,1300.0,7873.833496,228.1490326,23.0,4.267199993,0.0,1000.0,19.95199966,19.95199966,223.6738892,0.441864222,7.0,0.861128807
3790.0,1.0,1223.0,20478.32617,510.5490417,37.0,8.83920002,33.52799988,1000.0,58.33599854,24.19839859,251.7813721,0.194095224,7.0,1.619646072
3791.0,1.0,1271.0,4896.568359,481.9502869,30.0,2.133599997,21.94560051,1000.0,37.61999893,15.67439938,236.6221466,1.025155902,7.0,4.551315308
3792.0,1.0,1277.0,1652.26355,300.1638184,19.0,-0.914399981,8.83920002,1000.0,27.229599,17.39039993,301.0069275,0.626454413,4.0,-6.203595638
3793.0,1.0,1278.0,3839.320801,212.1216888,20.0,5.486400127,7.315199852,1000.0,24.5720005,19.2567997,232.5206146,0.33195436,7.0,2.013543129
3794.0,1.0,1292.0,8724.182617,95.01381683,20.0,1.524000049,9.753600121,8000.0,14.81839943,6.455200195,264.5388489,0.393248051,3.0,-0.997392654
3795.0,1.0,1333.0,2142.638672,276.0699158,10.0,0.914399981,0.0,1000.0,10.60960007,9.609600067,265.9275208,0.159110472,4.0,-0.010959148
3796.0,1.0,1277.0,11245.45508,228.7969971,47.0,3.048000097,80.46720123,1000.0,97.90159607,14.12960052,368.5458069,0.53821677,3.0,1.055194855
3797.0,1.0,1274.0,67.1720047,276.045166,42.0,-5.791200161,45.11040115,6000.0,59.67839813,14.56799889,288.9666443,0.242187873,7.0,-11.72474289
3798.0,1.0,1274.0,67.1720047,284.108429,43.0,-5.791200161,45.11040115,6000.0,60.67839813,15.56799889,288.9666443,0.242187873,7.0,-11.22535133
3799.0,1.0,1278.0,2717.879883,228.1305237,19.0,4.572000027,11.27760029,1000.0,28.44879913,16.1711998,245.6382751,0.007829502,7.0,-0.725481987
3800.0,1.0,1298.0,5346.029297,495.601532,20.0,7.010400295,0.0,1000.0,26.09600067,24.09600067,374.0749207,0.637288809,3.0,5.958631516
3801.0,1.0,1272.0,6108.724121,189.4210815,27.0,4.572000027,17.67840004,1000.0,36.75360107,19.07519913,289.9687195,1.333338141,7.0,3.112971306
3802.0,1.0,1372.0,1353.998657,902.2487183,7.0,-0.304800004,0.0,1000.0,5.475999832,5.475999832,302.1651611,0.125208184,4.0,-5.197321892
3803.0,1.0,1325.0,6126.101074,120.2529755,7.0,0.0,0.0,1000.0,14.31519985,14.31519985,256.9290466,0.37819308,4.0,-2.33625412
3804.0,1.0,1240.0,2977.452148,360.7388,54.0,9.753600121,28.95600128,1000.0,63.14400101,35.8832016,441.2489014,1.877786398,3.0,13.13906097
3805.0,1.0,1271.0,10437.63965,123.4748077,31.0,0.914399981,26.21280098,1000.0,50.20240021,24.98959923,286.2864685,1.52489686,7.0,3.895093918
3806.0,1.0,1243.0,523.1835938,241.4030151,25.0,2.43840003,32.30879974,1000.0,36.58240128,4.273599625,387.1319275,1.935385585,7.0,0.139200211
3807.0,1.0,1336.0,9474.314453,228.1520538,14.0,1.219200015,0.0,1000.0,15.52400017,14.52400017,216.4911499,0.70922786,7.0,-0.323232651
3808.0,1.0,1273.0,10598.80957,89.80903625,5.0,-3.657599926,8.229599953,1000.0,17.49679947,9.26720047,317.8522644,0.071083389,4.0,-3.356059551
3809.0,1.0,1243.0,16521.35156,201.5158234,54.0,1.828799963,20.42160034,1000.0,54.0,33.57839966,395.9024353,0.537146628,3.0,6.921066284
3810.0,1.0,1360.0,3761.84668,657.84021,6.0,0.0,0.0,1000.0,2.951999903,3.951999903,236.9277649,0.259414047,4.0,-10.10291862
3811.0,1.0,1282.0,12972.9209,94.70368195,34.0,5.181600094,22.86000061,1000.0,34.30479813,11.44479942,292.848114,0.302088559,7.0,1.677963257
3812.0,1.0,1230.0,11454.96875,277.0877075,37.0,7.619999886,27.43200111,1000.0,46.44879913,18.01679993,279.8093567,0.406968981,3.0,-0.399087906
3813.0,1.0,1300.0,10571.11035,120.2540741,27.0,5.486400127,0.0,1000.0,17.24639893,18.24639893,233.7348633,0.030689936,7.0,3.598861694
3814.0,1.0,1366.0,1305.615356,361.9508972,14.0,-0.304800004,0.0,8000.0,13.39039993,14.39039993,236.87117,0.115812138,4.0,-3.564189911
3815.0,1.0,1279.0,18219.4082,605.4678345,38.0,2.743200064,57.3024025,1000.0,59.03120041,1.728797913,312.1064453,0.234230325,3.0,-4.386722565
3816.0,1.0,1332.0,3996.003174,914.6935425,11.0,-0.914399981,0.0,1000.0,12.52400017,11.52400017,239.3561249,0.802726686,7.0,-1.329099655
3817.0,1.0,1279.0,2556.450439,234.3858032,23.0,8.229599953,9.448800087,1000.0,28.18160057,18.73279953,228.6552124,0.266420335,7.0,3.383713722
3818.0,1.0,1279.0,2585.200195,191.9951172,23.0,7.924799919,9.448800087,1000.0,28.18160057,19.73279953,228.6552124,0.20693177,7.0,3.722058296
3819.0,1.0,1335.0,4623.84082,489.3085022,19.0,6.096000195,0.0,1000.0,11.68480015,12.68480015,364.0102234,0.496834278,7.0,-2.902585983
3820.0,1.0,1328.0,3056.37793,239.4989014,8.0,2.743200064,0.0,1000.0,7.695199966,6.695199966,235.4432983,0.2335594,4.0,-1.058913231
3821.0,1.0,1318.0,3422.213623,268.6603699,10.0,-0.609600008,0.0,1000.0,11.21920013,6.219200134,244.3155823,0.514379263,7.0,-1.228323221
3822.0,1.0,1330.0,9152.543945,2114.555176,32.0,10.66800022,0.0,1000.0,26.20879936,26.20879936,249.4363251,0.860553503,7.0,2.402332306
3823.0,1.0,1292.0,2963.019287,84.84859467,21.0,5.791200161,0.0,1000.0,27.4008007,28.4008007,238.5195007,0.523538053,7.0,1.728934288
3824.0,1.0,1244.0,365.9748535,360.5394592,24.0,2.43840003,32.91839981,1000.0,35.27759933,2.359199524,329.3190613,0.656425357,7.0,1.427000046
3825.0,1.0,1331.0,6400.658203,945.4314575,17.0,6.705600262,0.0,8000.0,12.4279995,12.4279995,261.2958679,0.50688827,7.0,-2.846211433
3826.0,1.0,1335.0,8493.076172,3478.456543,22.0,8.534399986,0.0,1000.0,16.5135994,16.5135994,238.0304871,0.497525573,7.0,1.296033859
3827.0,1.0,1274.0,94.71143341,731.7354126,42.0,-5.791200161,43.28160095,6000.0,58.15439987,15.17759895,316.0551147,0.231223673,7.0,-10.73108101
3828.0,1.0,1282.0,13552.17676,108.24897,37.0,5.791200161,22.55520058,1000.0,36.08560181,15.53039932,301.236969,0.13501659,3.0,2.62638855
3829.0,1.0,1252.0,12213.4834,84.85971832,45.0,3.048000097,28.04160118,2000.0,53.53440094,25.49279976,264.1057739,0.424035877,3.0,0.834049225
3830.0,1.0,1253.0,15481.47656,0.0,44.0,5.181600094,18.28800011,1000.0,26.62639999,6.728797913,233.9592133,0.198488161,3.0,2.114360809
3832.0,1.0,1307.0,2338.699951,671.6533203,18.0,10.05840015,0.0,1000.0,23.18160057,26.18160057,368.2546997,0.585137188,7.0,5.427268028
3833.0,1.0,1334.0,5947.130859,1762.197266,24.0,10.66800022,0.0,1000.0,15.46560001,17.46559906,391.2790222,0.557412624,7.0,0.513954163
3834.0,1.0,1286.0,14886.63184,371.7644653,43.0,7.315199852,32.00400162,1000.0,47.26720047,15.26319885,222.2220306,0.473799735,3.0,4.257196426
3835.0,1.0,1285.0,17035.76758,228.1497955,44.0,10.66800022,28.65120125,1000.0,42.78079987,16.12960052,303.6693726,0.545277417,3.0,8.426525116
3836.0,1.0,1285.0,13306.71289,84.84770203,38.0,7.924799919,29.56559944,1000.0,42.87680054,14.31119919,305.6318054,0.569451451,3.0,2.909994125
3837.0,1.0,1291.0,9877.246094,133.9990997,14.0,0.609600008,0.0,6000.0,19.4864006,19.4864006,234.7141266,0.552856028,7.0,-1.974705219
3838.0,1.0,1275.0,3949.692383,830.8688354,40.0,-0.304800004,37.79520035,8000.0,52.80160141,15.00639915,274.2779236,0.863207579,3.0,-8.527996063
3839.0,1.0,1250.0,17460.26953,483.2485352,42.0,3.96239996,25.90800095,2000.0,53.8871994,27.2840004,228.6867218,0.101908609,3.0,-1.42457962
3840.0,1.0,1246.0,5299.414063,657.9244995,24.0,1.524000049,28.04160118,1000.0,45.03120041,17.98959923,313.7781982,0.801929295,7.0,7.868131638
3841.0,1.0,1270.0,3858.043457,1279.867798,14.0,-1.524000049,29.26079941,4000.0,48.74720001,17.4864006,304.9753723,0.32729575,7.0,1.861870766
3842.0,1.0,1232.0,5899.905273,285.051239,30.0,10.05840015,25.90800095,1000.0,44.32559967,16.41759872,242.6458282,0.978849471,3.0,6.276424408
3843.0,1.0,1303.0,10873.80273,153.2697906,28.0,3.048000097,0.0,8000.0,15.50319958,19.50320053,235.0126953,0.238836825,3.0,-1.346130371
3844.0,1.0,1372.0,2637.335205,390.7586365,9.0,0.0,0.0,1000.0,6.561599731,9.866399765,261.2355652,0.108752131,4.0,-5.193660736
3845.0,1.0,1354.0,4019.456055,640.1368408,14.0,0.304800004,0.0,1000.0,11.2567997,11.2567997,274.2567444,0.336631,4.0,-5.396568298
3846.0,1.0,1315.0,8352.084961,480.9511719,18.0,2.743200064,0.0,1000.0,12.5135994,12.5135994,239.9878845,0.783346832,7.0,-1.314245224
3847.0,1.0,1360.0,3975.000732,324.2427979,4.0,-0.304800004,0.0,1000.0,0.951999903,0.951999903,223.5484924,0.231211916,4.0,-10.10535908
3848.0,1.0,1280.0,1719.318848,66.99981689,29.0,-5.181600094,32.61360168,1000.0,46.67839813,14.06480026,245.1032257,0.31470257,7.0,2.725072861
3849.0,1.0,1236.0,28686.22656,947.1259766,54.0,1.524000049,19.50720024,1000.0,57.6576004,37.15039825,320.1103516,5.551911354,3.0,15.96142578
3850.0,1.0,1279.0,7454.84375,534.434021,32.0,2.133599997,0.0,6000.0,20.41759872,21.41759872,288.162384,0.744164228,3.0,-2.628929138
3851.0,1.0,1300.0,7758.154297,239.492981,22.0,4.572000027,0.0,8000.0,19.86639977,19.86639977,223.6738892,0.116575144,7.0,-0.3598032
3852.0,1.0,1274.0,13805.7207,60.11745453,24.0,0.0,13.10640049,1000.0,35.27759933,22.47599983,238.4226227,0.097400412,7.0,-5.488870621
3853.0,1.0,1284.0,15355.67188,212.1465912,35.0,3.048000097,15.84959984,1000.0,38.96239853,23.1128006,335.2365723,3.806319237,3.0,16.86548424
3854.0,1.0,1300.0,16578.01563,0.0,26.0,4.267199993,0.0,5000.0,22.3423996,22.3423996,241.0432281,0.598775029,7.0,1.588094711
3855.0,1.0,1234.0,19673.33984,216.1449432,27.0,7.924799919,34.44240189,1000.0,57.47999954,23.03759956,215.9760132,0.095026374,7.0,0.642499924
3856.0,1.0,1328.0,5577.072754,323.5933533,8.0,0.914399981,0.0,8000.0,14.70560074,16.70560074,270.9486084,0.416720033,4.0,-1.318939447
3857.0,1.0,1235.0,6017.914063,149.9029999,36.0,9.448800087,27.73680115,1000.0,46.66799927,18.93120003,285.0740662,0.164603502,3.0,3.912628174
3858.0,1.0,1231.0,10101.9502,258.2200012,36.0,7.619999886,28.34640121,1000.0,46.0583992,17.71199989,239.8840027,0.18978563,3.0,-0.480077744
3859.0,1.0,1274.0,417.1717224,646.3607178,36.0,-6.096000195,43.89120102,6000.0,52.76399994,9.87279892,288.9666443,0.220071793,7.0,-11.69109917
3860.0,1.0,1280.0,10135.06934,152.6745453,26.0,4.572000027,42.97679901,1000.0,45.50720215,6.530399323,259.3477478,0.414889693,3.0,-0.444858551
3862.0,1.0,1302.0,5565.578613,351.7047729,7.0,0.0,16.15439987,1000.0,17.97280121,1.818399906,349.5238037,0.634729624,7.0,-8.940128326
3863.0,1.0,1280.0,10135.06934,152.6745453,26.0,4.572000027,42.97679901,1000.0,45.50720215,6.530399323,259.3477478,0.414889693,3.0,-0.444858551
3864.0,1.0,1280.0,10798.84961,212.1196442,29.0,4.87680006,41.14799881,2000.0,48.20240021,4.05439949,263.6363525,0.359178782,7.0,-1.890790939
3865.0,1.0,1246.0,15548.87012,152.6665649,47.0,3.96239996,21.94560051,1000.0,50.96239853,29.01679993,310.3918152,0.363394052,3.0,3.249645233
3866.0,1.0,1328.0,2305.893555,1237.310059,27.0,3.352800131,0.0,1000.0,50.46960068,50.46960068,237.0063019,1.633993983,3.0,5.824843407
3867.0,1.0,1246.0,6188.156738,334.9872437,20.0,-2.133599997,27.73680115,1000.0,43.7743988,14.03759956,239.750885,0.602994323,7.0,1.343420029
3868.0,1.0,1275.0,1480.696899,574.3536377,39.0,-3.96239996,40.53839874,1000.0,53.93519974,14.39679909,244.8412018,0.522092402,3.0,-6.030635834
3869.0,1.0,1292.0,4382.9375,149.9190063,21.0,5.181600094,0.0,1000.0,26.18160057,28.18160057,225.5577545,0.351591349,7.0,1.717140198
3870.0,1.0,1269.0,6868.643066,351.6894836,34.0,4.572000027,21.33600044,1000.0,48.02080154,26.68479919,238.5118866,1.74920094,3.0,8.507415771
3871.0,1.0,1275.0,277.11203,330.6726685,32.0,-4.87680006,54.86400223,6000.0,59.43199921,11.56799889,271.5444946,0.25562498,7.0,-16.04966736
3872.0,1.0,1240.0,5017.972168,483.2063904,40.0,14.02080059,32.00400162,1000.0,49.44879913,16.44479942,284.9611511,0.404563844,3.0,12.82328415
3873.0,1.0,1278.0,2131.366699,313.7067261,20.0,4.572000027,0.0,1000.0,31.8871994,28.8871994,419.7911072,1.39460659,3.0,2.049859047
3874.0,1.0,1330.0,7116.693848,1288.736328,16.0,4.572000027,0.0,1000.0,12.95199966,12.95199966,292.3603516,0.204017162,7.0,-1.892664909
3875.0,1.0,1290.0,10850.4209,201.4949188,17.0,3.657599926,0.0,1000.0,23.09600067,24.09600067,259.5047302,0.164334372,7.0,3.124401093
3876.0,1.0,1242.0,2663.461914,212.1508026,40.0,7.924799919,28.65120125,1000.0,57.67839813,31.02719879,238.9450226,0.39893195,3.0,12.2538662
3877.0,1.0,1373.0,4940.689941,552.1956177,16.0,2.133599997,0.0,1000.0,12.64719963,12.64719963,267.8779297,0.271612376,7.0,-4.231311321
3879.0,1.0,1285.0,14216.01465,180.3833771,48.0,8.83920002,27.43200111,1000.0,48.60960007,22.70159912,301.4480286,0.052107282,3.0,7.391508102
3880.0,1.0,1235.0,7092.739258,390.3688965,26.0,3.96239996,27.43200111,1000.0,47.64080048,22.20879936,233.5659637,1.240321279,3.0,6.62779808
3881.0,1.0,1283.0,4245.526855,60.12708282,45.0,3.352800131,16.15439987,1000.0,28.84560013,11.99599838,238.8661804,0.043032967,3.0,-1.741123199
3882.0,1.0,1225.0,15143.11133,514.5505981,38.0,4.87680006,21.94560051,1000.0,45.92480087,24.67440033,299.1457825,1.184096098,3.0,2.897647858
3883.0,1.0,1330.0,3903.46582,42.42842102,10.0,-0.609600008,0.0,5000.0,10.0,10.0,235.4432983,0.194048554,7.0,-1.583646297
3884.0,1.0,1253.0,21451.80273,582.006958,46.0,5.791200161,35.05200195,1000.0,66.72640228,23.67440033,299.1077271,0.351890445,3.0,1.328723907
3885.0,1.0,1337.0,8739.348633,3089.065918,31.0,9.448800087,0.0,1000.0,18.19839859,18.19839859,364.596344,0.853346348,7.0,-2.812356949
3886.0,1.0,1325.0,4795.845215,323.6134338,22.0,11.27760029,0.0,1000.0,29.61999893,29.61999893,232.6618042,0.87425667,7.0,11.09742928
3887.0,1.0,1325.0,4795.845215,323.6134338,22.0,11.27760029,0.0,1000.0,29.61999893,29.61999893,232.6618042,0.87425667,7.0,11.09742928
3888.0,1.0,1334.0,5606.194824,473.9740295,15.0,0.0,0.0,1000.0,18.96240044,18.96240044,230.4383545,0.721923709,7.0,-2.62212944
3889.0,1.0,1363.0,7189.074707,1502.939575,38.0,-0.609600008,0.0,1000.0,33.12319946,32.12319946,213.1190033,0.947998285,7.0,15.42184639
3890.0,1.0,1336.0,1187.99939,891.2563477,21.0,5.791200161,0.0,1000.0,20.0855999,20.0855999,244.076416,1.538825393,7.0,-0.200544357
3891.0,1.0,1286.0,6905.004883,90.19110107,17.0,3.352800131,0.0,1000.0,16.39039993,19.39039993,216.4268494,0.791576624,7.0,0.349438667
3892.0,1.0,1272.0,2354.509521,685.3363037,47.0,-3.048000097,39.01440048,1000.0,60.7159996,21.70159912,287.3370667,0.62793678,3.0,-5.166103363
3893.0,1.0,1354.0,2929.168945,631.5280762,9.0,0.0,0.0,1000.0,5.951999664,5.951999664,222.869339,0.27774927,4.0,-5.226303577
3894.0,1.0,1276.0,3500.612305,134.3416443,10.0,3.048000097,10.66800022,1000.0,18.83919907,9.171199799,252.7656097,0.521548867,7.0,-3.097322464
3895.0,1.0,1228.0,14902.07129,149.9026184,32.0,6.096000195,18.89760017,6000.0,37.4864006,21.58879852,283.144928,1.790047407,3.0,-3.132162094
3896.0,1.0,1332.0,6245.945801,1755.616821,24.0,10.05840015,0.0,1000.0,13.33199978,14.33199978,321.4866028,0.660412014,7.0,-2.467506409
3897.0,1.0,1283.0,2589.187012,134.3294525,20.0,4.267199993,0.0,1000.0,28.229599,31.229599,232.0973511,0.131514177,7.0,-0.581804276
3898.0,1.0,1267.0,4734.166504,179.6182556,15.0,4.267199993,5.791200161,1000.0,20.79120064,14.0,218.8709106,0.028687179,7.0,0.556091309
3899.0,1.0,1344.0,4905.773438,1868.945068,17.0,2.43840003,0.0,1000.0,14.2567997,13.2567997,318.4229431,0.91606164,7.0,-1.465145111
3900.0,1.0,1323.0,3622.415283,300.1905212,5.0,1.219200015,0.0,1000.0,12.01040077,13.01040077,301.6283569,0.383077025,7.0,-0.550322533
3901.0,1.0,1239.0,26211.89063,766.3338623,44.0,3.96239996,41.14799881,1000.0,77.22320557,35.98960114,262.4720764,0.052339166,3.0,-0.121284485
3902.0,1.0,1259.0,6034.767578,95.02575684,39.0,-2.43840003,46.63439941,1000.0,57.89759827,11.26319885,349.8493042,2.546025515,3.0,-3.738307953
3903.0,1.0,1295.0,7724.366211,119.746521,28.0,4.267199993,0.0,1000.0,25.2567997,25.2567997,223.6738892,0.393118232,7.0,1.002829552
3904.0,1.0,1301.0,7950.847168,89.80986786,26.0,5.181600094,0.0,6000.0,23.2567997,24.56159973,211.7040558,0.256219715,7.0,1.516295433
3905.0,1.0,1282.0,4719.836914,770.1662598,36.0,0.914399981,42.36719894,1000.0,62.51760101,20.15040016,298.9833679,0.10453888,7.0,0.855236053
3906.0,1.0,1293.0,5401.053711,191.9951935,29.0,4.87680006,0.0,6000.0,31.7432003,31.7432003,212.4034729,0.180441752,7.0,1.44395256
3907.0,1.0,1323.0,10628.12793,787.6809692,20.0,3.352800131,0.0,1000.0,12.07520008,12.07520008,223.0612488,0.420011997,7.0,0.593759537
3908.0,1.0,1309.0,6418.440918,150.3100739,37.0,10.36320019,0.0,2000.0,15.35919952,20.35919952,414.1765442,0.116493911,3.0,-8.732719421
3909.0,1.0,1360.0,436.0656738,254.5475616,13.0,-1.524000049,0.0,1000.0,10.86639977,10.47599983,235.4260101,0.10023436,4.0,-3.72555995
3910.0,1.0,1275.0,3949.692383,830.8688354,40.0,-0.304800004,37.79520035,8000.0,52.80160141,15.00639915,274.2779236,0.863207579,3.0,-8.527996063
3911.0,1.0,1275.0,3949.692383,830.8688354,40.0,-0.304800004,37.79520035,8000.0,52.80160141,15.00639915,274.2779236,0.863207579,3.0,-8.527996063
3912.0,1.0,1297.0,15206.48633,580.291687,12.0,7.010400295,18.28800011,1000.0,24.19200134,6.903999805,451.3728638,0.587819636,7.0,2.523556709
3913.0,1.0,1323.0,3214.19043,67.16465759,7.0,0.0,0.0,1000.0,14.01040077,16.01040077,274.6452942,0.201509967,7.0,-0.846617699
3914.0,1.0,1267.0,4858.015625,606.9550781,16.0,4.267199993,5.791200161,1000.0,21.79120064,14.0,259.136261,0.161756903,7.0,1.150671005
3915.0,1.0,1330.0,10161.6875,306.5283508,19.0,3.352800131,0.0,1000.0,19.9144001,18.9144001,229.7906342,0.210887298,7.0,3.116796494
3916.0,1.0,1281.0,5059.314941,153.2684174,29.0,11.27760029,54.25440216,1000.0,71.06240082,16.80799866,225.5590515,0.023735713,7.0,2.315631866
3917.0,1.0,1228.0,14057.04785,149.6921844,40.0,7.010400295,21.64080048,1000.0,47.31520081,25.67440033,305.2037964,0.196173385,3.0,-0.531925201
3918.0,1.0,1233.0,3098.576416,332.007019,14.0,-2.743200064,22.55520058,1000.0,35.94560242,12.39039993,283.7400208,1.109915853,7.0,1.558999062
3919.0,1.0,1288.0,14493.89453,309.2000732,42.0,7.010400295,39.62400055,1000.0,52.36320114,15.04399872,234.8515015,0.831260085,3.0,3.166561127
3920.0,1.0,1242.0,2677.466797,29.93998718,34.0,5.181600094,29.26079941,1000.0,51.98320007,22.72240067,301.2447205,1.263002396,3.0,3.665076256
3921.0,1.0,1241.0,2324.156006,218.7668304,29.0,7.924799919,28.65120125,1000.0,45.76399994,15.11279964,250.7127228,0.019704727,3.0,9.120910645
3922.0,1.0,1354.0,2876.46582,350.1689453,7.0,0.0,0.0,1000.0,3.951999903,3.951999903,233.5835571,0.138881773,4.0,-6.014975548
3923.0,1.0,1289.0,4917.455566,212.15065,21.0,9.144000053,0.0,1000.0,26.79120064,26.79120064,287.3259583,1.014520645,3.0,8.519086838
3924.0,1.0,1300.0,7432.214355,161.3021545,25.0,4.87680006,0.0,8000.0,23.47599983,19.47599983,223.6738892,0.187562272,7.0,1.689436913
3925.0,1.0,1284.0,4761.510742,272.2219238,21.0,5.486400127,7.010400295,1000.0,24.04800034,17.03759956,236.8690338,0.30299297,7.0,0.979707718
3926.0,1.0,1281.0,3689.469238,254.543869,30.0,7.010400295,44.19599915,2000.0,60.17520142,10.97919941,251.7801666,0.598787606,7.0,-0.811517715
3927.0,1.0,1187.0,51964.26172,59.87432098,12.0,-3.96239996,12.49680042,1000.0,52.23360062,39.73680115,234.094574,0.13746798,2.0,2.234128475
3928.0,1.0,1337.0,2137.4375,218.7962494,7.0,1.219200015,0.0,1000.0,7.304800034,7.304800034,277.1060181,0.79433316,4.0,-2.277017117
3929.0,1.0,1231.0,9702.69043,241.6365662,37.0,8.229599953,28.34640121,1000.0,47.66799927,20.32159996,238.6125488,0.065520495,3.0,0.865282059
3930.0,1.0,1272.0,2505.741211,525.2783813,47.0,-2.743200064,38.70960236,1000.0,60.7159996,23.00639915,314.513092,0.392787755,3.0,-4.350608826
3931.0,1.0,1223.0,23427.08203,108.0886765,34.0,5.791200161,21.03120041,8000.0,47.10639954,27.46559906,294.263855,0.221477494,3.0,6.948822021
3932.0,1.0,1288.0,16789.66211,312.644043,40.0,5.791200161,36.27120209,1000.0,46.70560074,12.43440056,293.2263794,1.440922379,3.0,6.807184219
3933.0,1.0,1280.0,10135.06934,152.6745453,26.0,4.572000027,42.97679901,1000.0,45.50720215,6.530399323,259.3477478,0.414889693,3.0,-0.444858551
3934.0,1.0,1323.0,2030.342285,190.0633698,9.0,0.0,0.0,1000.0,12.6576004,11.6576004,275.8905334,0.234138995,7.0,-2.100338459
3935.0,1.0,1266.0,16679.83789,362.9792175,46.0,1.828799963,29.87039948,1000.0,35.9416008,9.071201324,319.5067749,0.610043764,3.0,-4.491153717
3936.0,1.0,1280.0,12225.80859,174.7441101,39.0,4.572000027,37.18560028,1000.0,41.13359833,5.947998047,244.6086426,0.295655698,3.0,-5.143138885
3937.0,1.0,1281.0,3338.340576,724.003418,47.0,7.924799919,20.42160034,1000.0,52.4864006,31.06480026,343.5727539,1.009475112,3.0,19.80401039
3938.0,1.0,1281.0,12743.46973,123.4578323,30.0,1.828799963,21.33600044,1000.0,29.39039993,10.05439949,269.046814,0.379963517,7.0,-1.028865814
3939.0,1.0,1291.0,8280.672852,1348.621216,30.0,2.133599997,0.0,2000.0,20.55120087,24.55120087,253.1447144,0.463092566,4.0,1.594257355
3940.0,1.0,1286.0,4750.085938,643.3237915,34.0,2.743200064,0.0,1000.0,46.19200134,46.19200134,358.0193787,1.250196099,3.0,11.55138683
3941.0,1.0,1280.0,10768.52344,90.19171143,31.0,3.96239996,41.14799881,1000.0,50.50720215,8.05439949,263.6363525,0.191062778,7.0,-0.791202545
3942.0,1.0,1285.0,19952.80664,569.5784912,42.0,8.534399986,53.03520203,6000.0,71.56559753,18.31119919,297.702301,0.410596788,3.0,3.27803421
3943.0,1.0,1282.0,3240.428467,309.2017822,18.0,4.572000027,12.49680042,1000.0,27.44879913,14.95199966,260.5074768,0.344860017,7.0,0.531626701
3944.0,1.0,1286.0,10646.3877,588.3151855,50.0,3.048000097,13.10640049,7000.0,21.34879875,6.242401123,379.4779663,3.128943205,3.0,14.27088547
3945.0,1.0,1327.0,7174.219727,568.3688965,23.0,5.181600094,0.0,1000.0,32.75360107,32.75360107,382.5708008,1.889791131,3.0,-2.130004883
3946.0,1.0,1412.0,9626.706055,605.6174316,16.0,-0.304800004,0.0,1000.0,14.1711998,14.1711998,223.198822,0.084279388,13.0,-1.388631821
3947.0,1.0,1270.0,5876.376953,721.289856,18.0,7.924799919,3.352800131,1000.0,22.87680054,20.52400017,334.4902649,0.168985277,7.0,2.964812279
3948.0,1.0,1341.0,2680.345459,785.0532227,17.0,4.572000027,0.0,1000.0,16.0855999,16.0855999,232.1338806,0.184916779,7.0,3.918772697
3949.0,1.0,1351.0,10946.2207,425.0513,32.0,3.048000097,10.66800022,1000.0,26.20879936,15.84560013,328.1806946,2.788007498,3.0,4.611248016
3950.0,1.0,1230.0,10768.74512,638.0380859,35.0,5.181600094,27.12720108,1000.0,47.80160141,20.67440033,244.4471436,0.408333302,3.0,1.840358734
3951.0,1.0,1319.0,19233.7832,133.9902039,22.0,2.43840003,0.0,1000.0,11.33199978,8.331999779,226.2431641,0.352427512,7.0,3.320861816
3952.0,1.0,1359.0,1300.231201,391.4645386,6.0,-0.914399981,0.0,8000.0,3.866400003,4.866399765,213.4582977,0.14990595,4.0,-3.02927351
3953.0,1.0,1280.0,12783.56445,573.1101074,20.0,3.657599926,14.32560062,6000.0,29.75360107,18.4279995,264.9631653,0.750682056,7.0,-7.046762466
3954.0,1.0,1334.0,4774.069336,523.1845093,52.0,21.94560051,0.0,1000.0,35.84560013,29.84560013,253.268219,0.349875867,4.0,-16.29516411
3955.0,1.0,1342.0,2491.058838,0.0,15.0,0.0,0.0,1000.0,16.52400017,16.52400017,236.2505493,0.203475103,4.0,-4.324058533
3956.0,1.0,1336.0,1088.200439,313.7399597,13.0,1.219200015,0.0,1000.0,11.47599983,10.47599983,268.3748779,0.409236908,7.0,-2.721123695
3957.0,1.0,1331.0,6356.675293,969.7272949,18.0,6.705600262,0.0,1000.0,13.4279995,11.4279995,261.2958679,0.750028193,7.0,-1.529561996
3958.0,1.0,1283.0,10163.76074,216.1692047,25.0,3.96239996,0.0,2000.0,36.58240128,36.58240128,334.9155884,0.48797223,7.0,-2.072961807
3959.0,1.0,1365.0,9622.234375,4497.280273,40.0,4.572000027,3.96239996,1000.0,36.3423996,34.38000107,295.4468384,0.197064146,3.0,11.72439384
3960.0,1.0,1371.0,10205.11328,1078.369995,28.0,-2.133599997,0.0,1000.0,27.0855999,30.0855999,451.3659668,1.610545397,3.0,3.555215836
3961.0,1.0,1355.0,1484.096802,523.0115356,7.0,-0.609600008,0.0,1000.0,5.171199799,8.171199799,271.0863647,0.097112566,4.0,-3.970399141
3962.0,1.0,1377.0,2955.897461,241.639267,17.0,0.0,0.0,1000.0,15.78079987,16.78079987,251.5667877,0.09528695,4.0,-1.978906393
3963.0,1.0,1394.0,8904.859375,951.7911377,14.0,2.743200064,0.0,1000.0,12.47599983,12.47599983,256.6684875,0.104532942,13.0,0.992088318
3964.0,1.0,1262.0,12268.22949,588.2931519,54.0,13.71600056,60.95999908,2000.0,87.52799988,26.56799889,238.7511749,0.432045609,3.0,0.92565155
3965.0,1.0,1306.0,13165.6748,283.2952271,19.0,4.87680006,0.0,1000.0,19.0,21.0,229.5915222,0.379831761,7.0,2.931054115
3966.0,1.0,1226.0,20164.03516,351.7146912,48.0,11.58240032,24.68880081,8000.0,59.58240128,34.89360046,380.4937134,0.477452725,3.0,13.59904861
3967.0,1.0,1231.0,7121.662109,108.0740738,28.0,7.010400295,28.95600128,1000.0,37.44879913,8.492799759,234.6473236,0.055360578,3.0,-0.44688797
3968.0,1.0,1286.0,4051.34375,218.7913513,21.0,5.181600094,8.534399986,1000.0,24.35280037,15.81839943,229.8387451,0.206924468,7.0,1.487419128
3969.0,1.0,1300.0,7729.723633,59.87323761,21.0,5.181600094,0.0,5000.0,18.56159973,18.56159973,223.6738892,0.167850271,7.0,2.405942917
3970.0,1.0,1258.0,7881.059082,90.17801666,28.0,4.87680006,13.41120052,1000.0,40.49679947,27.0855999,335.7288208,0.923981905,3.0,-2.898788452
3971.0,1.0,1244.0,5970.484863,175.1066742,23.0,-1.524000049,27.73680115,1000.0,44.94560242,17.20879936,293.8355103,1.239270329,7.0,4.231082916
3972.0,1.0,1342.0,7890.274902,550.7744141,27.0,3.96239996,0.0,1000.0,43.459198,43.459198,238.4464874,1.463852644,3.0,0.328720093
3973.0,1.0,1351.0,1997.831421,426.5684204,10.0,-0.304800004,0.0,8000.0,9.390399933,9.390399933,214.5054779,0.262915134,4.0,-4.10211277
3974.0,1.0,1242.0,7150.528809,350.2169189,39.0,1.524000049,28.04160118,8000.0,39.30479813,11.26319885,294.983429,1.341616392,3.0,0.744239807
3975.0,1.0,1271.0,1294.178711,255.9244537,26.0,-2.43840003,27.73680115,1000.0,45.20240021,19.46559906,311.0911865,0.418495655,3.0,-1.701757431
3976.0,1.0,1374.0,1795.80481,211.734314,13.0,-1.828799963,0.0,1000.0,13.0,13.0,286.86203,0.099987566,4.0,-1.622836828
3977.0,1.0,1331.0,8915.81543,1022.551147,29.0,9.753600121,14.6303997,6000.0,23.20879936,7.578399658,231.7145233,0.788672328,3.0,-0.822126389
3978.0,1.0,1276.0,7443.958008,919.6078491,35.0,3.048000097,31.69919968,1000.0,49.32559967,18.62639999,283.3318481,0.823780179,7.0,7.54747963
3979.0,1.0,1251.0,12595.7666,234.2385406,49.0,0.914399981,25.90800095,1000.0,46.86640167,20.95839882,344.4225769,3.30192852,3.0,9.052600861
3980.0,1.0,1281.0,6404.932129,840.3995361,36.0,1.524000049,0.0,1000.0,24.1128006,24.1128006,236.6368103,0.267221093,3.0,-3.230665207
3981.0,1.0,1340.0,1453.911743,119.7518463,18.0,3.657599926,0.0,1000.0,17.0855999,17.0855999,265.8527222,0.405935198,7.0,0.14942503
3982.0,1.0,1336.0,1864.072754,446.6791077,16.0,3.048000097,0.0,1000.0,13.2567997,13.2567997,247.2155457,1.12020731,7.0,-3.659917831
3983.0,1.0,1239.0,2994.975586,182.1366272,31.0,3.352800131,21.03120041,1000.0,38.31520081,13.28399944,415.2926941,2.803668499,3.0,-2.095172882
3984.0,1.0,1333.0,6190.039551,873.7918701,22.0,6.705600262,0.0,1000.0,31.14400101,32.14400101,315.7493286,1.796101689,3.0,-5.363505363
3985.0,1.0,1286.0,9211.307617,268.6779175,40.0,0.914399981,7.619999886,1000.0,26.58879852,17.96879959,305.5327148,1.561542749,3.0,-4.655622482
3986.0,1.0,1279.0,2765.84375,190.0532837,24.0,7.924799919,9.448800087,1000.0,28.87680054,20.4279995,228.6552124,0.532541215,7.0,3.48706913
3987.0,1.0,1343.0,11424.17578,1051.995605,34.0,7.315199852,0.0,1000.0,47.10639954,47.10639954,341.0149536,0.455495447,3.0,5.671355247
3988.0,1.0,1332.0,6842.999512,1365.748047,15.0,6.705600262,0.0,1000.0,10.4279995,10.4279995,261.2958679,0.377960593,7.0,-0.782641411
3989.0,1.0,1236.0,3618.301025,285.085907,35.0,4.572000027,32.30879974,1000.0,41.70560074,13.39679909,333.2910767,0.791148186,3.0,0.420898438
3990.0,1.0,1331.0,5794.283203,912.3758545,24.0,10.66800022,0.0,8000.0,14.24639988,14.24639988,284.6186523,0.362069041,7.0,-1.834356308
3991.0,1.0,1351.0,816.5744629,120.2412033,16.0,-0.304800004,0.0,1000.0,17.52400017,17.52400017,307.5010376,0.269158423,4.0,-4.601838589
3992.0,1.0,1359.0,5007.473145,864.3413696,18.0,1.524000049,0.0,1000.0,11.90399933,14.90399933,533.7050171,0.824763179,7.0,-4.522472382
3993.0,1.0,1267.0,10124.56836,242.36409,8.0,-3.048000097,7.315199852,1000.0,18.36320114,13.04800034,247.3372192,0.183463633,4.0,-3.92850256
3994.0,1.0,1230.0,30119.28125,1151.980347,55.0,3.048000097,17.06879997,1000.0,57.13359833,40.06480026,323.7132568,0.373656243,3.0,16.31805038
3995.0,1.0,1228.0,11043.17578,0.0,32.0,5.486400127,27.73680115,1000.0,44.80160141,19.06480026,244.4471436,0.28385669,3.0,-1.861789703
3996.0,1.0,1314.0,10650.6416,541.2233276,11.0,0.304800004,0.0,1000.0,0.0,0.0,224.8999481,1.666509271,7.0,-9.628751755
3997.0,1.0,1329.0,6077.177734,618.1768188,19.0,7.924799919,0.0,1000.0,14.4279995,14.4279995,271.5907288,1.150619507,7.0,0.237225533
3998.0,1.0,1329.0,6087.183594,606.9147949,18.0,7.924799919,0.0,1000.0,13.4279995,13.4279995,271.5907288,0.640163124,7.0,-1.571146011
3999.0,1.0,1329.0,6087.183594,617.0406494,19.0,4.572000027,0.0,1000.0,14.4279995,13.4279995,271.5907288,0.640163124,7.0,-3.346505165
4000.0,1.0,1331.0,6039.571777,625.3245239,19.0,6.705600262,0.0,8000.0,14.4279995,12.4279995,271.5907288,0.464474171,7.0,-0.434900284
4001.0,1.0,1332.0,9513.540039,539.7248535,18.0,3.352800131,0.0,1000.0,13.12319946,13.12319946,208.7692261,1.355040431,7.0,-3.490170479
4002.0,1.0,1342.0,1553.385986,390.3491211,10.0,1.524000049,0.0,8000.0,9.695199966,9.695199966,215.9264832,0.952666223,7.0,-0.83799839
4003.0,1.0,1360.0,3667.293945,450.8814697,8.0,0.0,0.0,4000.0,4.951999664,4.951999664,223.5484924,0.356371731,4.0,-10.42811489
4004.0,1.0,1290.0,2303.53418,601.7479248,24.0,2.43840003,19.50720024,8000.0,36.19200134,15.68480015,205.1033478,1.462218165,7.0,1.917409897
4005.0,1.0,1282.0,12185.57813,492.2763977,33.0,4.267199993,27.12720108,1000.0,37.87680054,12.74959946,297.495697,0.417059422,7.0,1.135274887
4007.0,1.0,1363.0,3944.340088,190.0278168,6.0,0.914399981,0.0,1000.0,2.951999903,2.951999903,229.2722778,0.605921388,4.0,-10.56433773
4008.0,1.0,1278.0,2145.276123,475.1347046,27.0,8.534399986,37.79520035,1000.0,55.04160309,18.24639893,270.3263245,0.218187988,7.0,2.84371376
4009.0,1.0,1286.0,14283.49316,216.1446381,33.0,6.705600262,39.62400055,2000.0,43.66799927,6.043998718,300.0771484,0.624513686,3.0,1.829483032
4010.0,1.0,1234.0,19673.33984,216.1449432,27.0,7.924799919,34.44240189,1000.0,57.47999954,23.03759956,215.9760132,0.095026374,7.0,0.642499924
4011.0,1.0,1225.0,15332.80957,661.3522339,40.0,3.657599926,22.55520058,1000.0,47.92480087,25.3696003,299.1457825,2.607317686,3.0,-0.344623566
4012.0,1.0,1332.0,2470.231445,1279.892944,13.0,3.657599926,0.0,1000.0,10.2567997,11.2567997,239.2181702,0.968787372,7.0,-1.992426872
4013.0,1.0,1272.0,5199.118164,29.93635559,20.0,6.705600262,8.229599953,1000.0,27.61999893,17.39039993,328.974884,1.044800282,7.0,2.902276039
4014.0,1.0,1286.0,9071.070313,123.9281235,16.0,3.352800131,0.0,1000.0,20.26720047,22.26720047,236.5206146,0.417845726,7.0,0.619516373
4015.0,1.0,1339.0,1975.22522,492.3218994,7.0,-1.524000049,0.0,1000.0,7.304800034,7.304800034,274.7538757,0.218988866,4.0,-3.865532637
4016.0,1.0,1260.0,1635.103271,998.7310181,13.0,1.219200015,0.304800004,1000.0,17.87680054,17.5720005,235.4188232,0.117187701,4.0,0.627798557
4017.0,1.0,1278.0,1128.945557,330.673584,23.0,5.486400127,10.36320019,1000.0,31.53440094,21.1711998,216.6178436,0.273692727,7.0,0.086603165
4018.0,1.0,1329.0,2500.508545,1252.87561,42.0,10.05840015,4.572000027,1000.0,22.18799973,17.61599922,347.8782043,1.58401227,4.0,-2.491615295
4019.0,1.0,1268.0,1717.596802,636.4464722,30.0,9.753600121,17.67840004,8000.0,44.32559967,27.64719963,432.3390198,5.398908138,3.0,-1.485837936
4020.0,1.0,1289.0,5437.950195,420.1915588,19.0,3.657599926,0.0,4000.0,23.87680054,25.87680054,274.8711548,0.440163404,7.0,1.007160187
4021.0,1.0,1340.0,2554.589111,218.7953186,9.0,-0.304800004,0.0,1000.0,9.304800034,9.304800034,302.9933167,0.29719016,4.0,-2.979367733
4022.0,1.0,1264.0,7337.102539,571.9873047,61.0,6.096000195,14.6303997,1000.0,39.96879959,25.33839798,285.5187988,0.287216038,3.0,8.698539734
4023.0,1.0,1334.0,2777.127686,1162.818481,13.0,1.828799963,0.0,8000.0,10.2567997,10.2567997,258.000946,0.659330785,7.0,-2.912561417
4024.0,1.0,1331.0,6252.042969,872.8703613,16.0,7.010400295,0.0,1000.0,11.4279995,12.4279995,271.5907288,0.185947463,7.0,-2.176665306
4025.0,1.0,1253.0,12531.69629,60.12779999,44.0,3.352800131,28.95600128,6000.0,55.27759933,26.32159996,236.6843109,0.440577179,3.0,4.028610229
4026.0,1.0,1275.0,3949.692383,830.8688354,40.0,-0.304800004,37.79520035,8000.0,52.80160141,15.00639915,274.2779236,0.863207579,3.0,-8.527996063
4027.0,1.0,1310.0,10928.96191,334.7423401,20.0,5.486400127,0.0,4000.0,16.3423996,15.95199966,238.1152802,0.238384798,7.0,4.137905121
4028.0,1.0,1387.0,8540.416992,813.4545898,14.0,0.914399981,0.0,1000.0,10.95199966,9.951999664,210.1873169,0.126731142,7.0,-1.152394295
4029.0,1.0,1235.0,6276.207031,234.4135895,31.0,7.315199852,27.73680115,8000.0,41.97280121,13.23600006,279.2106628,0.586576045,3.0,3.592428207
4030.0,1.0,1335.0,4682.408203,541.7144165,17.0,7.315199852,0.0,1000.0,9.684800148,9.684800148,364.0102234,0.623078048,7.0,-2.883631706
4031.0,1.0,1290.0,15844.99707,150.0986328,34.0,4.267199993,37.79520035,1000.0,42.229599,5.043998718,237.9972382,0.074562378,3.0,1.023780823
4032.0,1.0,1284.0,13414.71582,30.0638485,42.0,14.6303997,43.58639908,1000.0,53.8871994,9.995998383,253.3938599,1.019004107,3.0,9.809188843
4033.0,1.0,1282.0,9716.012695,817.1636353,28.0,1.828799963,34.44240189,1000.0,45.37360001,12.93120003,266.4944458,0.419547737,7.0,-3.689083099
4034.0,1.0,1229.0,11042.42578,123.4764709,31.0,5.181600094,27.12720108,1000.0,39.83919907,16.71199989,237.6732178,0.420614898,3.0,-4.429300308
4035.0,1.0,1221.0,26694.66602,495.704834,37.0,0.914399981,17.06879997,1000.0,37.0,19.93120003,231.5697174,0.072759882,3.0,1.61151886
4036.0,1.0,1300.0,3185.249756,200.9988708,8.0,-0.914399981,0.0,1000.0,14.70560074,15.70560074,372.3270569,0.108332396,2.0,-6.302613258
4037.0,1.0,1242.0,5968.809082,239.5222015,22.0,-1.524000049,27.73680115,1000.0,44.86000061,17.73279953,237.0769501,0.609170735,7.0,1.396245956
4038.0,1.0,1238.0,5544.730469,59.87959671,29.0,3.048000097,27.12720108,1000.0,47.89759827,20.770401,290.6211243,0.668545842,3.0,3.071075439
4039.0,1.0,1284.0,8753.461914,254.5365448,15.0,1.524000049,0.0,1000.0,23.83919907,23.83919907,332.8881226,0.639298201,7.0,-3.117963791
4040.0,1.0,1233.0,8568.319336,133.9924164,26.0,3.048000097,25.90800095,1000.0,44.89759827,19.98959923,284.6528625,0.366297513,3.0,2.213247299
4041.0,1.0,1252.0,13237.4668,201.4826965,38.0,1.828799963,25.90800095,1000.0,33.4280014,2.520000458,271.3750305,0.486782998,3.0,-0.407558441
4042.0,1.0,1262.0,3902.716553,90.18088531,33.0,1.828799963,28.04160118,1000.0,47.32559967,19.2840004,232.8782349,0.608258784,3.0,1.762413025
4043.0,1.0,1336.0,3638.83374,897.8855591,19.0,3.352800131,0.0,1000.0,15.03759956,16.03759956,245.457016,0.335739255,7.0,-2.480917931
4044.0,1.0,1298.0,4668.477539,42.42463684,0.0,-0.914399981,4.87680006,8000.0,7.315199852,0.609600008,239.4682312,0.240670785,7.0,-5.359937668
4045.0,1.0,1345.0,3818.053467,309.1860046,16.0,3.048000097,0.0,1000.0,11.4279995,10.4279995,309.697998,0.240733787,4.0,-5.307459831
4046.0,1.0,1334.0,2999.05957,318.8334045,14.0,5.486400127,0.0,1000.0,10.64719963,14.64719963,231.6452484,0.113248751,7.0,-3.366446495
4047.0,1.0,1326.0,7944.657715,685.3104248,33.0,9.448800087,13.41120052,1000.0,25.98959923,10.57839966,216.937149,0.336185694,3.0,1.870225906
4048.0,1.0,1286.0,153.2565155,306.5130005,32.0,3.657599926,0.0,2000.0,22.55120087,26.55120087,248.3121338,0.243610814,4.0,0.23692894
4049.0,1.0,1378.0,11339.0332,420.2709961,15.0,6.400800228,0.0,1000.0,11.03759956,10.03759956,242.63414,0.748461068,7.0,-4.590995789
4050.0,1.0,1359.0,4913.200684,1198.035767,11.0,0.609600008,0.0,1000.0,4.294399738,6.294399738,533.7050171,0.359925091,7.0,-9.288772583
4051.0,1.0,1333.0,2194.026123,268.0085144,17.0,3.96239996,0.0,1000.0,13.95199966,11.95199966,221.9934692,0.490606636,7.0,-2.959309578
4052.0,1.0,1371.0,511.9042664,701.2554321,17.0,-1.524000049,0.0,6000.0,15.47599983,14.47599983,337.4752502,0.133127242,4.0,-5.201726913
4053.0,1.0,1358.0,2949.715332,736.7747192,12.0,0.0,0.0,1000.0,8.951999664,10.95199966,221.0963745,0.361294299,4.0,-5.270373344
4054.0,1.0,1374.0,3328.445557,189.4380493,8.0,0.0,0.0,4000.0,5.866399765,4.866399765,230.9081268,0.294598073,4.0,-4.579891205
4055.0,1.0,1331.0,5970.057129,1003.290955,21.0,7.010400295,0.0,1000.0,16.73279953,16.73279953,292.7341919,0.90209806,7.0,-0.360683441
4056.0,1.0,1256.0,18202.51367,59.87766647,34.0,1.524000049,19.20240021,1000.0,30.95199966,11.74959946,190.2202759,0.120016687,3.0,-1.303882599
4057.0,1.0,1229.0,12828.32813,67.0038681,38.0,7.315199852,22.55520058,1000.0,45.61999893,22.06480026,272.0050659,0.93302083,3.0,0.098419189
4058.0,1.0,1225.0,21661.90039,268.6794434,33.0,7.924799919,34.74720001,1000.0,57.38400269,23.63679886,361.2305298,0.401062489,3.0,1.052402496
4059.0,1.0,1232.0,9144.176758,258.2198792,33.0,7.619999886,28.34640121,1000.0,42.44879913,14.10239983,228.3711395,0.294322431,3.0,-0.432415009
4060.0,1.0,1229.0,13499.31836,305.376709,25.0,3.048000097,25.29840088,1000.0,33.53440094,12.23600006,271.6303406,0.677798152,3.0,-6.151647568
4061.0,1.0,1332.0,1530.179321,305.3562622,10.0,2.133599997,0.0,1000.0,8.780799866,6.780799866,230.0164642,0.518097639,4.0,-0.654846191
4062.0,1.0,1336.0,3810.834473,371.7542725,12.0,0.914399981,0.0,1000.0,12.30480003,10.30480003,230.7401733,0.323850006,7.0,-1.386189938
4063.0,1.0,1336.0,2338.813965,324.2269287,9.0,1.524000049,0.0,1000.0,9.609600067,9.609600067,237.107132,0.112009734,4.0,-0.457415104
4064.0,1.0,1282.0,1259.800293,300.8738708,25.0,4.572000027,11.27760029,1000.0,32.61999893,20.3423996,231.7141876,0.793105066,7.0,-1.37141037
4065.0,1.0,1327.0,4018.105225,108.0842972,11.0,0.304800004,0.0,1000.0,11.0,11.0,234.6564941,0.926838517,7.0,-1.823852062
4066.0,1.0,1324.0,1645.925293,212.1420135,8.0,3.048000097,0.0,1000.0,9.828800201,11.8288002,236.5588531,0.300196052,7.0,-0.945177078
4067.0,1.0,1372.0,2662.40332,302.073822,9.0,0.0,0.0,1000.0,6.866399765,6.866399765,261.2355652,0.215906188,4.0,-5.172964096
4068.0,1.0,1319.0,4315.262207,602.9953613,11.0,1.219200015,0.0,1000.0,10.69519997,9.695199966,225.7524109,1.016111851,7.0,-0.8329916
4069.0,1.0,1236.0,5509.885254,182.8267822,34.0,9.144000053,26.51760101,1000.0,49.84960175,23.33200073,215.3475952,0.461847514,3.0,6.510761261
4070.0,1.0,1242.0,1690.555908,258.2176819,34.0,7.619999886,29.26079941,1000.0,50.76399994,19.19839859,248.0379486,0.603031874,3.0,9.418653488
4071.0,1.0,1286.0,6175.838867,108.0736084,22.0,5.486400127,0.0,1000.0,22.30480003,22.30480003,251.7361145,0.092128634,7.0,2.358415604
4072.0,1.0,1263.0,1172.336914,595.2684326,36.0,7.619999886,28.95600128,1000.0,50.32559967,22.3696003,327.0019531,1.145041943,3.0,4.087724686
4073.0,1.0,1272.0,3336.115967,792.4268799,29.0,3.352800131,17.67840004,1000.0,34.18159866,14.50319958,342.3424683,0.733216405,7.0,4.099459648
4074.0,1.0,1246.0,5091.07959,133.9953003,17.0,2.133599997,26.82240105,1000.0,44.12720108,17.30480003,224.7222137,0.959419191,3.0,6.668190002
4075.0,1.0,1338.0,4505.330566,324.7723083,14.0,3.96239996,0.0,1000.0,12.78079987,11.78079987,232.7592316,0.579837501,7.0,2.248710632
4076.0,1.0,1236.0,593.9208374,561.4381714,25.0,0.609600008,30.17519951,1000.0,38.7159996,8.540800095,351.0574951,1.46179986,7.0,-0.32932663
4077.0,1.0,1282.0,16826.16406,1223.478516,34.0,3.352800131,14.02080059,4000.0,37.04800034,20.02719879,373.4020081,0.470428795,3.0,-4.697221756
4078.0,1.0,1240.0,2439.723389,727.0322266,44.0,9.448800087,28.34640121,1000.0,52.53440094,26.18799973,506.3051147,1.169915199,3.0,14.51931381
4079.0,1.0,1218.0,20289.71875,161.3234558,37.0,9.144000053,32.00400162,1000.0,60.46960068,25.85599899,233.3965149,0.052996829,3.0,1.326669693
4080.0,1.0,1247.0,6063.418945,67.15760803,19.0,1.524000049,27.12720108,1000.0,46.12720108,19.0,247.6493683,0.449477553,3.0,5.572769165
4081.0,1.0,1229.0,13266.69629,533.9221802,29.0,2.43840003,24.38400078,1000.0,37.229599,8.540800095,333.3727722,2.071125507,3.0,-6.282615662
4082.0,1.0,1241.0,4264.197754,212.5458069,28.0,1.828799963,28.04160118,1000.0,47.81200027,20.770401,284.0861816,0.947081149,3.0,5.568809509
4083.0,1.0,1279.0,2550.050293,277.1295166,47.0,-1.524000049,43.89120102,1000.0,65.28800201,20.70159912,285.0177917,0.306123048,3.0,-4.087421417
4084.0,1.0,1339.0,1859.067993,554.2276001,6.0,-0.304800004,0.0,1000.0,6.304800034,6.304800034,265.4169922,0.305233449,4.0,-2.735048771
4085.0,1.0,1359.0,4782.185547,1418.771484,10.0,0.0,0.0,1000.0,4.818399906,2.818399906,533.7050171,0.238676354,4.0,-9.951536179
4086.0,1.0,1335.0,4698.125,492.3199768,17.0,5.791200161,0.0,1000.0,9.684800148,8.684800148,325.324585,0.615501463,7.0,-3.341572762
4087.0,1.0,1233.0,14240.67773,241.5993958,38.0,11.58240032,29.87039948,1000.0,55.37360001,25.50320053,273.6841431,0.556325138,3.0,5.337583542
4088.0,1.0,1274.0,7715.419434,739.753418,43.0,2.133599997,26.51760101,1000.0,41.1711998,14.65359879,332.5498962,0.194828033,3.0,-3.185447693
4089.0,1.0,1239.0,2604.247314,509.8673096,39.0,9.448800087,32.61360168,1000.0,48.75360107,14.83519936,346.4824524,0.737292528,3.0,6.545440674
4090.0,1.0,1288.0,3118.179932,769.8599854,26.0,0.609600008,0.0,1000.0,19.29439926,21.29439926,243.4692993,0.581096768,7.0,-5.465919495
4091.0,1.0,1326.0,1019.346985,42.42874908,30.0,12.49680042,10.05840015,1000.0,16.58879852,8.663999557,284.2290039,0.720414639,3.0,-8.359619141
4092.0,1.0,1337.0,2156.062744,94.71575928,14.0,4.267199993,0.0,1000.0,13.39039993,13.39039993,265.0412598,0.551157653,7.0,-0.765520096
4093.0,1.0,1336.0,1940.218506,446.0917664,1.0,0.914399981,0.0,6000.0,0.0,0.256799936,247.2155457,0.814286649,7.0,-7.076149464
4094.0,1.0,1272.0,3336.115967,792.4268799,29.0,3.352800131,17.67840004,1000.0,34.18159866,14.50319958,342.3424683,0.733216405,7.0,4.099459648
4095.0,1.0,1361.0,324.2430725,270.5290833,3.0,-0.304800004,0.0,1000.0,3.0,3.0,259.7440491,0.258304179,4.0,-4.807354927
4096.0,1.0,1267.0,19376.26953,67.16555786,18.0,9.144000053,23.16480064,1000.0,46.65119934,23.4864006,258.8855286,0.07804288,7.0,7.693442822
4097.0,1.0,1272.0,3336.115967,816.5794067,27.0,3.352800131,17.67840004,1000.0,32.18159866,14.50319958,342.3424683,0.733216405,7.0,4.01998806
4098.0,1.0,1329.0,6188.810547,683.9798584,17.0,5.791200161,0.0,1000.0,12.4279995,14.4279995,271.5907288,0.577427149,7.0,-5.211927414
4099.0,1.0,1333.0,6987.006348,1152.739868,20.0,9.448800087,0.0,1000.0,16.03759956,17.03759956,240.3516083,0.529595256,7.0,3.791854858
4100.0,1.0,1266.0,8312.25,127.2706757,45.0,7.315199852,21.03120041,8000.0,28.54080009,9.509597778,403.8135376,1.520703912,3.0,-0.011764526
4101.0,1.0,1284.0,4176.502441,149.9193878,16.0,3.96239996,14.93519974,1000.0,26.97280121,14.03759956,274.9405212,0.67544049,4.0,-0.561687469
4102.0,1.0,1270.0,8235.991211,59.87274933,8.0,0.0,6.705600262,1000.0,15.61999989,8.914400101,237.8187866,0.372509062,7.0,-2.364466667
4103.0,1.0,1284.0,14118.4043,246.9158173,37.0,8.229599953,24.38400078,1000.0,34.86640167,12.00639915,270.6660767,0.718307972,3.0,3.433872223
4104.0,1.0,1280.0,8781.993164,66.99349213,21.0,3.048000097,31.08959961,1000.0,37.76399994,9.674399376,234.4935303,0.306309283,7.0,-5.824942589
4105.0,1.0,1280.0,10706.89551,84.84785461,24.0,3.96239996,41.14799881,1000.0,43.20240021,4.05439949,263.6363525,0.272870988,7.0,-1.358739853
4106.0,1.0,1280.0,10085.04102,161.3135986,26.0,4.572000027,42.97679901,1000.0,45.50720215,2.530399323,259.3477478,0.044380881,3.0,-0.763521194
4107.0,1.0,1272.0,19191.77734,94.70394135,16.0,1.828799963,42.67200089,1000.0,65.37760162,20.70560074,239.4670868,0.376842797,7.0,-0.547193527
4108.0,1.0,1261.0,15497.92578,341.9011841,52.0,12.49680042,52.73040009,1000.0,83.69920349,29.96879959,369.0797119,0.409760863,3.0,1.912902832
4109.0,1.0,1295.0,7724.366211,123.4656525,21.0,4.267199993,0.0,1000.0,18.2567997,20.2567997,223.6738892,0.393118232,7.0,1.035385132
4110.0,1.0,1287.0,1807.640137,752.6282349,23.0,5.486400127,16.76399994,2000.0,35.80160141,17.03759956,242.2795563,1.193638682,4.0,2.333241463
4111.0,1.0,1270.0,5373.295898,407.3168945,16.0,3.96239996,5.791200161,1000.0,21.79120064,16.0,233.5196228,0.088957421,7.0,1.13381958
4112.0,1.0,1231.0,8303.976563,564.3431396,33.0,9.448800087,28.04160118,1000.0,43.36320114,14.32159996,247.5598755,0.139088884,3.0,1.13993454
4113.0,1.0,1330.0,1845.757324,523.1671753,6.0,2.743200064,0.0,1000.0,5.390399933,4.390399933,239.8815918,0.144863978,7.0,-0.564474583
4114.0,1.0,1303.0,3097.827637,270.5745239,18.0,9.448800087,14.6303997,1000.0,23.4864006,8.855999947,286.2141113,1.656209826,7.0,4.154722214
4115.0,1.0,1335.0,8493.076172,3488.616699,23.0,8.534399986,0.0,1000.0,17.5135994,16.5135994,238.0304871,0.497525573,7.0,1.16550827
4116.0,1.0,1282.0,4615.496094,417.2319031,31.0,0.609600008,30.78479958,1000.0,45.63040161,15.15040016,387.1177063,0.849886835,7.0,7.753599167
4117.0,1.0,1371.0,1744.385376,806.1397095,12.0,0.0,0.0,4000.0,10.1711998,10.1711998,228.9210663,0.092929631,4.0,-6.10425806
4118.0,1.0,1324.0,13522.67383,120.2215652,19.0,2.743200064,0.0,1000.0,22.96240044,18.96240044,279.81604,0.265353352,7.0,2.944478512
4119.0,1.0,1303.0,11208.51074,59.87342453,23.0,3.352800131,0.0,1000.0,15.38000011,15.38000011,225.2406921,0.137946025,7.0,2.52114296
4120.0,1.0,1333.0,2238.523193,1133.053833,12.0,1.219200015,0.0,1000.0,9.561599731,9.561599731,238.4517212,0.451165289,7.0,-3.342647552
4121.0,1.0,1410.0,8670.058594,901.0004883,14.0,0.0,0.0,1000.0,12.78079987,12.78079987,259.9214478,0.609444022,13.0,-0.583286762
4122.0,1.0,1281.0,12015.51074,216.5086517,30.0,0.609600008,7.010400295,1000.0,23.90399933,14.89359951,305.492218,0.317793697,3.0,-2.545787811
4123.0,1.0,1270.0,9686.196289,30.05921173,21.0,-0.304800004,28.04160118,1000.0,40.50720215,12.46560001,238.6824188,1.313295603,3.0,0.993534088
4124.0,1.0,1238.0,3593.596924,400.9515686,18.0,2.743200064,25.60320091,1000.0,43.60320282,18.0,235.102478,0.586621463,3.0,6.747216225
4125.0,1.0,1257.0,7061.679199,256.7175598,21.0,4.267199993,27.43200111,8000.0,51.17520142,23.43840027,365.0895386,0.570498466,7.0,8.109539032
4126.0,1.0,1239.0,9445.748047,693.8010864,45.0,6.705600262,30.78479958,8000.0,55.66799927,25.18799973,285.8224182,0.480107784,3.0,7.357501984
4127.0,1.0,1326.0,1537.87207,42.42465973,8.0,1.828799963,0.0,1000.0,8.304800034,8.304800034,235.8663635,0.187509105,4.0,0.301140785
4128.0,1.0,1269.0,35452.21875,503.6680298,9.0,0.0,0.0,1000.0,37.34640121,35.34640121,230.7760468,0.595508814,2.0,-1.689473867
4129.0,1.0,1223.0,26379.0332,60.12643814,29.0,0.914399981,18.89760017,1000.0,43.02080154,23.5135994,280.3665771,0.204621315,7.0,3.163002014
4130.0,1.0,1327.0,2975.800537,133.9909821,13.0,2.43840003,0.0,1000.0,13.9144001,14.9144001,251.0868225,0.925600886,7.0,0.199361324
4131.0,1.0,1290.0,10184.67773,90.19128418,8.0,0.609600008,0.0,1000.0,23.5447998,23.5447998,239.1445007,0.296848595,7.0,-1.089893818
4132.0,1.0,1367.0,1082.528931,661.97229,12.0,-0.304800004,0.0,4000.0,11.69519997,14.69519997,252.0760498,0.299552143,4.0,-1.415226698
4133.0,1.0,1323.0,4180.504395,318.9805298,14.0,0.304800004,0.0,1000.0,21.31520081,17.31520081,239.1335449,0.216015145,7.0,-0.146062851
4134.0,1.0,1331.0,3622.466064,792.7423706,10.0,0.609600008,0.0,6000.0,11.8288002,10.8288002,210.3370056,0.329783797,7.0,-1.517689228
4135.0,1.0,1331.0,3251.891602,474.0144958,11.0,0.304800004,0.0,1000.0,12.52400017,11.52400017,222.673996,1.134976029,7.0,-1.770059109
4136.0,1.0,1327.0,4191.308105,127.2740402,7.0,-0.304800004,0.0,1000.0,13.4008007,13.4008007,240.496521,0.508053184,4.0,-2.112934589
4137.0,1.0,1330.0,2004.139526,182.842392,8.0,0.609600008,0.0,1000.0,6.780799866,6.780799866,230.0164642,0.174852923,4.0,-1.790202618
4138.0,1.0,1374.0,2641.056641,182.1511688,13.0,0.0,0.0,1000.0,11.1711998,11.1711998,215.4675598,0.052296206,4.0,-4.625946045
4139.0,1.0,1359.0,5043.097656,1468.250122,17.0,0.304800004,0.0,1000.0,9.684800148,10.68480015,533.7050171,0.384054065,4.0,-8.34738636
4140.0,1.0,1330.0,6271.401367,408.7321472,36.0,7.010400295,9.753600121,1000.0,27.46559906,17.71199989,265.3479004,0.317080081,3.0,-2.172451019
4141.0,1.0,1332.0,6754.296875,1246.251709,20.0,7.010400295,0.0,1000.0,15.4279995,15.4279995,239.9248352,0.579213977,7.0,-0.951602936
4142.0,1.0,1248.0,10420.85352,108.0892868,33.0,3.96239996,25.90800095,1000.0,32.39039993,9.177598953,301.1641541,0.172948554,8.0,-7.470306396
4143.0,1.0,1237.0,11339.6709,190.0563507,27.0,1.524000049,33.22320175,1000.0,58.08959961,22.3423996,232.2115936,0.261304319,7.0,-2.692401886
4144.0,1.0,1339.0,1920.879028,550.713501,5.0,-0.304800004,0.0,1000.0,5.304800034,5.304800034,265.4169922,0.529216468,4.0,-2.212304354
4145.0,1.0,1329.0,7522.005859,216.4958801,26.0,6.400800228,10.05840015,1000.0,17.46559906,7.40719986,242.4311829,0.144135863,3.0,-1.65322113
4146.0,1.0,1275.0,4895.081543,539.9206543,46.0,4.267199993,22.25040054,6000.0,33.80799866,11.55759811,304.4881592,0.066130303,3.0,-4.286026001
4147.0,1.0,1288.0,8544.492188,330.6736755,16.0,3.352800131,0.0,1000.0,19.04800034,19.04800034,244.5184937,0.167034552,7.0,1.088212013
4148.0,1.0,1287.0,1147.353516,451.9526672,15.0,3.352800131,18.89760017,1000.0,27.80160141,9.208799362,284.8805847,0.405910641,7.0,-0.036174774
4149.0,1.0,1275.0,13920.84473,42.42342758,22.0,-0.914399981,13.10640049,1000.0,33.58240128,20.47599983,280.6085205,0.129638165,7.0,-5.615598679
4150.0,1.0,1239.0,25426.46094,306.5336304,43.0,5.181600094,41.45280075,1000.0,76.83280182,35.770401,262.4720764,0.160122871,3.0,1.621574402
4151.0,1.0,1335.0,2879.498047,511.9361877,13.0,3.352800131,0.0,1000.0,11.78079987,11.78079987,306.0713806,0.568601429,7.0,0.724758625
4152.0,1.0,1276.0,7517.065918,258.2337952,31.0,3.352800131,34.74720001,1000.0,44.41120148,10.66399956,336.081665,1.436655998,3.0,3.264431
4153.0,1.0,1282.0,17770.01953,242.0924377,29.0,1.524000049,6.400800228,1000.0,28.39039993,20.770401,330.4277039,2.663642406,3.0,-0.239900589
4154.0,1.0,1270.0,4303.230469,1052.085083,33.0,5.181600094,25.90800095,1000.0,44.58240128,19.67440033,282.8820496,2.067675114,3.0,-1.530763626
4155.0,1.0,1234.0,5704.133789,134.3183899,37.0,10.36320019,28.34640121,1000.0,47.36320114,18.71199989,245.1525421,0.208062366,3.0,3.352182388
4156.0,1.0,1224.0,16654.42383,532.4934692,47.0,8.83920002,25.29840088,1000.0,56.75360107,31.15040016,302.7618103,0.203520447,3.0,9.239547729
4157.0,1.0,1292.0,3972.578857,60.12737274,28.0,6.400800228,0.0,1000.0,33.79119873,33.79119873,234.067337,0.389543056,7.0,1.979621887
4158.0,1.0,1241.0,4801.384766,420.8489685,33.0,5.486400127,33.22320175,1000.0,44.27759933,16.05439949,231.4784088,1.056741238,3.0,0.84919548
4159.0,1.0,1275.0,5271.700684,191.9952087,14.0,3.657599926,6.096000195,1000.0,18.5720005,15.47599983,286.699707,0.130190536,7.0,0.68651104
4160.0,1.0,1385.0,5359.581055,831.227417,7.0,0.304800004,0.0,8000.0,5.780799866,5.780799866,217.8767853,0.242062569,13.0,-0.58582902
4161.0,1.0,1253.0,5681.84668,399.5173645,42.0,9.144000053,17.98320007,1000.0,57.23999786,39.25680161,298.5988464,0.559596062,3.0,9.168205261
4162.0,1.0,1235.0,4583.706055,615.5807495,21.0,-1.828799963,31.69919968,1000.0,51.78479767,20.1711998,271.6947327,1.009566069,7.0,1.832987785
4163.0,1.0,1351.0,12849.8877,1833.266602,45.0,1.524000049,9.144000053,1000.0,35.55120087,28.23600006,354.1634827,0.20226942,3.0,15.42718697
4164.0,1.0,1235.0,721.4515381,349.5008545,37.0,1.524000049,30.17519951,1000.0,49.80160141,19.62639999,330.7642517,1.135807633,7.0,-2.229923248
4165.0,1.0,1364.0,2926.601318,123.4773407,9.0,0.0,0.0,1000.0,5.951999664,5.951999664,231.8227081,0.182916164,4.0,-7.502516747
4166.0,1.0,1318.0,8532.436523,464.9151001,17.0,2.43840003,0.0,1000.0,11.5135994,9.513599396,239.9878845,0.260854632,7.0,-1.6536026
4167.0,1.0,1321.0,1076.578613,59.87323761,6.0,-0.914399981,0.0,1000.0,9.657600403,10.6576004,281.2224121,0.991246045,7.0,-3.195154667
4168.0,1.0,1260.0,21948.69336,318.8005676,15.0,10.97280025,21.94560051,1000.0,39.38400269,17.43840027,237.6763916,0.095784351,7.0,9.117432594
4169.0,1.0,1226.0,13575.6543,809.1688232,38.0,7.619999886,26.82240105,1000.0,48.0583992,20.93120003,234.8271942,0.052816745,3.0,4.198320389
4170.0,1.0,1285.0,6734.873047,30.06376457,13.0,3.96239996,6.096000195,5000.0,15.13360023,9.037599564,233.0953217,0.300708354,7.0,1.029322624
4171.0,1.0,1331.0,5474.102539,60.12405396,17.0,4.87680006,0.0,1000.0,12.73279953,10.73279953,271.5907288,0.519943416,7.0,-3.448113441
4172.0,1.0,1236.0,14608.61035,256.6999207,28.0,1.828799963,32.91839981,1000.0,56.34640121,20.5135994,269.2063293,0.456795722,7.0,-5.18523407
4173.0,1.0,1330.0,1650.798096,568.8087769,10.0,3.048000097,0.0,1000.0,8.780799866,8.780799866,239.8815918,0.327762306,4.0,1.066449642
4174.0,1.0,1330.0,1990.157593,241.6019592,7.0,2.743200064,0.0,1000.0,7.0,6.0,235.8663635,0.038055927,7.0,0.258799076
4175.0,1.0,1292.0,2994.562256,59.87308121,29.0,4.87680006,0.0,1000.0,35.4007988,35.4007988,238.5195007,0.416733861,7.0,0.639558792
4176.0,1.0,1343.0,5950.09668,1829.964355,48.0,14.93519974,0.0,1000.0,30.93120003,30.93120003,464.5131226,0.929842055,4.0,8.888158798
4177.0,1.0,1325.0,7742.558594,161.303894,5.0,0.304800004,0.0,1000.0,12.61999989,12.61999989,232.824173,0.340017438,7.0,0.13982296
4178.0,1.0,1261.0,2951.845703,824.0581055,13.0,2.43840003,1.828799963,1000.0,18.18160057,16.35280037,222.3513336,0.201441377,4.0,0.03033638
4179.0,1.0,1235.0,6706.453613,324.7279968,44.0,10.36320019,27.73680115,1000.0,54.36320114,25.62639999,223.2711029,0.410161525,3.0,3.392288208
4180.0,1.0,1327.0,3628.49292,588.3185425,16.0,6.705600262,0.0,1000.0,22.09600067,22.09600067,232.4727325,1.167285919,7.0,5.363779545
4181.0,1.0,1321.0,10579.28418,59.88183975,17.0,0.914399981,0.0,1000.0,8.770400047,8.770400047,315.3771973,1.596627712,7.0,-4.005821228
4182.0,1.0,1372.0,2521.951416,342.633728,12.0,0.0,0.0,1000.0,9.866399765,7.866399765,261.2355652,0.064530529,4.0,-5.182830811
4183.0,1.0,1261.0,10368.98926,211.7252808,29.0,0.304800004,16.76399994,1000.0,56.43199921,39.66799927,315.5765381,0.449620277,7.0,-0.861982346
4184.0,1.0,1267.0,7178.086914,633.3847046,30.0,-0.609600008,28.65120125,1000.0,49.81200027,21.16080093,298.5404663,0.571747482,3.0,1.331739426
4185.0,1.0,1291.0,17139.92578,127.2876511,46.0,3.96239996,34.74720001,1000.0,51.4864006,15.73920059,231.1845551,0.378283709,3.0,1.822288513
4186.0,1.0,1225.0,16742.06836,59.87672424,50.0,7.010400295,22.55520058,1000.0,59.14400101,35.58879852,298.7123413,0.939143121,3.0,-1.977661133
4187.0,1.0,1278.0,8452.496094,108.0724564,16.0,2.43840003,31.08959961,1000.0,33.37360001,0.283999443,235.5369568,0.628694057,7.0,-4.672574997
4188.0,1.0,1246.0,17230.94727,60.12754822,45.0,3.657599926,20.42160034,1000.0,41.3423996,22.92079926,354.3874817,0.346882045,3.0,-1.381801605
4189.0,1.0,1334.0,3330.302979,361.9886475,10.0,3.048000097,0.0,1000.0,6.342400074,7.342400074,231.6452484,0.32460615,7.0,-4.616847992
4190.0,1.0,1301.0,3043.678467,1999.486328,15.0,0.609600008,0.0,8000.0,6.16079998,7.16079998,230.4695587,0.662611604,4.0,-1.174407959
4191.0,1.0,1299.0,8862.539063,300.9298096,25.0,2.133599997,0.0,8000.0,16.770401,16.770401,295.6878662,0.415459722,4.0,-0.784183502
4192.0,1.0,1280.0,2861.401855,161.8098907,18.0,5.791200161,11.58240032,1000.0,27.75360107,16.1711998,249.6371765,0.859681547,7.0,0.917106628
4193.0,1.0,1315.0,8220.796875,270.5350647,19.0,3.96239996,0.0,1000.0,13.81839943,13.81839943,239.9878845,0.418956369,7.0,2.347568512
4194.0,1.0,1287.0,13467.9873,60.12780762,38.0,7.315199852,25.60320091,1000.0,39.8288002,14.22559929,301.4480286,0.494387299,3.0,3.42404747
4195.0,1.0,1352.0,1323.985474,918.8096313,9.0,-0.304800004,0.0,8000.0,8.085599899,7.085599899,224.2554932,0.245071709,4.0,-3.99102211
4196.0,1.0,1281.0,14295.40625,361.1354065,40.0,3.96239996,21.94560051,6000.0,39.39039993,16.83519936,239.5381165,0.41407454,3.0,3.626852036
4197.0,1.0,1290.0,17091.56445,513.4838257,40.0,6.705600262,34.44240189,1000.0,44.87680054,13.43440056,243.2221375,1.307685494,3.0,5.951217651
4198.0,1.0,1300.0,16738.5293,67.16990662,27.0,4.267199993,0.0,1000.0,23.64719963,23.64719963,221.3961945,0.536646545,7.0,3.125772476
4199.0,1.0,1338.0,6903.460449,30.05654335,39.0,6.400800228,0.0,1000.0,56.98320007,57.98320007,238.1460571,0.663855553,3.0,7.608949661
4200.0,1.0,1232.0,16738.18945,30.06158066,26.0,3.96239996,32.91839981,1000.0,45.50720215,12.58879948,306.1494446,0.671828747,3.0,-6.470830917
4201.0,1.0,1257.0,13617.24121,84.85985565,47.0,10.66800022,60.35039902,1000.0,84.18560028,23.83519936,271.3002625,0.171514094,3.0,-4.117015839
4202.0,1.0,1239.0,26323.91797,736.8723145,43.0,3.657599926,39.92879868,2000.0,76.22320557,34.29439926,262.4720764,0.188271537,3.0,0.445457458
4203.0,1.0,1335.0,2845.56665,875.1231689,17.0,6.096000195,0.0,1000.0,14.2567997,14.2567997,235.4014282,0.302178949,7.0,-0.688025475
4204.0,1.0,1329.0,3180.415771,1581.423218,32.0,9.753600121,0.0,1000.0,20.72240067,20.72240067,307.4105835,1.049510121,3.0,-1.053533554
4205.0,1.0,1265.0,13420.30176,42.42454147,6.0,-1.828799963,10.36320019,1000.0,30.38400078,20.02080154,235.6569366,0.157537207,2.0,-2.190673351
4206.0,1.0,1261.0,1724.225952,1082.255493,37.0,8.229599953,28.34640121,2000.0,51.02080154,21.67440033,232.7493591,0.669152319,3.0,4.641635895
4207.0,1.0,1284.0,17454.42578,169.6947174,47.0,13.41120052,43.58639908,1000.0,63.459198,17.95839882,269.9103088,1.004607677,3.0,7.038951874
4208.0,1.0,1231.0,11979.94141,218.7725372,36.0,3.657599926,21.94560051,1000.0,43.01039886,24.76000023,232.9416504,3.029781818,3.0,-3.302083969
4209.0,1.0,1248.0,10801.77734,190.0554352,34.0,3.048000097,27.43200111,1000.0,33.69520187,6.263198853,309.95047,1.12510848,8.0,-0.495857239
4210.0,1.0,1233.0,29946.15234,701.1774292,41.0,1.828799963,31.08959961,1000.0,75.44239807,42.74319839,278.7017517,0.335610628,3.0,8.35389328
4211.0,1.0,1245.0,2020.001221,582.0320435,33.0,3.657599926,29.26079941,1000.0,49.459198,19.50320053,333.5096741,1.055864334,7.0,1.330039978
4212.0,1.0,1323.0,2107.664307,175.1098633,8.0,0.0,0.0,1000.0,11.6576004,12.6576004,275.8905334,0.293521196,7.0,-2.186573744
4213.0,1.0,1275.0,10810.39063,29.93622971,29.0,11.27760029,67.3608017,5000.0,97.88480377,30.52400017,295.3186646,0.575154245,7.0,3.876815796
4215.0,1.0,1283.0,3835.081055,191.9946899,17.0,3.96239996,12.80160046,1000.0,26.14400101,13.3423996,260.5074768,0.70712024,7.0,-0.40482235
4216.0,1.0,1285.0,14247.99707,192.1875153,26.0,1.219200015,0.0,1000.0,15.33199978,11.02719975,236.4010925,0.179086953,3.0,-0.480566025
4217.0,1.0,1243.0,24978.48633,59.87251663,44.0,7.010400295,40.84320068,1000.0,75.08959961,31.24639893,322.6790161,0.474745899,3.0,-3.013336182
4218.0,1.0,1273.0,9884.756836,228.8195343,62.0,9.144000053,27.43200111,1000.0,50.1128006,22.68080139,284.2000122,1.470107198,3.0,13.51866913
4219.0,1.0,1273.0,29.9362545,720.9907227,31.0,-5.486400127,47.24399948,6000.0,50.81200027,4.567998886,229.9285126,0.060488638,7.0,-13.00486755
4220.0,1.0,1280.0,10450.18555,295.0323181,28.0,4.267199993,41.14799881,1000.0,47.20240021,6.05439949,263.6363525,0.404512346,7.0,-1.661880493
4221.0,1.0,1282.0,11998.28809,174.7636566,34.0,4.267199993,41.14799881,1000.0,50.76399994,11.61599922,307.8625183,0.494670302,7.0,0.747144699
4222.0,1.0,1301.0,9074.103516,59.87334061,22.0,4.267199993,0.0,1000.0,16.5135994,16.5135994,229.5860443,0.489212573,7.0,0.252096176
4223.0,1.0,1301.0,9188.865234,133.988739,16.0,4.572000027,0.0,1000.0,9.903999329,14.5135994,229.5860443,0.206113324,7.0,2.656108856
4224.0,1.0,1340.0,4296.926758,59.87815857,16.0,0.0,0.0,4000.0,16.60960007,16.60960007,273.9919128,0.057312757,7.0,-4.295070171
4225.0,1.0,1321.0,17290.7793,618.3980103,24.0,3.96239996,0.0,1000.0,15.46560001,16.46559906,233.6003723,0.133894458,7.0,3.407487869
4226.0,1.0,1245.0,6714.880859,90.17984009,9.0,-1.524000049,28.34640121,8000.0,32.46960068,4.427999973,287.4823303,0.247197807,7.0,1.251166344
4227.0,1.0,1368.0,1611.801025,95.01419067,6.0,-1.828799963,0.0,1000.0,6.0,8.0,273.9898376,0.205508098,4.0,-0.869427204
4228.0,1.0,1353.0,2148.655029,108.2539749,9.0,-0.304800004,0.0,4000.0,7.171199799,8.171199799,226.7545624,0.103862002,4.0,-4.498311996
4229.0,1.0,1362.0,1467.786987,402.9789124,9.0,-0.304800004,0.0,8000.0,7.475999832,6.475999832,228.240387,0.054325841,4.0,-6.195188522
4230.0,1.0,1322.0,12359.56055,339.394928,28.0,2.743200064,0.0,4000.0,21.29439926,21.29439926,237.3046112,0.092038907,7.0,-0.388944626
4231.0,1.0,1359.0,4940.758789,1258.980225,13.0,0.609600008,0.0,1000.0,6.294399738,5.294399738,533.7050171,0.233738378,7.0,-9.507048607
4232.0,1.0,1317.0,11421.75,508.9926147,14.0,1.219200015,0.0,1000.0,4.855999947,2.855999947,279.58078,0.636705279,7.0,-3.723326683
4233.0,1.0,1233.0,11477.04297,30.06188583,31.0,7.010400295,27.12720108,1000.0,40.44879913,16.32159996,281.5425415,0.542407691,3.0,-1.710231781
4234.0,1.0,1318.0,10605.625,84.84837341,20.0,1.219200015,0.0,5000.0,12.98959923,11.98959923,236.0425568,0.607520819,7.0,-1.940343857
4235.0,1.0,1314.0,6801.368652,190.0308533,25.0,2.743200064,0.0,1000.0,20.73279953,20.73279953,235.1937561,0.894120157,7.0,1.914615631
4236.0,1.0,1353.0,2897.083496,553.0320435,12.0,-0.304800004,0.0,1000.0,9.256799698,8.256799698,227.893692,0.219858274,4.0,-4.734851837
4237.0,1.0,1329.0,4842.043945,306.5377502,10.0,-0.304800004,0.0,1000.0,11.8288002,11.8288002,228.1329956,0.757595897,7.0,-1.891901493
4238.0,1.0,1383.0,9432.197266,1051.848633,17.0,3.352800131,0.0,1000.0,13.03759956,13.03759956,234.0281677,0.14624308,7.0,-1.951903343
4239.0,1.0,1337.0,4042.673584,191.9983826,15.0,5.181600094,0.0,1000.0,11.95199966,12.95199966,268.2524414,0.280642807,7.0,0.644604683
4240.0,1.0,1335.0,3144.813477,777.3214111,18.0,5.791200161,0.0,1000.0,15.2567997,13.2567997,235.4014282,0.297416568,7.0,2.776656151
4241.0,1.0,1283.0,14808.43262,380.1055298,39.0,6.096000195,19.50720024,1000.0,32.5992012,13.09199905,288.2364502,0.245825812,3.0,1.932626724
4242.0,1.0,1335.0,12859.08008,812.1387329,23.0,2.133599997,1.524000049,2000.0,6.236000061,7.711999893,301.9830933,1.242388129,3.0,-1.828653336
4243.0,1.0,1348.0,3531.770264,495.9703674,9.0,0.0,0.0,1000.0,9.0,10.0,227.7549591,0.256559432,4.0,-5.558711052
4244.0,1.0,1260.0,14172.57422,108.2445068,47.0,0.609600008,21.64080048,2000.0,47.30479813,28.66399956,344.2381897,1.642488718,3.0,12.20522118
4245.0,1.0,1297.0,18000.50586,161.3159332,28.0,4.572000027,0.0,1000.0,15.80799961,14.80799961,239.8930359,0.187422767,7.0,2.886798859
4246.0,1.0,1292.0,6727.701172,192.1738739,22.0,4.572000027,0.0,1000.0,21.39039993,21.39039993,241.1565857,0.1088956,7.0,1.808228493
4247.0,1.0,1341.0,5710.167969,190.0421143,13.0,1.828799963,0.0,1000.0,12.69519997,13.69519997,226.424469,0.036496006,7.0,-3.450865269
4248.0,1.0,1245.0,15977.38867,268.6539917,44.0,4.267199993,21.03120041,1000.0,48.5719986,28.54080009,341.4767456,1.154693484,3.0,3.959529877
4249.0,1.0,1277.0,5788.458984,693.8328247,36.0,1.524000049,25.90800095,1000.0,45.44879913,19.54080009,233.1524658,0.813898861,7.0,8.582515717
4250.0,1.0,1240.0,9281.836914,360.5317078,42.0,10.36320019,28.34640121,6000.0,51.14400101,22.18799973,347.3398438,1.052836537,3.0,2.803785324
4251.0,1.0,1235.0,6873.063477,276.0693359,34.0,7.924799919,28.34640121,1000.0,43.75360107,17.40719986,238.2451019,0.459624112,3.0,0.618831635
4252.0,1.0,1248.0,19829.86328,59.87270737,45.0,1.524000049,18.28800011,1000.0,50.18159866,29.89360046,257.9699402,0.354515523,3.0,-1.971195221
4253.0,1.0,1276.0,1574.811646,67.17057037,16.0,1.828799963,11.27760029,1000.0,24.83919907,12.56159973,216.2163086,0.224538028,7.0,-3.805942535
4254.0,1.0,1287.0,1315.785156,834.3788452,28.0,6.096000195,17.37360001,1000.0,41.10639954,23.73279953,242.2795563,0.400133342,7.0,3.693142891
4255.0,1.0,1321.0,4878.398926,548.5528564,10.0,0.914399981,0.0,1000.0,11.52400017,10.52400017,244.3155823,0.331930608,7.0,-0.031763077
4256.0,1.0,1304.0,3081.743408,119.7456512,9.0,0.304800004,13.41120052,1000.0,17.83919907,5.427999973,383.9092102,0.380758464,7.0,-9.236821175
4257.0,1.0,1382.0,12450.99609,108.0919952,1.0,1.219200015,0.0,6000.0,0.0,4.475999832,424.9256592,0.911540627,9.0,-8.440473557
4258.0,1.0,1282.0,16687.89258,684.3901978,22.0,1.219200015,4.87680006,1000.0,17.73279953,12.85599995,327.7728271,0.118771359,3.0,-3.838737488
4259.0,1.0,1268.0,10544.29688,362.0035706,12.0,-3.048000097,7.619999886,1000.0,22.66799927,12.04800034,227.9892273,0.122211665,4.0,-3.945905447
4260.0,1.0,1280.0,20281.47266,189.4066162,42.0,-1.219200015,40.84320068,1000.0,47.79119873,7.947998047,265.0791626,0.24302958,3.0,-2.162857056
4261.0,1.0,1293.0,6548.266602,42.42414856,16.0,0.609600008,0.0,1000.0,20.87680054,20.87680054,210.1800995,0.493961185,7.0,-3.653987885
4262.0,1.0,1289.0,5074.665039,258.2337952,24.0,3.96239996,0.0,1000.0,29.4864006,29.4864006,274.8711548,1.000687838,7.0,1.160518646
4263.0,1.0,1286.0,1383.262085,474.6723633,30.0,7.010400295,17.06879997,1000.0,42.80160141,24.73279953,242.2795563,0.154640332,7.0,5.040594101
4264.0,1.0,1278.0,6796.947266,329.2991638,43.0,4.572000027,33.22320175,8000.0,47.26720047,15.26319885,343.8100586,2.519452572,3.0,-7.713809967
4265.0,1.0,1276.0,3886.139893,786.7921753,39.0,-0.914399981,37.79520035,1000.0,51.80160141,12.00639915,314.7203979,0.384183019,3.0,-6.738075256
4266.0,1.0,1279.0,8465.506836,212.116684,50.0,14.02080059,14.6303997,1000.0,56.4007988,36.770401,464.8374939,3.220290899,3.0,14.35929298
4267.0,1.0,1252.0,13209.49316,240.4931488,31.0,2.133599997,26.21280098,2000.0,26.73279953,0.0,271.3750305,0.589011014,3.0,-1.702079773
4268.0,1.0,1223.0,25799.04102,300.1995544,37.0,2.743200064,14.6303997,1000.0,35.78079987,18.15040016,265.1115417,0.25449878,3.0,0.859470367
4269.0,1.0,1361.0,1946.400269,216.1609497,7.0,0.609600008,0.0,4000.0,4.866399765,3.866400003,219.8304596,0.211356953,4.0,-2.500860453
4270.0,1.0,1354.0,2922.974365,451.8809204,12.0,0.0,0.0,1000.0,8.951999664,4.951999664,233.5835571,0.431993097,4.0,-5.494135857
4271.0,1.0,1374.0,598.8334351,420.2625122,9.0,-0.304800004,0.0,1000.0,8.085599899,4.085599899,352.0236816,0.221943364,4.0,-2.090919971
4272.0,1.0,1292.0,5867.876465,241.5975037,27.0,6.096000195,0.0,1000.0,27.9144001,29.9144001,224.7657166,0.617229402,7.0,3.596306801
4273.0,1.0,1284.0,4630.681641,270.5738831,22.0,5.486400127,7.315199852,1000.0,25.35280037,19.73279953,234.6785431,0.06046531,7.0,1.648996353
4274.0,1.0,1287.0,3230.858643,312.6459656,20.0,8.534399986,15.23999977,1000.0,31.8871994,16.64719963,319.2722473,1.28945446,7.0,3.768265724
4275.0,1.0,1287.0,14883.04883,272.229248,37.0,7.010400295,40.84320068,1000.0,46.75360107,5.910400391,233.4650726,0.666309953,3.0,3.255552292
4276.0,1.0,1290.0,17174.3457,513.4838257,43.0,6.705600262,34.44240189,1000.0,47.87680054,13.43440056,243.2221375,1.05070591,3.0,5.311893463
4277.0,1.0,1288.0,16789.66211,312.644043,40.0,5.791200161,36.27120209,1000.0,46.70560074,12.43440056,293.2263794,1.440922379,3.0,6.807184219
4278.0,1.0,1290.0,14160.31445,351.6990051,34.0,5.486400127,0.0,1000.0,40.4007988,38.4007988,252.3999481,0.128147155,3.0,2.68324852
4279.0,1.0,1276.0,8237.293945,312.6828613,31.0,2.43840003,16.76399994,1000.0,39.83919907,23.07519913,236.5254669,0.198631242,3.0,0.398391724
4280.0,1.0,1252.0,12444.5166,453.043457,45.0,3.352800131,28.95600128,1000.0,55.66799927,28.71199989,239.7377472,0.296168149,3.0,2.337936401
4282.0,1.0,1274.0,123.4569016,179.6175537,37.0,-6.096000195,45.11040115,6000.0,54.67839813,9.567998886,288.9666443,0.32114917,7.0,-11.57933617
4283.0,1.0,1275.0,59.872509,629.8284302,36.0,-6.096000195,47.24399948,6000.0,55.81200027,7.567998886,222.778717,0.92882508,7.0,-12.50300026
4284.0,1.0,1249.0,6924.279785,174.7781525,23.0,0.609600008,28.04160118,1000.0,46.16480255,16.12319946,233.1846008,0.348691165,7.0,5.120814323
4285.0,1.0,1286.0,4168.751465,350.5838318,30.0,8.534399986,12.80160046,1000.0,39.44879913,23.64719963,297.0748291,0.163913518,7.0,5.166462898
4286.0,1.0,1298.0,9419.071289,84.84881592,21.0,3.96239996,0.0,8000.0,19.78079987,19.78079987,223.8014832,0.164406627,7.0,2.636678696
4287.0,1.0,1345.0,1024.968384,30.062006,6.0,-1.524000049,0.0,1000.0,6.304800034,6.304800034,236.6921082,0.04826957,4.0,-2.372543335
4288.0,1.0,1254.0,28071.85938,516.8380737,9.0,0.914399981,26.21280098,1000.0,51.36719894,27.37360001,258.2064819,0.379216075,7.0,-1.822154999
4289.0,1.0,1233.0,8274.186523,295.8473511,29.0,3.96239996,26.21280098,1000.0,47.59280014,20.38000107,219.0163422,0.180827305,3.0,2.800405502
4290.0,1.0,1254.0,10732.90527,323.5701599,40.0,-0.609600008,20.42160034,6000.0,43.35279846,22.93120003,294.4144592,0.570312619,3.0,-6.400379181
4291.0,1.0,1247.0,3229.810791,84.84580994,24.0,4.572000027,28.95600128,8000.0,42.59280014,10.33199978,257.4503784,0.767930567,7.0,4.11841011
4292.0,1.0,1236.0,2528.764648,615.413147,22.0,3.657599926,23.46960068,8000.0,32.97280121,8.503199577,308.4467773,1.607220292,7.0,-5.008472443
4293.0,1.0,1288.0,5455.089844,127.2873154,31.0,-1.219200015,0.0,1000.0,22.770401,22.770401,231.6937561,1.286938071,7.0,-5.402021408
4294.0,1.0,1289.0,3441.168457,267.999176,23.0,5.486400127,0.0,1000.0,29.09600067,29.09600067,234.067337,0.268028378,7.0,1.267836571
4295.0,1.0,1289.0,6089.279297,241.6229553,28.0,3.352800131,0.0,1000.0,15.80799961,15.80799961,236.3157806,0.312512159,3.0,-1.898691177
4296.0,1.0,1360.0,4573.999023,488.4261475,6.0,0.0,0.0,1000.0,1.427999973,0.0,412.1723022,0.543391526,7.0,-10.50340843
4297.0,1.0,1330.0,7332.461914,1856.406616,23.0,9.144000053,0.0,1000.0,18.4279995,18.4279995,236.0544891,0.438949674,7.0,2.297831535
4298.0,1.0,1259.0,10294.37988,588.3404541,47.0,2.133599997,35.35680008,1000.0,62.5447998,27.88319969,249.7926788,0.188880801,3.0,1.060344696
4299.0,1.0,1286.0,14516.17188,127.2716751,36.0,4.267199993,0.0,6000.0,46.36320114,46.36320114,237.1136932,0.840798259,3.0,0.196784973
4300.0,1.0,1277.0,11054.02637,95.03347778,29.0,6.400800228,42.36719894,2000.0,46.98320007,3.615999222,299.6167603,0.030953692,7.0,1.009944916
4301.0,1.0,1272.0,9091.830078,180.3553925,29.0,0.914399981,18.28800011,1000.0,38.14400101,20.85599899,333.962738,0.083896108,3.0,1.441932678
4302.0,1.0,1282.0,16698.58008,503.6750183,26.0,1.524000049,4.267199993,1000.0,21.4279995,18.16080093,327.7728271,0.297197372,3.0,-5.003669739
4303.0,1.0,1340.0,731.7495117,332.0350952,17.0,4.572000027,0.0,1000.0,16.0855999,15.0855999,217.5499878,0.279236197,7.0,1.214875221
4304.0,1.0,1261.0,21872.91406,180.3841705,22.0,11.58240032,21.33600044,1000.0,43.33599854,21.30480003,238.2828217,0.327302516,7.0,10.30766869
4305.0,1.0,1327.0,4694.479492,150.0948486,12.0,1.524000049,0.0,1000.0,12.60960007,12.60960007,237.2275696,1.009313941,7.0,-0.345346928
4306.0,1.0,1362.0,2095.578613,29.941679,9.0,0.0,0.0,1000.0,6.256799698,6.256799698,224.2284393,0.304258585,4.0,-7.648574829
4307.0,1.0,1240.0,17930.54883,192.019516,49.0,7.010400295,19.20240021,1000.0,46.25680161,29.05439949,266.4563293,1.065694571,3.0,4.160617828
4308.0,1.0,1274.0,1003.161987,339.3890076,62.0,4.267199993,13.10640049,1000.0,41.27359772,27.16719818,348.7007751,0.244421139,3.0,16.04187775
4309.0,1.0,1328.0,7769.679199,569.6194458,24.0,9.144000053,14.02080059,1000.0,17.5991993,3.883199692,239.8017731,0.122876875,3.0,-1.11505127
4310.0,1.0,1289.0,5816.80127,175.0928497,36.0,3.657599926,0.0,1000.0,23.80799866,23.80799866,236.3157806,0.063705541,3.0,-2.27413559
4311.0,1.0,1325.0,4795.845215,323.6134338,22.0,11.27760029,0.0,1000.0,29.61999893,29.61999893,232.6618042,0.87425667,7.0,11.09742928
4312.0,1.0,1279.0,10247.79785,119.7460785,46.0,2.743200064,32.91839981,1000.0,44.47600174,10.55759811,233.044754,0.152186573,3.0,-5.067440033
4313.0,1.0,1266.0,15079.13184,254.5777435,44.0,2.43840003,25.60320091,1000.0,32.1128006,5.509597778,258.9714661,0.205060795,3.0,3.930221558
4314.0,1.0,1242.0,2527.630127,241.4034271,37.0,7.924799919,28.95600128,1000.0,54.37360001,25.41759872,238.9450226,0.260986596,3.0,12.38975906
4315.0,1.0,1245.0,2301.713623,457.5545349,28.0,7.619999886,35.35680008,1000.0,39.8871994,3.13999939,235.5420074,0.610764384,7.0,0.597669601
4316.0,1.0,1278.0,3290.437012,975.5549316,45.0,3.96239996,18.59280014,1000.0,29.4552002,10.86240005,348.6833191,0.307117313,3.0,-2.648521423
4317.0,1.0,1265.0,10202.75,1735.878418,55.0,2.133599997,26.51760101,1000.0,48.5992012,22.08160019,267.519104,0.655662119,3.0,5.243293762
4318.0,1.0,1385.0,5524.288086,914.1043701,7.0,0.0,0.0,1000.0,5.780799866,5.780799866,232.6908722,0.201293692,13.0,-1.613343477
4319.0,1.0,1317.0,15824.7666,295.809082,21.0,5.791200161,0.0,4000.0,20.39039993,20.39039993,370.7697449,0.591236532,7.0,9.934588432
4320.0,1.0,1323.0,12466.38965,509.0004883,18.0,1.219200015,0.0,2000.0,8.551199913,8.551199913,250.5688171,0.800866783,7.0,-2.910646439
4321.0,1.0,1285.0,2896.49707,254.5726929,22.0,6.096000195,0.0,1000.0,28.70560074,28.70560074,236.9894562,0.181965336,7.0,1.091332436
4322.0,1.0,1330.0,7030.597656,1263.125854,16.0,4.267199993,0.0,1000.0,12.95199966,12.95199966,292.3603516,0.17914632,7.0,-1.94439888
4323.0,1.0,1335.0,4727.848633,564.4085083,15.0,7.315199852,0.0,1000.0,7.684800148,8.684800148,364.0102234,0.692616522,7.0,-2.379560471
4324.0,1.0,1352.0,2014.882202,724.2025757,7.0,-0.304800004,0.0,1000.0,5.780799866,5.780799866,239.1515656,0.279477924,4.0,-5.092987061
4325.0,1.0,1355.0,2298.234131,30.05942345,10.0,-0.304800004,0.0,1000.0,6.951999664,6.951999664,222.869339,0.148550943,4.0,-5.280219555
4326.0,1.0,1353.0,1787.548828,360.7153015,9.0,-0.304800004,0.0,1000.0,7.475999832,7.475999832,263.7702637,0.437286943,4.0,-4.082520008
4327.0,1.0,1330.0,1756.217651,675.5424805,8.0,3.048000097,0.0,1000.0,6.780799866,7.780799866,239.8815918,0.199613124,4.0,0.515447617
4328.0,1.0,1337.0,2476.757568,424.2465515,9.0,0.304800004,0.0,1000.0,9.304800034,9.304800034,277.1060181,0.81821841,4.0,-2.139272451
4329.0,1.0,1328.0,2890.466064,593.9451294,10.0,1.828799963,0.0,1000.0,9.695199966,9.695199966,274.0428772,0.345687211,4.0,-2.527103186
4330.0,1.0,1339.0,1314.044434,242.115448,12.0,0.914399981,0.0,4000.0,12.30480003,12.30480003,282.972168,0.603790224,4.0,-2.37512207
4331.0,1.0,1241.0,2338.019287,296.960144,34.0,8.229599953,28.65120125,1000.0,50.76399994,20.1128006,265.1636047,0.152834177,3.0,9.409259796
4332.0,1.0,1326.0,5598.322754,241.3731689,14.0,1.828799963,0.0,1000.0,20.70560074,20.70560074,218.6343384,0.679933846,4.0,0.792354107
4333.0,1.0,1231.0,12388.65723,267.9819946,35.0,4.572000027,28.65120125,1000.0,48.7159996,21.06480026,319.7820435,0.595949709,3.0,-1.097848892
4334.0,1.0,1236.0,8253.506836,375.4608765,35.0,6.400800228,28.95600128,1000.0,44.14400101,15.18799973,344.6072388,1.065571308,3.0,-0.488004684
4335.0,1.0,1228.0,11971.19824,149.6908569,35.0,1.219200015,35.66160202,7000.0,44.14400101,9.482398987,425.0368958,2.278392792,3.0,-4.232776642
4336.0,1.0,1235.0,10836.83984,149.9021912,25.0,5.486400127,29.56559944,1000.0,51.51760101,20.4279995,299.8079834,1.148370385,3.0,1.869131088
4337.0,1.0,1237.0,10924.00391,84.85998535,54.0,22.25040054,17.67840004,1000.0,58.87680054,43.19839859,374.6216736,1.667815447,3.0,16.88692665
4338.0,1.0,1239.0,16158.68945,120.2553558,47.0,3.96239996,20.72640038,1000.0,49.43840027,28.71199989,282.4515381,0.859600008,3.0,2.527641296
4339.0,1.0,1247.0,13090.39746,488.4940491,45.0,3.352800131,24.99360085,1000.0,48.6576004,24.66399956,239.9655762,0.378560811,3.0,1.054134369
4340.0,1.0,1372.0,2462.811768,366.4563293,13.0,0.0,0.0,4000.0,10.86639977,9.866399765,228.9210663,0.132125124,4.0,-5.138967514
4341.0,1.0,1355.0,2348.578613,108.0892181,14.0,-0.304800004,0.0,1000.0,10.95199966,8.951999664,236.5712585,0.106546886,4.0,-5.097123146
4342.0,1.0,1241.0,2324.156006,247.8159027,29.0,7.619999886,28.65120125,1000.0,45.76399994,17.1128006,250.7127228,0.019704727,3.0,9.315982819
4343.0,1.0,1331.0,10939.38379,329.3137512,21.0,2.743200064,0.0,8000.0,16.12319946,16.12319946,246.8639069,1.215467334,7.0,-1.064694405
4344.0,1.0,1279.0,4213.280762,210.4476013,37.0,-5.181600094,31.39439964,8000.0,42.4864006,11.09199905,262.3181763,0.198258638,3.0,-3.702880859
4345.0,1.0,1245.0,6882.60498,189.444397,20.0,-1.219200015,28.04160118,1000.0,43.46960068,15.4279995,233.1846008,0.981075048,7.0,2.895367622
4346.0,1.0,1288.0,14492.30664,381.8150024,44.0,7.010400295,42.06240082,1000.0,54.36320114,15.04399872,234.8515015,1.180749655,3.0,4.450431824
4347.0,1.0,1238.0,6619.985352,228.1416016,44.0,12.80160046,30.47999954,1000.0,53.14400101,22.66399956,237.2178345,0.881238401,3.0,10.18119621
4348.0,1.0,1267.0,13639.97754,89.80940247,63.0,20.11680031,33.22320175,1000.0,52.33200073,19.41360092,338.3569641,2.545300245,3.0,13.984272
4349.0,1.0,1287.0,12980.5918,60.12782288,40.0,6.400800228,26.21280098,2000.0,43.35279846,10.13999939,292.848114,0.37830621,3.0,0.804880142
4350.0,1.0,1273.0,10325.11035,627.5488892,7.0,-2.743200064,7.619999886,1000.0,16.75360107,9.133600235,237.494339,0.125037521,7.0,-3.717318535
4351.0,1.0,1230.0,16348.33398,539.9430542,45.0,9.753600121,30.47999954,8000.0,60.23999786,18.76000023,278.7814941,0.310254037,3.0,5.128490448
4352.0,1.0,1290.0,12604.9541,318.8020935,25.0,14.02080059,14.93519974,1000.0,33.229599,16.98959923,238.3100891,0.945600986,7.0,9.169846535
4353.0,1.0,1301.0,5003.453125,84.85670471,20.0,11.27760029,14.02080059,1000.0,25.18160057,11.16079998,328.063324,1.101137638,7.0,3.006861687
4354.0,1.0,1281.0,14316.88672,306.550415,39.0,5.486400127,17.67840004,1000.0,31.98959923,13.31119919,307.5306396,0.112979285,3.0,3.179790497
4355.0,1.0,1285.0,13376.91895,189.407608,35.0,6.096000195,35.96640015,6000.0,45.36320114,12.39679909,327.5348511,0.084821746,3.0,0.121160507
4356.0,1.0,1268.0,7172.074219,285.074707,46.0,3.96239996,11.27760029,1000.0,23.44479942,12.16719818,233.9487305,0.227250218,3.0,-1.875095367
4357.0,1.0,1274.0,873.7232056,182.8546753,20.0,5.181600094,14.6303997,1000.0,27.31520081,10.68480015,253.9839325,0.556928992,7.0,0.362215042
4358.0,1.0,1233.0,10095.25586,134.3215485,32.0,7.010400295,31.08959961,1000.0,65.22320557,35.13359833,302.6470642,0.230826139,7.0,2.217792511
4359.0,1.0,1292.0,5056.001953,271.1044922,24.0,5.181600094,0.0,1000.0,27.96240044,27.96240044,227.580719,0.422147721,7.0,2.25049305
4360.0,1.0,1306.0,7206.946289,59.88108826,21.0,0.304800004,0.0,1000.0,15.20879936,15.20879936,238.1517334,0.412999451,7.0,0.407155037
4361.0,1.0,1314.0,9088.248047,426.1844788,42.0,10.36320019,0.0,1000.0,19.44479942,19.44479942,455.0117188,0.250259429,4.0,-10.8333149
4362.0,1.0,1379.0,2899.384521,489.2418823,10.0,-1.219200015,0.0,4000.0,9.085599899,8.085599899,283.434021,0.20901069,4.0,-1.734007716
4363.0,1.0,1330.0,6842.709473,760.1828003,30.0,7.619999886,10.05840015,1000.0,21.770401,11.71199989,227.7756042,0.164211318,3.0,-2.092979431
4364.0,1.0,1347.0,453.0920105,30.06159973,7.0,-1.219200015,0.0,6000.0,9.743200302,10.13360023,324.4924622,0.150153443,4.0,-3.043894768
4365.0,1.0,1355.0,1479.345459,242.3303223,7.0,-0.609600008,0.0,1000.0,5.475999832,5.780799866,238.7492371,0.081794448,4.0,-4.306268692
4366.0,1.0,1285.0,16185.07617,1022.028931,36.0,1.219200015,9.448800087,8000.0,34.78079987,25.33200073,268.9621277,1.337715745,3.0,4.599441528
4367.0,1.0,1278.0,6626.476563,503.7904968,22.0,0.914399981,24.99360085,1000.0,31.44879913,6.455200195,377.2280273,0.366137117,7.0,-4.087832451
4368.0,1.0,1331.0,8028.513184,580.3163452,7.0,0.304800004,0.0,1000.0,10.96240044,8.962400436,230.7177277,0.084665991,4.0,-0.262295723
4369.0,1.0,1340.0,1537.518677,361.989502,15.0,6.096000195,0.0,1000.0,13.78079987,14.78079987,233.4425812,0.31368643,7.0,2.714913368
4370.0,1.0,1292.0,10034.59277,330.6409607,26.0,5.181600094,0.0,2000.0,15.94159985,17.9416008,311.9308777,0.912933171,3.0,4.059333801
4371.0,1.0,1328.0,3547.429932,119.7491379,12.0,1.219200015,0.0,1000.0,12.0,13.30480003,235.1806335,0.826501131,7.0,-0.756401539
4372.0,1.0,1304.0,18950.81445,30.06326103,24.0,4.267199993,0.0,1000.0,22.47599983,22.47599983,228.5126343,0.771724284,7.0,1.218400955
4373.0,1.0,1281.0,6165.764648,255.9253082,33.0,3.352800131,0.0,1000.0,21.72240067,21.72240067,232.0854034,0.463058472,3.0,-2.838552475
4374.0,1.0,1338.0,1155.52063,242.1335144,8.0,-0.914399981,0.0,1000.0,8.304800034,10.30480003,238.0192566,0.146899536,4.0,-2.799164772
4375.0,1.0,1262.0,12151.56934,539.96521,44.0,13.71600056,61.26480103,1000.0,77.52799988,16.56799889,238.7511749,0.359767139,3.0,1.003616333
4376.0,1.0,1281.0,14260.6123,256.7424927,42.0,5.791200161,17.67840004,1000.0,34.98960114,17.31119919,307.5306396,0.639630198,3.0,3.093103409
4377.0,1.0,1330.0,3135.900635,1399.702881,35.0,14.93519974,0.0,1000.0,23.72240067,22.72240067,232.3521423,0.535481274,3.0,-2.968582153
4378.0,1.0,1288.0,3564.361084,329.3198242,30.0,1.524000049,0.0,1000.0,24.81839943,22.81839943,313.978302,0.150766194,7.0,-6.075439453
4379.0,1.0,1289.0,17077.56641,149.9203644,43.0,5.791200161,35.66160202,1000.0,49.09600067,10.43440056,237.5900574,0.310667336,3.0,-0.239629745
4380.0,1.0,1344.0,7936.043945,2623.686035,44.0,14.02080059,0.0,8000.0,29.67440033,33.67440033,535.6730957,0.143413544,4.0,12.97186279
4381.0,1.0,1247.0,2189.868652,766.2996216,27.0,7.010400295,35.35680008,1000.0,39.49679947,6.444799423,235.5420074,0.935008585,7.0,-0.882856369
4382.0,1.0,1316.0,16199.51563,430.0176086,24.0,2.43840003,0.0,2000.0,24.0,24.0,262.814209,1.31431222,7.0,6.450942516
4383.0,1.0,1329.0,6384.956543,228.7900848,26.0,11.58240032,0.0,1000.0,18.98959923,18.98959923,220.0155487,0.293395162,7.0,0.936027527
4384.0,1.0,1327.0,1233.576172,442.4630432,32.0,12.19200039,5.181600094,1000.0,12.79759979,7.615999222,225.4281921,0.399460912,3.0,-7.042987823
4385.0,1.0,1330.0,7512.229004,1875.801025,23.0,7.619999886,0.0,1000.0,18.4279995,18.4279995,209.6950836,0.585187852,7.0,0.335678101
4386.0,1.0,1337.0,5490.426758,258.2325134,17.0,2.133599997,0.0,1000.0,14.56159973,14.56159973,237.4575348,0.064598747,7.0,-1.847419739
4387.0,1.0,1243.0,16521.35156,201.5158234,54.0,1.828799963,20.42160034,1000.0,54.0,33.57839966,395.9024353,0.537146628,3.0,6.921066284
4388.0,1.0,1289.0,17722.89063,342.6906433,46.0,4.87680006,33.83280182,8000.0,50.26720047,14.43440056,274.3462219,0.298564464,3.0,1.552692413
4389.0,1.0,1225.0,15329.43848,480.98349,33.0,2.743200064,21.94560051,1000.0,40.92480087,18.67440033,299.1457825,1.974475145,3.0,-1.605236053
4390.0,1.0,1358.0,1760.823853,503.727356,17.0,-1.219200015,0.0,6000.0,17.0,17.0,277.5738831,0.103477426,4.0,-1.809569955
4391.0,1.0,1408.0,9480.87207,161.7830658,17.0,0.914399981,0.0,8000.0,15.78079987,15.78079987,237.8224182,0.218024462,13.0,0.253245831
4392.0,1.0,1286.0,5168.202148,384.3306885,23.0,1.219200015,0.0,1000.0,12.02719975,8.027199745,272.9513245,0.1226262,3.0,-0.873519897
4393.0,1.0,1285.0,16184.9541,67.16422272,45.0,4.572000027,30.47999954,8000.0,47.13359833,16.65359879,275.1162415,0.287835121,3.0,-1.322044373
4394.0,1.0,1333.0,2255.238037,618.7570801,15.0,3.657599926,0.0,1000.0,12.86639977,11.86639977,230.6161041,0.369242102,7.0,-1.317843914
4395.0,1.0,1245.0,3534.473877,209.5803223,32.0,2.133599997,28.65120125,1000.0,50.89759827,25.24639893,314.2697754,2.540116787,3.0,6.611339569
4396.0,1.0,1288.0,3269.876465,416.3652649,35.0,2.43840003,0.0,1000.0,21.2840004,23.2840004,265.3618164,0.007802498,3.0,-1.926689148
4397.0,1.0,1260.0,8600.570313,550.6895142,44.0,5.181600094,13.71600056,1000.0,22.35919952,9.643199921,323.0785522,0.343388945,3.0,-2.164302826
4398.0,1.0,1243.0,18433.42969,209.5555878,50.0,4.87680006,20.42160034,4000.0,43.5992012,25.17759895,337.2053528,0.477347851,3.0,4.19575882
4399.0,1.0,1277.0,5561.009766,300.875946,45.0,5.791200161,24.38400078,1000.0,34.02719879,9.947998047,304.8391418,0.556846797,3.0,-1.364891052
4400.0,1.0,1285.0,2896.49707,254.5726929,22.0,6.096000195,0.0,1000.0,28.70560074,28.70560074,236.9894562,0.181965336,7.0,1.390253067
4401.0,1.0,1285.0,17035.76758,228.1497955,44.0,10.66800022,28.65120125,1000.0,42.78079987,16.12960052,303.6693726,0.545277417,3.0,9.015911102
4402.0,1.0,1289.0,17197.81445,152.6676178,41.0,6.096000195,35.66160202,1000.0,46.4864006,11.43440056,238.3856659,0.879610121,3.0,1.03657341
4403.0,1.0,1281.0,9625.87207,393.7939758,10.0,0.609600008,24.38400078,1000.0,42.00400162,17.92480087,231.0444794,0.005006476,2.0,-1.502835751
4404.0,1.0,1334.0,3810.834473,380.0960083,12.0,0.914399981,0.0,1000.0,12.30480003,10.30480003,230.7401733,0.323850006,7.0,-1.386189938
4405.0,1.0,1326.0,1841.034912,180.3795013,14.0,1.219200015,0.0,1000.0,14.0,14.0,237.1900177,0.211276472,7.0,0.970236778
4406.0,1.0,1332.0,10151.14746,2166.880127,19.0,3.657599926,0.0,1000.0,15.3423996,15.3423996,247.4228668,0.091770887,7.0,-0.05547905
4407.0,1.0,1328.0,4039.52002,192.1742096,11.0,0.609600008,0.0,1000.0,11.60960007,12.60960007,269.5520935,0.806119025,7.0,-0.937656403
4408.0,1.0,1338.0,2484.995605,95.02963257,7.0,-2.133599997,0.0,1000.0,7.304800034,7.304800034,277.1060181,0.172440767,4.0,-3.321692467
4409.0,1.0,1229.0,11813.11621,608.0087891,36.0,3.048000097,26.51760101,1000.0,44.83919907,18.32159996,276.3268433,0.562330127,3.0,-8.049190521
4410.0,1.0,1235.0,17692.19336,400.9735107,41.0,6.400800228,33.22320175,1000.0,63.25040054,29.41759872,236.6120911,0.581427395,3.0,2.266599655
4411.0,1.0,1238.0,6737.03418,466.5243225,39.0,11.58240032,30.78479958,1000.0,48.44879913,17.66399956,279.5255737,0.189267665,3.0,10.81874275
4412.0,1.0,1316.0,1169.079224,300.166687,7.0,-2.133599997,0.0,1000.0,12.79120064,9.791200638,340.9230957,0.744840443,7.0,-4.162948608
4413.0,1.0,1364.0,3081.084473,30.05891037,11.0,0.0,0.0,1000.0,8.256799698,8.256799698,231.8227081,0.320883483,4.0,-7.396448612
4414.0,1.0,1358.0,3036.576416,577.6812134,13.0,0.0,0.0,1000.0,9.951999664,9.951999664,233.5835571,0.330147505,4.0,-6.420056343
4415.0,1.0,1227.0,25574.99414,175.113266,34.0,4.267199993,20.72640038,8000.0,44.97280121,24.24639893,238.1610413,0.216491401,7.0,2.627334595
4416.0,1.0,1228.0,15972.44141,216.5214539,44.0,7.315199852,22.25040054,1000.0,52.53440094,29.2840004,345.8016052,1.233603477,7.0,3.300788879
4417.0,1.0,1238.0,1003.187073,218.0438538,19.0,-0.304800004,25.90800095,1000.0,42.7743988,16.86639977,226.9910431,0.846462071,3.0,0.28621769
4418.0,1.0,1328.0,6361.259277,255.9203186,7.0,-0.304800004,0.0,1000.0,9.743200302,9.743200302,600.0,0.126037568,7.0,-0.327985287
4419.0,1.0,1261.0,6611.074707,849.4747925,40.0,-3.352800131,30.78479958,8000.0,45.4864006,16.70159912,233.6664429,0.26102829,3.0,2.798809052
4420.0,1.0,1285.0,16777.66406,454.9088745,46.0,8.534399986,77.72399902,1000.0,87.75759888,9.033599854,289.9630737,0.479775041,3.0,-5.55033493
4421.0,1.0,1317.0,15963.28613,246.9835052,23.0,5.181600094,0.0,3000.0,22.39039993,22.39039993,400.3467407,1.038291574,7.0,7.025198936
4422.0,1.0,1349.0,3135.346436,241.4060974,12.0,0.0,0.0,1000.0,10.47599983,10.47599983,244.1552124,0.431402802,4.0,-5.997806549
4423.0,1.0,1335.0,2879.498047,480.9950867,11.0,2.43840003,0.0,1000.0,10.0855999,12.0855999,306.0713806,0.568601429,7.0,0.205331326
4424.0,1.0,1326.0,1997.144165,241.3782043,16.0,1.219200015,0.0,1000.0,16.0,16.0,239.0260468,0.049028285,7.0,0.925289154
4425.0,1.0,1235.0,3259.568115,595.2636719,28.0,5.791200161,29.56559944,1000.0,38.97280121,9.40719986,288.5415955,0.426569343,3.0,1.498203278
4426.0,1.0,1256.0,4131.647461,94.70957184,17.0,-3.96239996,37.79520035,1000.0,58.45280075,21.5720005,227.443924,0.2028258,2.0,-0.091051102
4427.0,1.0,1307.0,19495.86523,218.0200806,28.0,4.87680006,0.0,1000.0,22.20879936,22.20879936,253.0272827,0.707699776,7.0,4.256252289
4428.0,1.0,1229.0,11015.50586,29.93907166,33.0,6.096000195,27.12720108,1000.0,42.14400101,15.01679993,228.2657471,0.447728783,3.0,-3.553091049
4429.0,1.0,1240.0,9520.794922,174.7492371,37.0,9.448800087,28.34640121,1000.0,45.83919907,17.49279976,303.6430359,1.559390783,3.0,3.905500412
4430.0,1.0,1248.0,1393.250977,539.7503052,23.0,6.400800228,32.91839981,1000.0,34.8871994,1.968799591,268.8176575,0.288187534,7.0,-0.477428436
4431.0,1.0,1277.0,2225.519531,60.12757874,16.0,0.609600008,11.58240032,1000.0,25.44879913,13.56159973,233.1724701,0.288470447,7.0,-2.739356995
4432.0,1.0,1331.0,6252.042969,822.1730347,19.0,6.705600262,0.0,1000.0,14.4279995,13.4279995,271.5907288,0.185947463,7.0,-1.797391891
4433.0,1.0,1289.0,3994.40625,295.8743896,22.0,1.828799963,15.23999977,4000.0,32.97280121,17.73279953,239.2091522,0.337015778,4.0,-0.959196091
4434.0,1.0,1288.0,14493.89453,324.7469788,44.0,7.010400295,39.62400055,1000.0,54.36320114,15.04399872,234.8515015,0.831260085,3.0,3.713726044
4435.0,1.0,1356.0,931.895874,399.5304871,7.0,-0.609600008,0.0,1000.0,6.085599899,7.085599899,238.7492371,0.380126059,4.0,-2.634360552
4436.0,1.0,1245.0,21805.76758,335.0054626,49.0,6.400800228,33.83280182,8000.0,66.37359619,36.540802,403.9776001,2.513973236,3.0,11.26496124
4437.0,1.0,1336.0,2043.734131,330.6789246,16.0,0.914399981,0.0,6000.0,12.95199966,13.2567997,262.7298889,1.23342967,7.0,-6.745782375
4438.0,1.0,1285.0,13376.91895,189.407608,37.0,6.096000195,35.96640015,6000.0,47.36320114,12.39679909,327.5348511,0.084821746,3.0,0.368438721
4439.0,1.0,1280.0,10403.49707,305.3491516,34.0,4.267199993,41.14799881,1000.0,53.20240021,12.05439949,263.6363525,0.318162918,7.0,-0.265424728
4440.0,1.0,1288.0,14493.89453,324.7469788,42.0,7.010400295,39.62400055,1000.0,52.36320114,15.04399872,234.8515015,0.831260085,3.0,3.53332901
4441.0,1.0,1267.0,1894.638428,341.4555054,36.0,5.181600094,17.67840004,4000.0,51.23999786,37.56159973,318.7191772,2.481422424,3.0,-4.802419662
4442.0,1.0,1237.0,5594.544922,234.3738708,43.0,5.791200161,27.43200111,1000.0,54.27759933,26.54080009,213.3830872,2.098008633,3.0,4.839265823
4443.0,1.0,1240.0,11180.05273,123.9103699,27.0,2.43840003,36.57600021,1000.0,62.35680008,24.56159973,209.8141022,0.788019598,7.0,-1.239616394
4444.0,1.0,1223.0,20018.80469,334.7731018,35.0,7.315199852,24.07920074,1000.0,46.8871994,20.80799866,463.1520081,0.715548813,7.0,3.349594116
4445.0,1.0,1265.0,16181.09082,174.7622681,4.0,-5.791200161,57.3024025,1000.0,68.92240143,11.61999989,225.9445343,0.118229322,2.0,-6.110898972
4446.0,1.0,1265.0,10428.24512,1501.962646,46.0,0.609600008,25.60320091,1000.0,38.07519913,10.47200012,278.3269653,0.292354494,3.0,-3.550193787
4447.0,1.0,1262.0,8092.705078,305.3504333,50.0,3.048000097,61.26480103,2000.0,73.46960449,11.20479965,270.7612,0.850455582,3.0,9.782016754
4448.0,1.0,1312.0,8238.219727,133.9998474,19.0,3.657599926,0.0,1000.0,10.77040005,10.77040005,216.5235596,0.772405624,7.0,1.46727562
4449.0,1.0,1239.0,228.7765808,748.494751,23.0,1.219200015,26.51760101,8000.0,37.63040161,9.807999611,333.7610474,3.879134417,7.0,2.42232132
4450.0,1.0,1238.0,8394.148438,192.1951141,51.0,-0.304800004,34.13759995,1000.0,51.0,23.86240005,376.2278137,4.403217793,3.0,12.85643768
4451.0,1.0,1366.0,1448.796997,417.1607361,11.0,-0.304800004,0.0,8000.0,10.0855999,9.085599899,236.87117,0.095712468,4.0,-3.253049612
4452.0,1.0,1337.0,9317.369141,218.0086212,4.0,0.0,0.0,1000.0,10.09600067,9.096000671,311.3614197,0.169562176,4.0,-0.655989408
4453.0,1.0,1236.0,7726.983887,456.3395081,27.0,0.0,32.61360168,1000.0,56.56559753,24.95199966,218.9992065,0.136042014,7.0,0.386657715
4454.0,1.0,1226.0,32293.66211,247.8586731,50.0,-1.219200015,20.42160034,1000.0,57.01039886,33.89360046,236.7308197,0.163285553,3.0,-2.761863708
4455.0,1.0,1378.0,12419.06934,731.9471436,13.0,5.791200161,0.0,1000.0,9.951999664,11.95199966,258.6872253,0.900692046,7.0,-8.117799759
4456.0,1.0,1255.0,25750.27734,123.9210815,53.0,7.010400295,33.22320175,1000.0,72.20240021,37.97919846,776.4214478,4.349786758,3.0,13.14318848
4457.0,1.0,1330.0,7257.256348,1415.082275,15.0,4.267199993,0.0,1000.0,11.95199966,12.95199966,288.651001,0.126445055,7.0,-1.568823814
4458.0,1.0,1228.0,17807.02539,180.3701172,34.0,4.267199993,21.33600044,1000.0,41.92480087,25.58879852,374.0403137,2.313284397,3.0,-0.15984726
4459.0,1.0,1321.0,15509.99414,42.42434311,24.0,1.219200015,0.0,1000.0,15.77040005,16.770401,233.0838776,0.374430329,7.0,2.320095062
4460.0,1.0,1282.0,9678.606445,59.87246323,36.0,21.64080048,74.06639862,1000.0,99.09359741,25.02719879,262.821991,0.193301544,3.0,10.28146362
4461.0,1.0,1334.0,3945.119873,828.1888428,19.0,6.705600262,0.0,1000.0,17.47599983,17.47599983,218.5808563,0.783158004,7.0,4.907765388
4462.0,1.0,1295.0,7340.800781,59.87324142,21.0,4.572000027,0.0,1000.0,19.1711998,19.1711998,237.8985138,0.060444366,7.0,0.575627327
4463.0,1.0,1270.0,4564.540039,268.655304,38.0,-4.87680006,31.08959961,8000.0,43.18159866,12.09199905,262.3181763,0.331329167,3.0,-2.889827728
4464.0,1.0,1281.0,1104.199097,363.0125427,19.0,3.352800131,11.58240032,1000.0,26.31520081,14.73279953,241.6746063,0.358187795,7.0,-1.379602432
4465.0,1.0,1229.0,10351.72656,359.2695313,29.0,4.87680006,27.43200111,1000.0,37.83919907,10.40719986,239.1081238,1.020277381,3.0,-3.684867859
4466.0,1.0,1232.0,31705.75391,84.86004639,40.0,0.0,19.50720024,1000.0,50.66799927,30.55120087,266.5654907,0.404939592,7.0,0.515197754
4467.0,1.0,1242.0,10398.40625,90.18331146,26.0,2.133599997,39.92879868,1000.0,64.70960236,18.78079987,225.8896942,0.167050973,7.0,-1.098218918
4468.0,1.0,1275.0,3949.692383,830.8688354,40.0,-0.304800004,37.79520035,8000.0,52.80160141,15.00639915,274.2779236,0.863207579,3.0,-8.527996063
4469.0,1.0,1334.0,5886.618164,1706.720459,25.0,11.88720036,0.0,1000.0,15.85599995,15.85599995,405.4612732,0.549812615,7.0,0.523845673
4470.0,1.0,1234.0,29881.91992,383.9822998,55.0,2.43840003,13.71600056,1000.0,43.72240067,30.00639915,287.9883423,1.517808557,3.0,12.89102936
4471.0,1.0,1241.0,2324.156006,218.7668304,33.0,7.924799919,28.65120125,1000.0,49.76399994,15.11279964,250.7127228,0.019704727,3.0,9.395709991
4472.0,1.0,1231.0,1642.942627,284.1655884,15.0,-3.96239996,26.51760101,8000.0,38.46960068,9.951999664,235.9159698,0.211436495,7.0,-0.183639526
4473.0,1.0,1309.0,5098.670898,749.5355225,21.0,4.267199993,0.0,1000.0,28.31520081,28.31520081,226.2583771,1.023285985,3.0,-3.686793327
4474.0,1.0,1333.0,6190.039551,881.6981201,22.0,4.572000027,0.0,1000.0,31.14400101,28.14400101,315.7493286,1.796101689,3.0,-7.045359135
4475.0,1.0,1330.0,2748.197754,313.7593994,37.0,13.41120052,10.05840015,4000.0,23.89360046,13.83519936,320.2749329,0.250119269,3.0,-2.918897629
4476.0,1.0,1225.0,18713.99805,89.81454468,37.0,8.229599953,33.52799988,1000.0,62.90800095,30.38000107,302.4996033,0.317618608,7.0,1.440896988
4477.0,1.0,1306.0,16637.83008,108.2494125,21.0,3.048000097,0.0,1000.0,16.4279995,18.4279995,246.2798004,0.224945396,7.0,1.59287262
4478.0,1.0,1286.0,4268.833008,376.3144531,27.0,6.400800228,12.80160046,1000.0,36.14400101,23.3423996,297.0748291,0.602806091,7.0,2.114095688
4479.0,1.0,1269.0,31413.95313,510.934906,13.0,7.315199852,0.0,1000.0,39.51760101,38.82240295,311.0653687,0.43418014,2.0,3.045540333
4480.0,1.0,1283.0,14283.25195,384.3432617,37.0,3.657599926,27.73680115,1000.0,38.21920013,12.48239899,219.0303345,0.087009236,3.0,-1.193059921
4481.0,1.0,1369.0,1100.383911,123.4783936,8.0,-0.304800004,0.0,1000.0,6.780799866,8.780799866,252.3235321,0.536252677,4.0,-5.881690025
4482.0,1.0,1304.0,20649.77148,42.42425919,21.0,1.524000049,0.0,3000.0,13.07520008,13.07520008,230.8331604,0.321189731,7.0,0.406633377
4483.0,1.0,1345.0,4038.064941,1331.131958,42.0,12.19200039,0.0,8000.0,12.43440056,11.43440056,329.3760681,1.082422853,4.0,16.81178856
4484.0,1.0,1284.0,5097.046387,94.71250153,30.0,3.657599926,0.0,1000.0,18.41759872,18.41759872,264.7330627,0.386096776,3.0,-1.962312698
4485.0,1.0,1266.0,17418.52344,688.5970459,39.0,0.914399981,20.42160034,1000.0,42.04800034,18.62639999,244.7566986,0.974310935,3.0,2.015169144
4486.0,1.0,1279.0,4200.080566,161.7959747,38.0,-5.181600094,31.39439964,1000.0,42.5719986,11.09199905,262.3181763,0.375060081,3.0,-3.431720734
4487.0,1.0,1291.0,9528.020508,190.0648956,18.0,1.828799963,0.0,1000.0,16.78079987,16.78079987,223.6870117,0.141558692,7.0,-1.300900459
4488.0,1.0,1279.0,10497.21191,108.0845032,33.0,4.87680006,37.79520035,1000.0,50.37360001,12.57839966,256.5212708,0.369861484,7.0,-1.27122879
4489.0,1.0,1329.0,5318.154297,407.7635803,15.0,1.219200015,0.0,1000.0,16.8288002,16.8288002,236.4587097,0.220697761,7.0,1.667158604
4490.0,1.0,1245.0,3591.595947,254.5808716,22.0,0.914399981,28.65120125,8000.0,41.20240021,13.55119991,257.4503784,0.674673617,3.0,1.526290894
4491.0,1.0,1250.0,7276.173828,150.0963898,30.0,0.914399981,28.34640121,1000.0,54.07920074,26.73279953,233.1846008,0.967544913,7.0,4.606799126
4492.0,1.0,1285.0,10731.21289,334.7949829,21.0,2.43840003,0.0,1000.0,10.63679981,15.24639988,265.2821045,0.521113455,3.0,-1.770015717
4493.0,1.0,1229.0,13525.07422,378.8369751,36.0,3.96239996,25.29840088,1000.0,44.53440094,13.23600006,271.6303406,1.185140729,3.0,-3.854831696
4494.0,1.0,1359.0,4866.740234,1385.493408,8.0,0.304800004,0.0,1000.0,2.818399906,2.818399906,533.7050171,0.086696029,4.0,-10.02019024
4495.0,1.0,1333.0,5158.128418,450.0748901,15.0,3.048000097,0.0,1000.0,11.95199966,8.951999664,230.5181427,0.550350845,7.0,-1.724259377
4496.0,1.0,1332.0,11690.11426,780.1724854,23.0,2.133599997,4.267199993,2000.0,8.979199409,6.711999893,288.5073547,1.160050392,7.0,-1.57339859
4497.0,1.0,1334.0,12429.73242,418.4460449,21.0,1.828799963,0.609600008,1000.0,4.540800095,3.540800095,316.5570679,0.904602945,7.0,-7.831046104
4498.0,1.0,1359.0,4826.797852,1288.888184,12.0,0.304800004,0.0,1000.0,6.818399906,6.818399906,533.7050171,0.374607533,4.0,-9.507048607
4499.0,1.0,1388.0,9923.726563,89.82819366,9.0,2.133599997,0.0,4000.0,5.647199631,5.647199631,322.4944153,0.082263231,7.0,-0.635074615
4500.0,1.0,1359.0,4798.584961,1173.89917,8.0,0.609600008,0.0,1000.0,2.818399906,4.818399906,533.7050171,0.49453789,4.0,-8.644159317
4501.0,1.0,1361.0,703.2059326,417.1956482,14.0,-0.304800004,0.0,4000.0,11.56159973,11.56159973,242.6564789,0.080148764,4.0,-3.743311644
4502.0,1.0,1333.0,6186.987305,1115.906372,22.0,8.83920002,0.0,1000.0,17.73279953,17.73279953,292.7341919,0.601285398,7.0,2.033018112
4503.0,1.0,1333.0,5158.128418,450.0748901,15.0,3.048000097,0.0,1000.0,11.95199966,8.951999664,230.5181427,0.550350845,7.0,-1.724259377
4504.0,1.0,1360.0,3975.000732,308.5388184,4.0,-0.304800004,0.0,1000.0,0.951999903,0.0,223.5484924,0.231211916,4.0,-10.3887291
4505.0,1.0,1361.0,3320.480713,665.0998535,10.0,0.0,0.0,1000.0,6.951999664,8.951999664,220.4210968,0.478580534,4.0,-7.968038559
4506.0,1.0,1348.0,2134.597656,659.3797607,8.0,0.0,0.0,1000.0,7.085599899,8.085599899,214.5054779,0.106488898,4.0,-4.706386089
4507.0,1.0,1336.0,3810.834473,400.9920959,12.0,0.914399981,0.0,1000.0,12.30480003,12.30480003,230.7401733,0.323850006,7.0,-1.084784508
4508.0,1.0,1233.0,14478.66211,127.2683868,36.0,14.02080059,30.17519951,1000.0,53.98320007,26.19839859,273.6841431,0.192623302,3.0,6.199701309
4509.0,1.0,1329.0,2399.675049,133.99086,15.0,0.0,0.0,6000.0,19.5720005,18.5720005,236.2285767,0.086931624,4.0,-3.18576622
4510.0,1.0,1348.0,4118.383301,84.85704041,10.0,0.0,0.0,1000.0,10.0,10.0,227.7549591,0.039291933,4.0,-5.575404644
4511.0,1.0,1366.0,1298.059937,123.9049683,7.0,-0.304800004,0.0,8000.0,6.390399933,6.390399933,236.87117,0.150186077,4.0,-4.727125168
4512.0,1.0,1258.0,15740.61621,216.1721802,47.0,-3.657599926,22.55520058,1000.0,38.770401,18.60560036,272.6569519,0.247077167,3.0,1.945892334
4513.0,1.0,1282.0,6082.884766,306.551239,41.0,11.58240032,31.08959961,1000.0,53.19200134,22.71199989,276.8141479,0.188342661,3.0,9.629320145
4514.0,1.0,1358.0,2296.917236,182.1397858,11.0,-0.304800004,0.0,4000.0,7.951999664,10.95199966,222.869339,0.32397595,4.0,-4.652046204
4515.0,1.0,1360.0,3975.000732,324.2427979,4.0,-0.304800004,0.0,1000.0,0.951999903,0.951999903,223.5484924,0.231211916,4.0,-10.37787628
4516.0,1.0,1286.0,13949.83398,201.4933014,38.0,9.448800087,32.30879974,6000.0,43.18159866,11.09199905,318.9026489,0.999894977,3.0,4.803243637
4517.0,1.0,1331.0,5171.389648,211.7124176,21.0,7.315199852,0.0,1000.0,10.94159985,11.94159985,259.5557251,1.340318561,7.0,-5.41399765
4518.0,1.0,1334.0,6756.163574,933.1038818,21.0,3.657599926,0.0,4000.0,17.95199966,13.95199966,255.7847595,0.364652187,7.0,0.796854973
4519.0,1.0,1241.0,23109.90234,108.246994,53.0,1.524000049,21.33600044,6000.0,58.79119873,37.4552002,416.4726563,1.436092019,3.0,-0.345413208
4520.0,1.0,1279.0,2258.465576,498.8844299,20.0,9.448800087,6.705600262,1000.0,25.79120064,20.0855999,258.2306213,0.605061889,7.0,4.688010216
4521.0,1.0,1278.0,988.4767456,306.5360413,18.0,2.43840003,6.400800228,1000.0,24.09600067,15.69519997,276.4200134,0.157792777,4.0,-3.23540163
4522.0,1.0,1274.0,22830.45117,375.4839478,11.0,-2.43840003,48.46319962,1000.0,64.03520203,15.5720005,303.6260681,0.037006099,2.0,1.66064024
4523.0,1.0,1255.0,1731.008545,268.6679688,21.0,5.486400127,29.87039948,4000.0,35.32559967,5.455200195,256.3291931,1.816979527,7.0,-3.655611038
4524.0,1.0,1236.0,593.9208374,561.4381714,25.0,0.609600008,30.17519951,1000.0,38.7159996,8.540800095,351.0574951,1.46179986,7.0,-0.32932663
4525.0,1.0,1271.0,7502.808594,581.4279175,37.0,0.609600008,29.56559944,1000.0,57.42160034,26.85599899,345.3184814,1.29404819,3.0,3.688873291
4526.0,1.0,1383.0,9314.113281,1079.602539,20.0,3.048000097,0.0,1000.0,16.3423996,13.3423996,234.0281677,0.195740357,7.0,-2.071177483
4527.0,1.0,1313.0,14691.61914,296.9631958,16.0,5.486400127,0.0,2000.0,15.69519997,17.69519997,260.0296936,1.683911085,7.0,8.224935532
4528.0,1.0,1300.0,10187.38281,191.995636,21.0,4.572000027,0.0,6000.0,17.03759956,17.03759956,215.9525452,0.110206224,7.0,1.712304115
4529.0,1.0,1391.0,7799.318359,1507.936157,17.0,2.743200064,0.0,1000.0,15.47599983,15.47599983,251.7765656,0.049964808,13.0,0.918604851
4530.0,1.0,1249.0,14830.51953,351.7310791,52.0,3.96239996,22.25040054,1000.0,50.78079987,27.53039932,387.8519592,0.385470212,3.0,2.687839508
4531.0,1.0,1287.0,11984.90918,161.336441,29.0,6.705600262,0.0,1000.0,19.55120087,10.55119991,233.6463776,0.77784121,3.0,-0.397996902
4532.0,1.0,1233.0,8178.804199,59.87850571,31.0,1.828799963,25.29840088,5000.0,42.8871994,18.58879852,299.3771057,0.505438089,3.0,-3.970275879
4534.0,1.0,1323.0,2154.11499,150.0954437,9.0,0.0,0.0,1000.0,12.6576004,10.6576004,275.8905334,0.496849597,7.0,-1.841394424
4535.0,1.0,1233.0,8178.804199,59.87850571,30.0,1.828799963,25.29840088,5000.0,41.8871994,16.58879852,299.3771057,0.505438089,3.0,-4.153129578
4536.0,1.0,1281.0,3259.88208,240.5098877,20.0,3.96239996,0.0,1000.0,28.83919907,29.14400101,234.1230469,0.396841645,7.0,-1.511273384
4537.0,1.0,1365.0,2864.206787,457.5760803,10.0,0.0,0.0,1000.0,6.951999664,4.951999664,227.1118622,0.55938679,4.0,-7.844355583
4538.0,1.0,1302.0,19176.41992,1807.856812,116.0,12.80160046,51.51119995,1000.0,138.2503967,86.43440247,536.2664795,2.607429266,3.0,66.65925598
4539.0,1.0,1251.0,25805.60742,191.9886627,49.0,6.705600262,33.22320175,2000.0,68.20240021,34.97919846,534.5977783,2.67903018,3.0,9.771102905
4540.0,1.0,1235.0,6704.123047,149.6977844,33.0,3.96239996,25.90800095,1000.0,49.76399994,23.85599899,302.1727905,0.200249135,3.0,3.151823044
4541.0,1.0,1246.0,5091.07959,133.9953003,17.0,2.133599997,26.82240105,1000.0,44.12720108,17.30480003,224.7222137,0.959419191,3.0,6.668190002
4542.0,1.0,1234.0,5329.739258,201.4759064,27.0,4.87680006,26.82240105,1000.0,44.37360001,17.55120087,288.2408447,0.222290009,3.0,3.617341995
4543.0,1.0,1337.0,9345.249023,324.7762756,7.0,0.0,0.0,1000.0,12.79120064,11.79120064,311.3614197,0.520484984,4.0,-0.394869089
4544.0,1.0,1333.0,2155.564453,799.4503784,18.0,3.352800131,0.0,1000.0,15.86639977,15.86639977,235.4014282,0.27711466,7.0,-0.770215988
4545.0,1.0,1332.0,9080.966797,153.2663879,23.0,8.534399986,0.0,1000.0,18.12319946,18.12319946,230.6294098,0.934143305,7.0,0.86669445
4546.0,1.0,1337.0,2137.4375,218.7962494,7.0,1.219200015,0.0,1000.0,7.304800034,7.304800034,277.1060181,0.79433316,4.0,-2.277017117
4547.0,1.0,1359.0,4826.797852,1293.092896,10.0,0.304800004,0.0,1000.0,4.818399906,4.818399906,533.7050171,0.374607533,4.0,-9.466348648
4548.0,1.0,1306.0,10394.33594,537.3239136,14.0,1.524000049,0.0,6000.0,7.903999805,7.903999805,248.381424,0.065221682,7.0,-2.938209534
4549.0,1.0,1290.0,9893.560547,468.9747314,28.0,1.219200015,0.0,1000.0,11.54080009,10.54080009,237.2644501,0.31220144,7.0,-1.083011627
4550.0,1.0,1328.0,13861.15234,470.11026,33.0,1.219200015,12.80160046,1000.0,19.89360046,9.835199356,255.9015045,0.585308373,7.0,8.901948929
4551.0,1.0,1310.0,12073.95801,390.5638123,24.0,2.133599997,0.0,1000.0,17.29439926,14.29439926,310.7971802,0.649774075,7.0,-4.805275917
4552.0,1.0,1286.0,13846.31641,334.7366943,40.0,9.753600121,31.08959961,1000.0,45.18159866,16.09199905,318.9026489,0.542795956,3.0,7.023244858
4553.0,1.0,1291.0,16632.28711,428.7154846,38.0,4.572000027,37.18560028,6000.0,45.61999893,8.434400558,239.9977264,0.916886747,3.0,0.788137436
4554.0,1.0,1256.0,10056.56445,254.5408325,42.0,0.609600008,19.50720024,1000.0,44.74319839,25.23600006,465.9999695,4.767085552,3.0,8.580699921
4555.0,1.0,1274.0,94.71143341,760.2073364,44.0,-5.791200161,43.28160095,6000.0,60.15439987,18.17759895,316.0551147,0.231223673,7.0,-10.87767792
4556.0,1.0,1286.0,16553.91992,313.7771301,43.0,10.66800022,27.73680115,1000.0,41.78079987,14.04399872,279.0832825,0.627305508,3.0,6.506515503
4557.0,1.0,1271.0,2013.849976,218.8040466,70.0,4.87680006,16.76399994,1000.0,52.32160187,35.55759811,332.2403259,0.146816149,3.0,26.36038971
4558.0,1.0,1232.0,5808.273926,300.6088867,40.0,9.753600121,28.04160118,1000.0,50.66799927,22.62639999,285.0740662,0.342062503,3.0,5.097431183
4559.0,1.0,1226.0,21053.61523,234.2015839,43.0,6.705600262,23.77440071,1000.0,55.80160141,29.02719879,336.2610474,0.995795906,3.0,2.096374512
4560.0,1.0,1249.0,1483.239258,446.0320129,32.0,6.400800228,34.44240189,1000.0,45.10639954,10.66399956,235.5420074,0.930461764,7.0,-0.856372833
4561.0,1.0,1290.0,4118.668457,42.42292404,22.0,7.924799919,0.0,1000.0,27.79120064,30.79120064,346.407135,1.284598112,3.0,13.05820942
4562.0,1.0,1244.0,6447.787598,59.88053513,29.0,-2.133599997,27.73680115,1000.0,51.86000061,24.12319946,287.4823303,0.464355558,7.0,1.231284142
4563.0,1.0,1334.0,5921.225098,1753.321289,27.0,10.36320019,0.0,1000.0,17.85599899,16.85599899,405.4612732,0.234915137,7.0,0.806680679
4564.0,1.0,1338.0,1029.130737,182.8406372,6.0,0.0,0.0,8000.0,6.0,6.0,238.0192566,0.28986752,4.0,-2.459842682
4565.0,1.0,1288.0,3187.558594,703.4458008,33.0,1.524000049,0.0,1000.0,19.2840004,19.2840004,272.895752,0.146225065,7.0,-1.516824722
4566.0,1.0,1271.0,16394.85156,29.9362545,19.0,2.43840003,48.46319962,1000.0,78.74079895,27.75360107,220.7841034,0.572268963,7.0,-1.243477821
4567.0,1.0,1286.0,5796.588867,182.120575,23.0,5.791200161,6.400800228,1000.0,24.21920013,16.81839943,239.790329,0.656814218,7.0,2.781612396
4568.0,1.0,1330.0,2004.139526,182.842392,8.0,0.609600008,0.0,1000.0,6.780799866,6.780799866,230.0164642,0.174852923,4.0,-1.790202618
4569.0,1.0,1336.0,2333.564697,350.1879272,10.0,2.133599997,0.0,1000.0,10.9144001,10.9144001,237.107132,0.194861248,4.0,-0.508624077
4570.0,1.0,1262.0,20958.81055,569.5847778,22.0,12.49680042,21.03120041,1000.0,43.33599854,22.30480003,212.3768311,0.358941197,7.0,11.44256401
4571.0,1.0,1303.0,2681.225342,424.2473145,15.0,5.181600094,14.32560062,1000.0,21.09600067,9.380000114,324.277771,0.80632031,7.0,-3.168052673
4572.0,1.0,1323.0,2154.11499,150.0954437,9.0,0.0,0.0,1000.0,12.6576004,10.6576004,275.8905334,0.496849597,7.0,-1.841394424
4573.0,1.0,1318.0,10605.625,84.84837341,20.0,1.219200015,0.0,5000.0,12.98959923,11.98959923,236.0425568,0.607520819,7.0,-1.940343857
4574.0,1.0,1267.0,4195.465332,42.42295074,20.0,1.219200015,22.86000061,1000.0,47.12720108,24.26720047,270.5545959,0.703388929,7.0,5.528335571
4575.0,1.0,1320.0,5606.236328,255.9055786,12.0,3.657599926,0.0,1000.0,15.96240044,17.96240044,301.5322876,0.84435761,7.0,1.158010006
4576.0,1.0,1316.0,8902.768555,201.4940491,23.0,3.048000097,0.0,1000.0,17.20879936,16.20879936,235.7702332,0.250947595,7.0,0.552049637
4577.0,1.0,1245.0,1770.561646,402.0364685,21.0,-3.048000097,28.34640121,1000.0,37.15439987,8.807999611,338.4928284,1.007095814,2.0,-4.924172401
4578.0,1.0,1284.0,15876.41309,665.6620483,51.0,0.914399981,8.83920002,1000.0,49.1711998,41.33200073,268.9621277,0.984728813,3.0,8.776788712
4579.0,1.0,1269.0,3260.002441,256.6841125,12.0,3.657599926,0.0,1000.0,23.58240128,23.58240128,344.7632141,0.713962555,7.0,-0.773982048
4580.0,1.0,1232.0,12914.29102,1084.09375,36.0,3.657599926,30.78479958,3000.0,41.79119873,11.00639915,233.1730347,0.539899409,3.0,-2.534702301
4581.0,1.0,1282.0,16640.51563,724.2547607,25.0,1.219200015,4.87680006,1000.0,20.73279953,15.85599995,327.7728271,0.077621698,3.0,-3.410020828
4582.0,1.0,1276.0,3910.773926,269.4743347,12.0,5.791200161,0.0,1000.0,21.44879913,21.44879913,354.5866089,1.49901855,7.0,2.258761406
4583.0,1.0,1377.0,2814.247314,246.9586182,18.0,-0.609600008,0.0,4000.0,16.78079987,17.78079987,251.5667877,0.045149069,4.0,-2.816288948
4584.0,1.0,1377.0,2814.247314,246.9586182,18.0,-0.609600008,0.0,4000.0,16.78079987,17.78079987,251.5667877,0.045149069,4.0,-2.816288948
4585.0,1.0,1254.0,14735.30664,669.5065308,44.0,1.524000049,26.21280098,2000.0,56.49679947,30.2840004,206.0944061,0.093291469,3.0,-0.303791046
4586.0,1.0,1262.0,12064.12109,552.1264038,49.0,14.02080059,60.95999908,1000.0,82.52799988,20.56799889,238.7511749,0.31507203,3.0,0.987499237
4587.0,1.0,1262.0,12517.97754,511.1033325,47.0,13.10640049,60.65520096,2000.0,81.44239807,22.78719902,271.3002625,0.575731516,3.0,0.93415451
4588.0,1.0,1306.0,13165.6748,283.2952271,19.0,4.87680006,0.0,1000.0,19.0,21.0,229.5915222,0.379831761,7.0,2.931054115
4589.0,1.0,1227.0,12118.77734,552.1735229,45.0,5.181600094,26.82240105,1000.0,54.14400101,27.32159996,279.0896606,1.745413661,3.0,-3.551469803
4590.0,1.0,1283.0,18044.69141,284.1112366,47.0,10.66800022,29.87039948,1000.0,45.78079987,14.91040039,233.979187,0.352732807,3.0,7.199455261
4591.0,1.0,1269.0,3820.63501,239.4898071,27.0,8.534399986,37.18560028,1000.0,55.34640121,19.98959923,285.9217834,1.121659517,7.0,3.846251488
4592.0,1.0,1296.0,9606.044922,366.4599915,25.0,2.43840003,0.0,8000.0,17.07519913,17.07519913,290.8278198,0.461245686,4.0,-0.529726028
4593.0,1.0,1263.0,7676.227539,30.06058502,27.0,1.219200015,30.78479958,2000.0,39.19200134,8.40719986,257.1876831,0.310468584,3.0,-2.198076248
4594.0,1.0,1244.0,7648.881348,530.7084961,50.0,2.133599997,24.07920074,1000.0,50.91439819,27.83519936,318.9545288,0.791078508,3.0,10.502491
4595.0,1.0,1274.0,10959.23535,300.6392517,64.0,14.02080059,33.83280182,2000.0,63.08560181,28.25279999,392.0385742,2.949325562,3.0,7.484771729
4596.0,1.0,1279.0,11484.83398,401.0269775,34.0,6.096000195,42.06240082,1000.0,51.98320007,9.920799255,318.375885,0.45340094,7.0,1.689435959
4597.0,1.0,1286.0,14283.49316,200.9803772,33.0,6.705600262,39.62400055,2000.0,43.66799927,4.043998718,300.0771484,0.624513686,3.0,1.683383942
4598.0,1.0,1292.0,5051.512695,852.3569946,23.0,2.743200064,0.0,1000.0,29.70560074,29.70560074,231.599411,0.393393844,7.0,1.749879837
4599.0,1.0,1390.0,6876.134277,551.2982788,12.0,0.609600008,0.0,1000.0,10.47599983,10.47599983,236.4909515,0.333114147,13.0,-1.257733822
4600.0,1.0,1361.0,599.6472778,150.089035,6.0,-0.609600008,0.0,1000.0,6.0,5.695199966,259.7440491,0.197677314,4.0,-3.881755829
4601.0,1.0,1256.0,10616.14551,330.6913757,28.0,2.133599997,28.04160118,6000.0,25.56159973,0.0,262.8872986,0.307195067,8.0,-6.356508255
4602.0,1.0,1331.0,6256.062988,593.9431152,17.0,2.43840003,0.0,1000.0,14.2567997,15.2567997,227.0867462,0.215547547,7.0,-0.647171021
4603.0,1.0,1292.0,6077.422363,228.7988129,27.0,5.486400127,0.0,1000.0,27.9144001,29.9144001,230.4568176,0.303831607,7.0,3.16003418
4604.0,1.0,1286.0,4660.163086,492.3322144,31.0,13.41120052,14.02080059,1000.0,42.27759933,28.2567997,332.327179,0.611303389,7.0,9.041687012
4605.0,1.0,1250.0,20953.6543,882.8828735,40.0,5.486400127,34.13759995,8000.0,59.20240021,24.06480026,292.0119019,1.210258245,3.0,-3.118034363
4606.0,1.0,1262.0,11056.89746,149.9220734,32.0,-4.572000027,24.68880081,1000.0,28.03759956,7.348798752,311.5770874,0.293855786,3.0,-3.108535767
4607.0,1.0,1317.0,8703.480469,342.6410217,17.0,0.609600008,0.0,1000.0,13.3423996,15.3423996,233.7009735,0.160702825,7.0,-0.379458427
4608.0,1.0,1333.0,9397.880859,332.0011902,14.0,2.133599997,0.0,2000.0,3.027199745,0.0,399.2555237,1.282031298,7.0,-3.792266846
4609.0,1.0,1306.0,10394.33594,537.3239136,14.0,1.524000049,0.0,6000.0,7.903999805,6.903999805,248.381424,0.065221682,7.0,-2.938209534
4610.0,1.0,1336.0,12409.21582,169.6917267,31.0,8.83920002,0.0,1000.0,43.19200134,43.19200134,309.2535095,0.530358732,7.0,2.365056992
4611.0,1.0,1359.0,6798.606445,2409.240479,38.0,4.572000027,4.87680006,1000.0,38.0,35.81840134,302.4663086,0.803453445,3.0,9.137702942
4612.0,1.0,1339.0,3184.164063,134.0046539,19.0,4.267199993,0.0,1000.0,15.64719963,15.64719963,238.0587463,0.872646153,7.0,-4.040005207
4613.0,1.0,1267.0,5978.89502,350.5570068,63.0,11.58240032,21.33600044,1000.0,47.15039825,26.42399979,346.0927734,1.514820933,3.0,15.37116241
4614.0,1.0,1305.0,8995.516602,108.0783157,20.0,0.609600008,0.0,1000.0,13.90399933,13.90399933,307.6598816,0.705321908,7.0,-0.201223373
4615.0,1.0,1295.0,7908.549805,67.16468048,23.0,3.96239996,0.0,5000.0,20.2567997,18.2567997,231.4979553,0.201296374,7.0,0.67332077
4616.0,1.0,1295.0,7760.470703,42.42434311,24.0,3.96239996,0.0,6000.0,21.2567997,22.2567997,238.3199768,0.071910463,7.0,0.014865875
4617.0,1.0,1281.0,9122.105469,376.3138123,27.0,3.96239996,35.66160202,1000.0,44.06880188,8.40719986,271.4511414,1.393992901,7.0,-0.549102783
4618.0,1.0,1232.0,28413.08984,175.1159515,48.0,0.0,13.71600056,1000.0,46.47600174,32.15039825,320.2467041,0.175942436,3.0,2.431575775
4619.0,1.0,1264.0,11342.97949,134.0011292,41.0,5.486400127,31.39439964,1000.0,37.03760147,5.643199921,400.5346375,0.982920647,3.0,-6.908203125
4620.0,1.0,1330.0,2748.197754,313.7593994,37.0,13.41120052,10.05840015,4000.0,23.89360046,13.83519936,320.2749329,0.250119269,3.0,-2.918897629
4621.0,1.0,1335.0,3791.557129,1174.588989,11.0,2.743200064,0.0,1000.0,9.475999832,9.475999832,298.3742371,0.093882278,7.0,0.205109596
4622.0,1.0,1309.0,6013.629883,29.93823624,26.0,10.66800022,0.0,5000.0,3.13999939,3.13999939,451.6320496,9.79e-05,3.0,-9.699077606
4623.0,1.0,1274.0,67.1720047,255.897171,45.0,-5.791200161,45.11040115,6000.0,62.67839813,16.56799889,288.9666443,0.242187873,7.0,-11.22535133
4624.0,1.0,1278.0,4972.67334,276.4811707,31.0,1.219200015,31.08959961,1000.0,46.23999786,16.15040016,318.921051,1.139567614,7.0,3.844447136
4625.0,1.0,1284.0,4630.681641,300.6376648,22.0,5.486400127,7.315199852,1000.0,25.35280037,17.73279953,234.6785431,0.06046531,7.0,1.648996353
4626.0,1.0,1275.0,66.99250793,190.0518341,33.0,-6.096000195,45.72000122,2000.0,51.28800201,5.567998886,222.778717,0.238346204,7.0,-12.64582443
4627.0,1.0,1275.0,255.9226837,457.4612427,37.0,-6.400800228,46.63439941,6000.0,56.20240021,12.56799889,222.778717,0.738801479,7.0,-11.97369957
4628.0,1.0,1275.0,59.8724823,218.7902374,36.0,-3.96239996,55.16880035,6000.0,63.73680115,8.567998886,271.5444946,1.316653728,7.0,-16.19436646
4629.0,1.0,1327.0,5743.821289,857.4694214,34.0,7.924799919,9.448800087,1000.0,23.9416008,13.49279976,246.7015228,0.373947203,3.0,-4.884937286
4630.0,1.0,1277.0,2040.795532,446.7018433,27.0,8.534399986,37.79520035,1000.0,55.04160309,17.24639893,270.3263245,0.377771705,7.0,3.192296982
4631.0,1.0,1262.0,20312.63477,267.9761658,16.0,9.144000053,20.42160034,1000.0,37.94560242,16.52400017,236.3468781,0.106277376,7.0,7.624184608
4632.0,1.0,1343.0,2529.321045,407.8046265,15.0,2.743200064,0.0,1000.0,13.78079987,13.78079987,322.7513428,1.049505234,7.0,-0.517160416
4633.0,1.0,1268.0,2989.120361,234.2454529,13.0,3.352800131,0.0,1000.0,24.58240128,24.58240128,321.6963806,0.5513888,7.0,-1.248560905
4634.0,1.0,1356.0,4822.865723,1932.811646,17.0,1.828799963,0.0,1000.0,10.29439926,12.29439926,521.5006714,0.69495821,7.0,-0.02350235
4635.0,1.0,1286.0,15025.98438,59.87274551,41.0,7.619999886,35.66160202,1000.0,47.70560074,14.26319885,319.3482056,0.642065763,3.0,7.394868851
4636.0,1.0,1286.0,15025.98438,59.87274551,41.0,7.619999886,35.66160202,1000.0,47.70560074,14.26319885,319.3482056,0.642065763,3.0,7.394868851
4637.0,1.0,1286.0,16024.3252,417.2119141,41.0,6.400800228,37.49040222,1000.0,48.92480087,9.434400558,294.9371643,1.30633378,3.0,2.742761612
4638.0,1.0,1317.0,15824.7666,295.809082,21.0,5.791200161,0.0,4000.0,20.39039993,20.39039993,370.7697449,0.591236532,7.0,9.934588432
4639.0,1.0,1295.0,10379.44727,928.2086792,25.0,2.743200064,0.0,2000.0,17.38000107,17.38000107,243.7223969,0.370274365,4.0,-1.983516693
4640.0,1.0,1278.0,602.9453125,133.9992981,20.0,1.828799963,8.229599953,1000.0,27.61999893,14.39039993,318.7252502,1.445053935,4.0,-4.027798176
4641.0,1.0,1279.0,4200.080566,161.7959747,38.0,-5.181600094,31.39439964,1000.0,42.5719986,11.09199905,262.3181763,0.375060081,3.0,-3.431720734
4642.0,1.0,1277.0,6264.023438,401.0253296,49.0,8.534399986,24.68880081,1000.0,38.63679886,13.94799805,239.4169617,0.534533262,3.0,1.374675751
4643.0,1.0,1287.0,13694.52734,153.2676544,41.0,7.619999886,26.51760101,1000.0,41.30479813,17.31119919,301.4480286,0.702474952,3.0,5.684736252
4644.0,1.0,1287.0,12980.5918,95.03366089,40.0,6.400800228,26.21280098,2000.0,43.35279846,17.13999939,292.848114,0.37830621,3.0,0.867736816
4645.0,1.0,1275.0,2085.036133,1156.058228,49.0,0.609600008,52.12080002,2000.0,68.81199646,16.69120026,561.2207642,3.327256918,3.0,-0.576786041
4646.0,1.0,1274.0,6599.135254,781.2120972,37.0,-1.828799963,24.68880081,8000.0,34.86640167,11.87279892,330.3389893,0.311927021,3.0,-9.05500412
4647.0,1.0,1265.0,1947.070068,557.6574097,8.0,-5.486400127,22.55520058,1000.0,29.03120041,6.475999832,322.1761169,0.584304512,7.0,0.38832283
4648.0,1.0,1289.0,17809.61914,120.2552338,43.0,5.486400127,32.30879974,1000.0,45.43840027,13.12960052,300.7204285,0.990140915,3.0,1.530925751
4649.0,1.0,1274.0,94.71142578,389.1713867,40.0,-6.096000195,45.11040115,6000.0,57.67839813,12.56799889,288.9666443,0.449843079,7.0,-11.1536274
4650.0,1.0,1264.0,11178.6582,295.903656,48.0,5.486400127,31.39439964,1000.0,43.12319946,14.64319992,400.5346375,1.193027735,3.0,-4.580406189
4651.0,1.0,1235.0,8226.65625,212.1512909,27.0,3.352800131,26.51760101,1000.0,46.81200027,18.68479919,237.0341034,0.369047642,3.0,1.916633606
4652.0,1.0,1241.0,2317.768555,270.5437012,31.0,7.619999886,28.65120125,1000.0,47.76399994,19.1128006,250.7127228,0.133523136,3.0,9.058971405
4653.0,1.0,1234.0,10206.17383,42.43021393,31.0,6.705600262,27.43200111,1000.0,42.8871994,12.4552002,238.7465057,0.556855738,3.0,-1.975328445
4654.0,1.0,1242.0,3679.43457,0.0,21.0,2.43840003,33.83280182,1000.0,35.02080154,0.0,254.0145721,0.502022028,7.0,-6.419809341
4655.0,1.0,1310.0,4074.015137,191.9968109,30.0,17.37360001,0.0,1000.0,27.2567997,26.2567997,400.3723145,0.457141399,7.0,14.93859673
4656.0,1.0,1251.0,15157.30664,645.1900024,42.0,2.743200064,30.17519951,1000.0,56.63040161,26.76000023,239.6177368,0.292436063,3.0,-0.54807663
4657.0,1.0,1289.0,17352.08008,370.3971252,40.0,5.486400127,32.30879974,8000.0,42.74319839,10.43440056,286.6112671,2.238841772,3.0,8.592624664
4658.0,1.0,1330.0,7060.043945,1325.839111,16.0,2.133599997,0.0,1000.0,12.95199966,12.95199966,292.3603516,0.287313521,7.0,-3.953697205
4659.0,1.0,1274.0,14521.8125,403.5484314,66.0,18.59280014,38.10000229,1000.0,64.17120361,25.76639938,475.6917725,1.541558504,3.0,14.60910416
4660.0,1.0,1328.0,7769.679199,575.9365845,28.0,8.229599953,12.19200039,1000.0,21.5991993,9.40719986,239.8017731,0.122876875,3.0,-2.010688782
4661.0,1.0,1326.0,7776.54541,541.1201782,22.0,9.448800087,14.02080059,1000.0,15.29439926,1.273599625,216.937149,0.273422778,3.0,-0.753715515
4662.0,1.0,1284.0,5058.986816,175.0952301,33.0,15.84959984,14.02080059,1000.0,43.97280121,31.64719963,332.327179,0.437614441,7.0,11.61965275
4663.0,1.0,1274.0,8175.604004,255.9262085,34.0,2.43840003,0.0,1000.0,6.263198853,6.263198853,234.5854492,0.100760333,3.0,-0.608097076
4664.0,1.0,1267.0,15451.60352,179.618454,49.0,7.010400295,28.04160118,1000.0,38.02719879,9.985599518,234.7735596,0.176131785,3.0,2.031806946
4665.0,1.0,1334.0,8598.949219,149.9058685,5.0,0.0,0.0,1000.0,11.4008007,11.70560074,295.0827637,0.710485697,4.0,-1.452493429
4666.0,1.0,1330.0,3658.265381,349.5003662,9.0,2.43840003,0.0,1000.0,9.0,10.0,235.4432983,0.205390647,4.0,-0.416951656
4667.0,1.0,1307.0,2618.298828,319.0087891,21.0,13.41120052,0.0,8000.0,23.43840027,23.43840027,330.7510071,2.527199745,7.0,10.09738731
4668.0,1.0,1340.0,813.8795166,296.9996643,17.0,4.572000027,0.0,1000.0,16.0855999,16.0855999,217.5499878,0.508847833,7.0,0.183790207
4669.0,1.0,1363.0,2680.619873,350.1959229,10.0,-0.304800004,0.0,1000.0,7.256799698,7.256799698,213.8973389,0.393773347,4.0,-5.17188406
4670.0,1.0,1349.0,10183.04102,389.4821167,25.0,2.743200064,9.753600121,1000.0,19.5135994,7.455200195,263.6243896,1.138442278,3.0,-3.258924484
4671.0,1.0,1250.0,1686.344727,662.9828491,29.0,4.87680006,32.00400162,4000.0,42.7159996,12.01679993,309.6879578,1.308215141,7.0,-4.039850235
4672.0,1.0,1372.0,1345.451904,341.4884338,3.0,-0.304800004,0.0,1000.0,1.780799985,2.780799866,286.86203,0.092477538,4.0,-2.161064386
4673.0,1.0,1359.0,254.5706635,42.42459869,10.0,-2.43840003,0.0,1000.0,10.0,9.0,277.796875,0.014090274,4.0,-2.962158203
4674.0,1.0,1383.0,4405.023926,423.4828796,9.0,0.304800004,0.0,8000.0,7.171199799,9.171199799,226.1162262,0.048977636,4.0,-1.90395546
4675.0,1.0,1383.0,10034.28027,716.1419678,18.0,3.352800131,0.0,1000.0,14.03759956,9.037599564,224.8913727,0.172493041,7.0,-3.719676495
4676.0,1.0,1356.0,3509.626221,108.245018,5.0,-2.43840003,0.0,1000.0,5.304800034,5.304800034,327.8084412,0.031203121,4.0,0.756225526
4677.0,1.0,1262.0,12173.77051,511.8464661,48.0,13.71600056,61.26480103,1000.0,82.44239807,19.17759895,238.7511749,0.24087745,3.0,1.557971954
4678.0,1.0,1262.0,12494.88184,553.3980103,49.0,13.10640049,60.65520096,2000.0,83.44239807,23.78719902,271.3002625,0.780106366,3.0,0.296726227
4679.0,1.0,1319.0,15258.41992,234.2483978,35.0,5.791200161,0.0,1000.0,35.0,35.0,304.401062,1.103068113,7.0,13.78525734
4680.0,1.0,1336.0,7907.083984,554.1026611,27.0,5.791200161,0.0,2000.0,42.84960175,42.84960175,422.0020142,1.209824324,3.0,5.388763428
4681.0,1.0,1266.0,2215.683105,654.0805054,37.0,9.753600121,17.37360001,3000.0,53.15439987,38.08560181,353.2479858,1.881030679,3.0,14.77290916
4682.0,1.0,1244.0,7967.334473,511.0519714,36.0,3.048000097,34.44240189,1000.0,44.53440094,9.482398987,389.2797546,0.097936109,3.0,-7.492515564
4683.0,1.0,1339.0,2241.330322,241.6036072,2.0,-0.304800004,0.0,1000.0,2.304800034,3.304800034,237.9688568,0.40611285,4.0,-3.120151043
4684.0,1.0,1313.0,14829.23535,300.5455017,22.0,5.791200161,0.0,1000.0,21.69519997,20.69519997,234.6661224,1.427539945,7.0,5.067437172
4685.0,1.0,1248.0,5484.471191,60.12162018,8.0,-3.048000097,44.19599915,1000.0,54.32960129,10.13360023,321.5493164,0.902792633,7.0,-2.394185066
4686.0,1.0,1353.0,3010.300293,665.1125488,10.0,0.0,0.0,1000.0,6.951999664,6.951999664,222.869339,0.3029612,4.0,-5.9605546
4687.0,1.0,1354.0,2474.985596,417.1977234,8.0,-0.304800004,0.0,1000.0,5.866399765,5.866399765,226.7545624,0.338520944,4.0,-4.574221611
4688.0,1.0,1335.0,2700.201904,408.7332764,13.0,1.524000049,0.0,1000.0,12.0855999,11.0855999,306.0713806,0.307012886,7.0,0.762451649
4689.0,1.0,1333.0,6380.060547,1178.490845,26.0,14.6303997,0.0,1000.0,15.94159985,15.94159985,316.3782349,1.974998474,7.0,-2.836122513
4690.0,1.0,1237.0,1940.319336,617.1269531,32.0,3.048000097,28.65120125,1000.0,46.02080154,17.3696003,248.7266693,1.16421032,3.0,3.876607895
4691.0,1.0,1292.0,9583.724609,428.7210999,29.0,1.524000049,0.0,1000.0,13.15040016,12.15040016,211.6564178,0.468903065,7.0,-0.600297928
4692.0,1.0,1276.0,10273.12891,407.3462524,73.0,9.144000053,28.65120125,1000.0,61.72240067,29.07120132,284.2000122,1.430377364,3.0,22.67243195
4693.0,1.0,1235.0,29982.48242,190.0506744,30.0,-3.96239996,32.91839981,1000.0,63.83280182,33.0,427.216156,0.457050174,7.0,-9.716417313
4694.0,1.0,1279.0,3254.037598,329.3569031,21.0,7.010400295,0.0,1000.0,31.0583992,31.0583992,323.5154419,1.496974349,7.0,8.435939789
4695.0,1.0,1377.0,5683.137695,127.2739334,7.0,1.524000049,0.0,1000.0,3.951999903,3.951999903,298.3511963,0.269910425,7.0,-3.912145615
4696.0,1.0,1247.0,21920.21484,276.4768982,52.0,4.572000027,21.94560051,1000.0,43.46559906,21.52000046,289.105835,1.230439544,3.0,10.45827103
4697.0,1.0,1349.0,2588.523193,362.9790039,10.0,0.0,0.0,1000.0,9.085599899,8.085599899,214.5054779,0.088789977,4.0,-5.479021072
4698.0,1.0,1328.0,6751.034668,1314.158691,25.0,11.88720036,0.0,1000.0,19.20879936,19.20879936,234.4580841,0.47396028,3.0,1.485168457
4699.0,1.0,1310.0,2709.391602,1523.349121,28.0,5.486400127,0.0,1000.0,34.70560074,33.4007988,277.6901245,0.987478614,3.0,5.273438454
4700.0,1.0,1282.0,18584.62891,258.2645874,39.0,1.524000049,28.65120125,1000.0,33.5135994,4.862400055,259.3054504,0.770443857,3.0,-3.300790787
4701.0,1.0,1283.0,5600.566895,510.5728455,35.0,1.828799963,0.0,1000.0,24.33200073,24.33200073,235.4806824,0.290291846,3.0,-3.016933441
4702.0,1.0,1268.0,3171.781006,795.8475342,25.0,7.619999886,4.87680006,1000.0,31.09600067,25.60960007,294.2363586,0.048702858,7.0,3.838372231
4703.0,1.0,1244.0,7877.560547,512.4822388,32.0,3.96239996,34.44240189,1000.0,40.53440094,5.482398987,303.3188782,0.465453267,3.0,-7.195697784
4704.0,1.0,1354.0,2813.306152,466.670105,12.0,0.0,0.0,1000.0,8.951999664,7.951999664,222.869339,0.367078573,4.0,-5.871558666
4705.0,1.0,1238.0,4431.375,189.4211884,33.0,5.486400127,30.47999954,1000.0,42.75360107,12.27359962,298.6828613,0.789852738,7.0,3.495603561
4706.0,1.0,1268.0,6157.224121,94.704216,13.0,6.096000195,2.133599997,1000.0,17.26720047,17.13360023,334.4902649,0.323194325,4.0,1.89481163
4707.0,1.0,1380.0,12433.53125,330.6315613,16.0,4.267199993,0.0,1000.0,13.2567997,13.2567997,354.4241638,0.373542041,7.0,-1.740818977
4708.0,1.0,1252.0,17300.35156,59.87268448,43.0,1.524000049,21.03120041,6000.0,50.31520081,28.2840004,228.4443207,0.183475271,3.0,-2.841575623
4709.0,1.0,1331.0,5992.938965,530.6668701,16.0,7.010400295,0.0,1000.0,11.4279995,11.4279995,271.5907288,0.592452824,7.0,-0.355258942
4710.0,1.0,1281.0,14260.6123,247.858902,42.0,5.791200161,17.67840004,1000.0,34.98960114,17.31119919,307.5306396,0.639630198,3.0,3.093103409
4711.0,1.0,1331.0,6039.571777,578.4975586,15.0,6.705600262,0.0,8000.0,10.4279995,10.4279995,271.5907288,0.464474171,7.0,-0.467295647
4712.0,1.0,1284.0,17294.84766,335.7848816,31.0,2.43840003,10.97280025,1000.0,31.9144001,21.9416008,238.2182922,0.487300366,3.0,-0.940244675
4713.0,1.0,1269.0,20312.66406,133.9872894,6.0,-4.267199993,45.41519928,1000.0,56.90159988,12.4864006,262.3284302,0.055692609,2.0,-4.233613491
4714.0,1.0,1228.0,15543.70898,0.0,29.0,6.400800228,22.25040054,5000.0,37.229599,14.97919941,288.1868286,0.467391014,3.0,-4.341060638
4715.0,1.0,1274.0,67.1720047,276.045166,42.0,-5.791200161,45.11040115,6000.0,59.67839813,14.56799889,288.9666443,0.242187873,7.0,-11.59075165
4716.0,1.0,1332.0,9353.862305,2526.07251,27.0,8.229599953,0.0,1000.0,21.20879936,20.20879936,249.4363251,1.081095338,7.0,-2.003095627
4717.0,1.0,1355.0,1885.790283,30.05953979,5.0,-0.304800004,0.0,1000.0,3.171200037,6.171199799,263.7702637,0.089758024,4.0,-4.856405258
4718.0,1.0,1284.0,11372.69434,324.747406,42.0,9.144000053,44.19599915,1000.0,56.32559967,12.12960052,327.1552429,1.033761978,3.0,7.52901268
4719.0,1.0,1285.0,17352.87891,481.9563599,46.0,10.97280025,28.34640121,1000.0,44.1711998,15.82480049,303.6693726,0.30398187,3.0,9.160709381
4720.0,1.0,1284.0,21376.75,29.93632889,39.0,3.657599926,34.74720001,1000.0,37.47600174,2.728797913,241.4686432,0.860174954,3.0,-1.554336548
4721.0,1.0,1289.0,17197.81445,119.7456665,38.0,5.791200161,35.66160202,1000.0,44.09600067,9.434400558,238.3856659,0.879610121,3.0,0.761219025
4722.0,1.0,1258.0,2279.128662,134.0157166,7.0,-5.181600094,0.0,2000.0,20.10639954,23.10639954,315.3121033,0.190036923,2.0,-5.815219879
4723.0,1.0,1299.0,8130.317871,84.84867859,27.0,4.87680006,0.0,1000.0,23.03759956,23.03759956,238.3199768,0.470564753,7.0,1.957691193
4724.0,1.0,1334.0,4034.480225,778.8391113,19.0,3.352800131,0.0,1000.0,17.47599983,15.47599983,218.5808563,1.646657825,7.0,4.374794006
4725.0,1.0,1340.0,4271.511719,561.425293,13.0,1.828799963,0.0,1000.0,11.1711998,11.1711998,262.7598267,0.341070056,4.0,-0.651668549
4726.0,1.0,1330.0,2748.197754,313.7593994,37.0,13.41120052,10.05840015,4000.0,23.89360046,13.83519936,320.2749329,0.250119269,3.0,-2.918897629
4727.0,1.0,1297.0,6193.385254,66.99990845,26.0,5.181600094,0.0,1000.0,26.9144001,26.9144001,230.4568176,0.810195267,7.0,3.506969452
4728.0,1.0,1233.0,7858.452637,30.06097031,30.0,2.43840003,25.60320091,1000.0,41.58240128,13.97919941,299.3771057,0.325909019,3.0,-4.107831955
4729.0,1.0,1266.0,5076.772949,688.5350952,36.0,-3.96239996,30.47999954,8000.0,40.87680054,11.39679909,253.5079346,0.334564716,3.0,-2.302959442
4730.0,1.0,1241.0,5212.912109,119.7605515,21.0,0.304800004,28.04160118,1000.0,42.03120041,12.98959923,249.6925354,0.943564236,3.0,1.751400948
4731.0,1.0,1274.0,1373.997559,283.2996216,23.0,2.43840003,23.16480064,1000.0,37.02080154,13.85599995,279.15448,1.495050192,7.0,-1.128863335
4732.0,1.0,1333.0,6824.343262,2387.401855,39.0,20.72640038,0.0,1000.0,30.16080093,30.16080093,254.1253052,1.486129165,7.0,13.06801224
4733.0,1.0,1280.0,20281.47266,200.9788513,42.0,-1.219200015,40.84320068,1000.0,47.79119873,6.947998047,265.0791626,0.24302958,3.0,-2.313148499
4734.0,1.0,1232.0,3691.793945,212.1143799,32.0,5.486400127,27.73680115,1000.0,44.80160141,16.06480026,335.0036011,1.367202997,3.0,5.779201508
4735.0,1.0,1381.0,10169.01563,857.5559082,9.0,4.267199993,0.0,1000.0,5.03760004,5.03760004,236.600708,0.146769807,7.0,-3.450836182
4736.0,1.0,1362.0,915.1096191,119.7635803,13.0,-0.304800004,0.0,1000.0,10.86639977,6.866399765,225.1168823,0.130925938,4.0,-4.121143341
4737.0,1.0,1360.0,241.6166687,180.3560181,17.0,-0.304800004,0.0,6000.0,14.86639977,12.86639977,235.4260101,0.225430712,4.0,-4.37312746
4738.0,1.0,1251.0,12626.41602,285.0764771,52.0,3.657599926,25.29840088,1000.0,55.04800034,30.74959946,306.4171753,0.340358019,3.0,6.630439758
4739.0,1.0,1277.0,1288.661011,390.3356628,12.0,-0.914399981,18.28800011,8000.0,23.8871994,5.599199772,310.2209167,0.653113186,7.0,-5.672062874
4740.0,1.0,1334.0,3120.464355,59.87495041,5.0,0.0,0.0,1000.0,5.609600067,5.609600067,280.8763733,0.767043293,4.0,-1.994425058
4741.0,1.0,1283.0,6060.381348,285.0982361,18.0,3.96239996,13.10640049,1000.0,27.14400101,13.03759956,249.4220428,1.041174769,7.0,-0.68512249
4742.0,1.0,1331.0,5839.325684,399.5004272,21.0,5.486400127,0.0,1000.0,16.4279995,16.4279995,271.5907288,0.718015254,7.0,-1.995477676
4743.0,1.0,1275.0,59.872509,629.8284302,36.0,-6.096000195,47.24399948,6000.0,55.81200027,7.567998886,222.778717,0.92882508,7.0,-12.50300026
4744.0,1.0,1284.0,3513.285889,123.9280624,18.0,4.87680006,0.0,1000.0,24.4008007,25.01040077,235.0998993,0.446973711,7.0,0.385154724
4745.0,1.0,1252.0,12577.68066,228.1265717,45.0,3.352800131,24.38400078,1000.0,45.0,20.61599922,255.4546814,0.430719972,3.0,3.979923248
4746.0,1.0,1327.0,8827.506836,675.2334595,26.0,8.534399986,13.71600056,1000.0,19.90399933,6.187999725,250.9921417,0.429582447,3.0,-0.537862778
4747.0,1.0,1279.0,10247.79785,123.4661636,44.0,2.743200064,32.91839981,1000.0,42.47600174,8.557598114,233.044754,0.152186573,3.0,-5.186416626
4748.0,1.0,1253.0,16327.10742,89.81040192,56.0,3.96239996,20.42160034,1000.0,39.23600006,16.81439972,230.9470062,1.295650125,3.0,5.101295471
4749.0,1.0,1259.0,23294.20117,571.9518433,16.0,7.619999886,18.59280014,8000.0,37.94560242,20.5720005,228.6238098,0.375540257,7.0,6.996035576
4750.0,1.0,1225.0,14090.92969,631.5718994,34.0,4.267199993,24.68880081,1000.0,42.229599,19.54080009,272.5698547,0.215949133,3.0,-1.500371933
4751.0,1.0,1331.0,3231.568115,833.6859131,10.0,0.304800004,0.0,1000.0,11.52400017,11.52400017,210.3370056,0.225341037,7.0,-1.137178421
4752.0,1.0,1275.0,4672.383301,792.4325562,17.0,4.267199993,5.791200161,1000.0,22.4864006,16.69519997,259.136261,0.076925986,7.0,1.122108459
4753.0,1.0,1329.0,4842.043945,306.5377502,10.0,-0.304800004,0.0,1000.0,11.8288002,11.8288002,228.1329956,0.757595897,7.0,-1.891901493
4754.0,1.0,1333.0,6233.98291,94.70895386,16.0,-0.304800004,0.0,6000.0,13.2567997,12.2567997,234.0494843,0.467428386,7.0,-2.051733971
4755.0,1.0,1250.0,5741.013184,149.7014618,20.0,-0.914399981,27.73680115,1000.0,44.07920074,14.3423996,238.7944489,0.195423007,7.0,3.985685349
4756.0,1.0,1315.0,14167.27246,212.1485443,28.0,6.096000195,0.0,1000.0,28.9144001,27.9144001,235.5384064,1.084244967,7.0,7.402917862
4757.0,1.0,1313.0,14920.24902,182.8008728,29.0,6.096000195,0.0,2000.0,28.0855999,29.0855999,234.6661224,0.192595407,7.0,8.584192276
4758.0,1.0,1307.0,14231.26758,108.2596893,24.0,3.352800131,0.0,6000.0,21.56159973,20.56159973,238.6834412,0.191304356,7.0,-0.119035721
4759.0,1.0,1355.0,1691.173462,240.4764557,6.0,-0.304800004,0.0,1000.0,4.475999832,3.475999832,263.7702637,0.099279217,4.0,-4.452419758
4760.0,1.0,1282.0,13203.88379,571.2160645,46.0,-7.924799919,28.95600128,1000.0,53.61999893,18.66399956,243.0936737,0.338376403,3.0,-0.031005859
4761.0,1.0,1328.0,2336.204346,1432.769653,22.0,3.048000097,0.0,1000.0,44.86000061,45.55519867,248.3850861,0.172812447,3.0,6.856240273
4762.0,1.0,1360.0,3975.000732,324.2427979,4.0,-0.304800004,0.0,1000.0,0.951999903,0.951999903,223.5484924,0.231211916,4.0,-10.10535908
4763.0,1.0,1316.0,11015.62402,0.0,8.0,-0.609600008,0.0,1000.0,0.0,3.636799812,278.7910767,0.950427532,7.0,-13.05389595
4764.0,1.0,1268.0,3326.029297,322.6654663,21.0,6.705600262,25.90800095,1000.0,32.27759933,6.369600296,336.0488281,0.359631807,3.0,-4.656373978
4765.0,1.0,1280.0,10358.46387,201.4936676,31.0,5.181600094,39.62400055,2000.0,49.28800201,9.663999557,238.2424927,0.76108849,7.0,-1.669319153
4766.0,1.0,1248.0,23011.26367,189.4083405,42.0,1.524000049,15.23999977,8000.0,28.89360046,13.65359879,237.1694336,1.17158258,3.0,-0.940231323
4767.0,1.0,1316.0,958.4400024,360.4972839,10.0,-0.609600008,0.0,1000.0,15.79120064,16.79120064,340.9230957,0.377720982,7.0,-3.43516326
4768.0,1.0,1363.0,4008.074463,42.42464066,8.0,-2.43840003,0.0,1000.0,8.0,8.0,223.6431732,0.036599409,4.0,0.238618135
4769.0,1.0,1342.0,2577.767334,445.8752136,15.0,2.743200064,0.0,1000.0,15.0,15.0,225.4629059,0.616793692,7.0,-0.40738678
4770.0,1.0,1328.0,2991.365967,189.4147644,6.0,2.743200064,0.0,1000.0,5.695199966,6.695199966,235.4432983,0.055894136,4.0,-1.031212807
4771.0,1.0,1333.0,2338.813965,324.2269287,9.0,1.524000049,0.0,1000.0,9.609600067,9.609600067,237.107132,0.112009734,4.0,-0.86605835
4772.0,1.0,1330.0,4221.332031,228.8105927,7.0,-0.914399981,0.0,1000.0,8.219200134,10.21920013,229.713501,0.285674989,7.0,-1.84684515
4773.0,1.0,1230.0,14671.49902,120.2471695,40.0,6.705600262,20.72640038,1000.0,47.01039886,23.2840004,352.5578918,0.508191705,3.0,-1.867961884
4774.0,1.0,1232.0,9492.821289,161.8039856,41.0,6.400800228,18.59280014,8000.0,45.87680054,25.89360046,237.4810944,0.160985351,3.0,8.448963165
4775.0,1.0,1300.0,16752.92969,60.12667084,26.0,4.87680006,0.0,1000.0,22.3423996,22.3423996,221.3961945,0.443271607,7.0,3.172773361
4776.0,1.0,1276.0,15949.92676,257.9112854,32.0,-0.609600008,0.0,6000.0,7.920799255,11.92079926,298.525238,0.196501806,4.0,-1.485528946
4777.0,1.0,1232.0,13458.20996,349.4951477,38.0,5.181600094,30.47999954,1000.0,52.32559967,21.84560013,269.8927917,0.583639503,3.0,0.322711945
4778.0,1.0,1244.0,2621.379639,850.1862183,24.0,0.609600008,26.21280098,1000.0,37.7159996,11.50319958,237.9049835,0.943984032,7.0,-4.252048492
4779.0,1.0,1238.0,1003.187073,218.0438538,19.0,-0.304800004,25.90800095,1000.0,42.7743988,16.86639977,226.9910431,0.846462071,3.0,0.28621769
4780.0,1.0,1315.0,1333.917236,174.7481995,6.0,-0.914399981,0.0,1000.0,11.79120064,9.791200638,310.8109436,0.349930644,7.0,-4.050469398
4781.0,1.0,1265.0,10202.75,1775.422363,55.0,1.828799963,26.51760101,1000.0,48.29439926,21.08160019,267.519104,0.655662119,3.0,5.386638641
4782.0,1.0,1261.0,6611.074707,849.4747925,40.0,-3.352800131,30.78479958,8000.0,45.4864006,16.70159912,233.6664429,0.26102829,3.0,2.798809052
4783.0,1.0,1275.0,4162.67627,1029.182495,40.0,-0.304800004,36.88080215,1000.0,51.58240128,14.70159912,274.2779236,0.176320776,3.0,-8.537490845
4784.0,1.0,1256.0,10279.27051,654.0020752,43.0,1.524000049,36.27120209,1000.0,59.459198,22.18799973,249.7926788,0.103094667,3.0,0.623092651
4785.0,1.0,1332.0,1417.337891,389.4385681,7.0,1.828799963,0.0,1000.0,5.780799866,5.780799866,230.0164642,0.215327993,4.0,-1.451892376
4786.0,1.0,1359.0,4887.138184,1109.467285,10.0,0.609600008,0.0,1000.0,3.294399738,3.294399738,533.7050171,0.625809491,7.0,-8.764619827
4787.0,1.0,1335.0,13812.57715,581.4628296,36.0,3.048000097,12.19200039,1000.0,18.32159996,12.53039932,346.0700073,0.840638041,3.0,5.746866226
4788.0,1.0,1346.0,3623.710938,393.8433838,11.0,0.0,0.0,1000.0,11.0,11.0,227.7549591,0.238453344,4.0,-5.031674385
4789.0,1.0,1328.0,7769.679199,509.8365784,28.0,8.534399986,14.02080059,1000.0,21.5991993,7.883199692,239.8017731,0.122876875,3.0,-0.891670227
4790.0,1.0,1282.0,12972.9209,94.70368195,34.0,5.181600094,22.86000061,1000.0,34.30479813,11.44479942,292.848114,0.302088559,7.0,1.677963257
4791.0,1.0,1317.0,16254.44824,376.2918396,15.0,2.743200064,0.0,4000.0,14.39039993,19.39039993,400.3467407,0.634249508,7.0,3.687427521
4792.0,1.0,1292.0,5991.553711,228.1460419,22.0,15.5447998,6.400800228,1000.0,23.52400017,17.12319946,339.5921936,0.638529778,7.0,10.19433594
4793.0,1.0,1273.0,2414.184082,67.16560364,14.0,1.828799963,0.0,1000.0,26.80160141,24.80160141,376.3885803,0.922008455,7.0,-0.437605858
4794.0,1.0,1343.0,4935.708008,395.3612671,18.0,3.96239996,0.0,1000.0,15.56159973,15.56159973,238.974762,0.194777817,7.0,-4.344182014
4796.0,1.0,1337.0,4239.163086,108.0766983,13.0,2.43840003,0.0,1000.0,6.599199772,9.599199295,364.0102234,0.518131733,7.0,-7.57909584
4797.0,1.0,1282.0,12538.29004,359.2359314,33.0,4.572000027,25.60320091,1000.0,36.35279846,10.74959946,297.495697,0.344256371,7.0,0.352668762
4798.0,1.0,1285.0,4373.766602,799.12323,32.0,10.66800022,20.11680031,4000.0,36.26720047,16.15040016,317.3694458,0.544144928,3.0,12.53744125
4799.0,1.0,1297.0,9237.998047,729.3203125,41.0,6.705600262,0.0,1000.0,23.01679993,23.01679993,405.8497009,2.5948627,3.0,2.565292358
4800.0,1.0,1277.0,4125.255859,335.8547058,23.0,0.304800004,28.65120125,1000.0,37.63040161,8.979199409,342.2961121,2.4699893,7.0,3.490758896
4801.0,1.0,1277.0,1082.116699,617.5743408,18.0,4.87680006,9.753600121,8000.0,26.229599,17.47599983,234.9819946,0.367997348,7.0,1.07804203
4802.0,1.0,1331.0,7877.052246,2782.429932,28.0,10.36320019,0.0,1000.0,22.20879936,21.20879936,244.2007446,0.376585066,7.0,2.660673141
4803.0,1.0,1286.0,14373.66504,296.9672241,37.0,7.010400295,39.62400055,2000.0,47.66799927,10.04399872,300.0771484,0.386454076,3.0,2.50358963
4804.0,1.0,1269.0,3938.997559,1356.124268,25.0,5.181600094,24.07920074,8000.0,35.0583992,10.97919941,275.497345,0.402669013,3.0,-2.232194901
4805.0,1.0,1332.0,2147.67334,1206.794556,19.0,7.924799919,0.0,8000.0,16.2567997,16.2567997,238.4517212,0.590622902,7.0,2.915681839
4806.0,1.0,1346.0,3413.348633,858.5662231,12.0,0.609600008,0.0,1000.0,11.39039993,12.39039993,239.0406342,0.429006308,4.0,-5.763081074
4807.0,1.0,1288.0,10710.3916,60.12760925,9.0,-3.048000097,0.0,1000.0,16.61999893,16.61999893,237.6549835,0.566814482,7.0,-4.144278526
4808.0,1.0,1277.0,449.7568665,540.4193115,18.0,1.828799963,9.144000053,1000.0,25.92480087,16.78079987,237.2953339,1.629517555,4.0,-2.831558228
4809.0,1.0,1286.0,1314.766479,228.7990723,27.0,6.400800228,17.67840004,1000.0,40.10639954,24.4279995,242.2795563,0.488267183,7.0,3.276174545
4810.0,1.0,1329.0,6188.810547,683.9798584,19.0,5.791200161,0.0,1000.0,14.4279995,14.4279995,271.5907288,0.577427149,7.0,-5.948139191
4811.0,1.0,1357.0,4178.277832,30.05876541,9.0,-0.304800004,0.0,4000.0,5.951999664,5.951999664,223.5484924,0.2526761,4.0,-10.72601509
4812.0,1.0,1310.0,3222.052979,161.8083496,25.0,14.93519974,0.0,1000.0,27.7432003,29.7432003,382.530304,0.287749171,7.0,10.35902786
4813.0,1.0,1278.0,3839.320801,234.2065887,21.0,5.486400127,7.315199852,1000.0,25.5720005,17.95199966,232.5206146,0.33195436,7.0,1.730386734
4814.0,1.0,1297.0,10321.9834,127.286438,25.0,4.572000027,0.0,1000.0,18.29439926,19.29439926,226.0914307,0.128520817,7.0,2.898429871
4815.0,1.0,1267.0,4734.166504,179.6182556,14.0,4.267199993,5.791200161,1000.0,19.79120064,14.0,218.8709106,0.028687179,7.0,0.85384655
4816.0,1.0,1281.0,14074.41797,228.1283569,38.0,6.096000195,18.89760017,2000.0,32.5135994,16.61599922,284.0130615,0.41086188,3.0,2.28404808
4817.0,1.0,1278.0,5132.983398,95.02662659,23.0,1.524000049,31.08959961,1000.0,38.23999786,7.150400162,318.921051,0.83455199,7.0,0.164329529
4818.0,1.0,1370.0,1564.210449,42.42838287,9.0,-0.914399981,0.0,4000.0,9.0,7.0,285.4887085,0.236606598,4.0,-0.52632916
4819.0,1.0,1365.0,2864.206787,485.3645325,9.0,0.0,0.0,1000.0,5.951999664,5.951999664,227.1118622,0.55938679,4.0,-7.879787445
4820.0,1.0,1287.0,4285.789063,94.71089935,20.0,4.267199993,0.0,6000.0,26.70560074,27.31520081,233.872879,0.345984459,7.0,0.475755692
4822.0,1.0,1357.0,4604.163574,322.6636047,15.0,0.304800004,0.0,1000.0,11.95199966,9.123199463,444.2182007,0.614075422,7.0,-9.032077789
4823.0,1.0,1334.0,9298.806641,749.6026611,15.0,8.534399986,0.0,1000.0,11.03759956,14.03759956,208.7692261,0.254351169,7.0,1.214906693
4824.0,1.0,1239.0,22121.51563,161.7947998,40.0,0.609600008,16.15439987,8000.0,40.91439819,24.76000023,237.4185944,0.483873755,3.0,-2.399108887
4825.0,1.0,1243.0,15655.79199,524.9437866,56.0,2.43840003,21.33600044,1000.0,57.21920013,35.8832016,319.6292725,0.495091468,3.0,10.09042358
4826.0,1.0,1336.0,1449.070313,716.1802368,15.0,3.352800131,0.0,1000.0,13.1711998,13.1711998,295.9945374,0.196792766,7.0,-1.059848785
4827.0,1.0,1288.0,16314.53809,123.4581604,43.0,6.096000195,36.57600021,1000.0,50.01039886,14.43440056,293.2263794,0.453703225,3.0,8.11013031
4828.0,1.0,1341.0,5360.259277,191.9991302,11.0,2.43840003,0.0,8000.0,9.475999832,10.47599983,226.424469,0.664161205,7.0,-2.689854145
4829.0,1.0,1274.0,18220.38477,741.6639404,43.0,0.914399981,0.0,1000.0,35.38000107,35.38000107,220.5641785,1.730888724,4.0,-5.865888596
4830.0,1.0,1281.0,14443.39258,443.4883118,36.0,6.705600262,17.67840004,1000.0,28.98959923,11.31119919,288.2364502,0.203600317,3.0,2.83117485
4831.0,1.0,1294.0,2403.477295,218.0431976,25.0,0.914399981,0.0,1000.0,16.46559906,19.46559906,444.5292358,0.152257994,4.0,0.778409004
4832.0,1.0,1289.0,6096.622559,94.70561981,33.0,3.96239996,0.0,1000.0,20.80799866,20.80799866,236.3157806,0.337955832,3.0,-1.909198761
4833.0,1.0,1339.0,1869.818726,483.2077332,6.0,-0.304800004,0.0,1000.0,6.304800034,5.304800034,265.4169922,0.183435947,4.0,-3.005442619
4834.0,1.0,1285.0,13279.71191,426.5870361,32.0,7.010400295,35.96640015,1000.0,42.36320114,8.396799088,327.5348511,0.076972805,3.0,0.904407501
4835.0,1.0,1282.0,3732.212646,90.19129181,24.0,5.486400127,7.924799919,1000.0,27.96240044,20.03759956,234.1174622,0.114648506,7.0,0.693399429
4836.0,1.0,1226.0,25163.14258,150.0762787,33.0,2.133599997,13.71600056,1000.0,33.30479813,18.58879852,233.8635101,0.457727104,3.0,1.167173386
4837.0,1.0,1331.0,4580.705078,1082.055176,60.0,12.80160046,0.0,4000.0,40.79759979,38.79759979,430.76297,2.151242018,3.0,7.585514069
4838.0,1.0,1269.0,8818.951172,600.3716431,26.0,-3.96239996,21.64080048,1000.0,38.49679947,16.85599899,260.0509949,0.716789901,3.0,-1.909759521
4839.0,1.0,1303.0,10000.51074,255.927002,36.0,2.43840003,0.0,8000.0,23.50320053,23.50320053,237.2234955,2.063287258,3.0,5.065502167
4840.0,1.0,1352.0,7736.471191,1926.973022,19.0,4.572000027,7.619999886,1000.0,15.95199966,7.417599678,281.9251404,1.646396756,3.0,-7.617742538
4841.0,1.0,1262.0,3784.283936,84.85894012,32.0,1.524000049,27.73680115,1000.0,46.02080154,17.2840004,232.8782349,1.216836095,3.0,1.677103043
4842.0,1.0,1256.0,13662.45703,0.0,38.0,10.66800022,60.95999908,5000.0,76.1000061,15.13999939,338.5039673,0.057844788,3.0,-4.665576935
4843.0,1.0,1336.0,2338.813965,324.2269287,9.0,1.828799963,0.0,1000.0,9.609600067,9.609600067,237.107132,0.112009734,4.0,-0.547089577
4844.0,1.0,1301.0,14325.9375,60.12682343,23.0,6.096000195,0.0,1000.0,16.90399933,16.90399933,236.9985046,0.430293024,7.0,4.165224075
4845.0,1.0,1354.0,2922.974365,515.7877808,13.0,0.0,0.0,1000.0,9.951999664,11.95199966,233.5835571,0.431993097,4.0,-5.79741621
4846.0,1.0,1228.0,21623.33398,150.0993652,42.0,6.400800228,24.38400078,1000.0,55.41120148,28.02719879,339.5887756,0.930532694,3.0,2.27097702
4847.0,1.0,1354.0,2079.596191,119.762764,9.0,-0.304800004,0.0,1000.0,7.171199799,7.171199799,263.7702637,0.040555347,4.0,-5.283259869
4848.0,1.0,1242.0,5804.817383,29.94083214,7.0,-6.400800228,0.0,1000.0,27.11680031,27.11680031,395.9392395,0.819891572,2.0,-4.639864922
4849.0,1.0,1276.0,858.6813354,839.9595947,14.0,1.524000049,9.144000053,8000.0,21.61999893,13.47599983,225.2824707,0.541811585,7.0,-3.241225243
4850.0,1.0,1283.0,3911.379883,940.5403442,25.0,11.27760029,12.80160046,1000.0,35.0583992,20.95199966,290.8229675,0.656679153,7.0,7.699795723
4851.0,1.0,1284.0,13765.93262,123.9292526,37.0,8.229599953,36.57600021,6000.0,47.36320114,10.78719902,323.7350159,0.296209723,3.0,1.878643036
4852.0,1.0,1232.0,4184.227051,59.87907791,34.0,3.96239996,27.43200111,1000.0,47.41120148,16.97919846,310.5779114,1.443446636,3.0,0.40893364
4853.0,1.0,1356.0,3425.586914,42.42840195,8.0,-2.43840003,0.0,1000.0,8.0,8.0,327.8084412,0.119477361,4.0,1.051424623
4854.0,1.0,1359.0,4826.797852,1293.092896,10.0,0.304800004,0.0,1000.0,4.818399906,4.818399906,533.7050171,0.374607533,4.0,-9.466348648
4855.0,1.0,1362.0,3637.081787,323.5791016,14.0,0.0,0.0,1000.0,10.64719963,10.64719963,235.8898773,0.700222015,4.0,-7.37834549
4856.0,1.0,1364.0,469.0065002,67.00090027,8.0,-1.524000049,0.0,1000.0,7.390399933,7.390399933,237.4042206,0.143070564,4.0,-2.739531279
4857.0,1.0,1227.0,12916.82617,153.2544556,32.0,2.133599997,20.72640038,8000.0,38.4007988,17.67440033,330.5966492,1.944230437,3.0,-1.982870102
4858.0,1.0,1330.0,867.4736328,228.1512604,4.0,0.304800004,0.0,1000.0,3.390399933,3.390399933,282.9326477,0.318498194,4.0,-2.512791634
4859.0,1.0,1327.0,7493.105957,272.218811,7.0,1.219200015,0.0,1000.0,14.31519985,14.31519985,228.2938385,0.370485395,7.0,-0.672616243
4860.0,1.0,1325.0,4528.428223,449.7547913,9.0,0.304800004,0.0,1000.0,16.92480087,16.92480087,256.7103271,0.065352626,7.0,-0.680289745
4861.0,1.0,1345.0,4571.03418,1061.291626,12.0,0.914399981,0.0,1000.0,10.1711998,10.1711998,318.4229431,0.617742658,7.0,-5.364778042
4862.0,1.0,1337.0,8395.558594,1851.782349,29.0,10.97280025,0.0,1000.0,18.63679886,17.63679886,236.3623199,0.968188286,7.0,-0.201179504
4863.0,1.0,1367.0,1082.528931,661.97229,12.0,-0.304800004,0.0,4000.0,11.69519997,14.69519997,252.0760498,0.299552143,4.0,-1.415226698
4864.0,1.0,1367.0,1082.528931,692.0018311,12.0,-0.304800004,0.0,1000.0,11.69519997,11.69519997,252.0760498,0.299552143,4.0,-1.415226698
4865.0,1.0,1359.0,4826.797852,1288.888184,12.0,0.609600008,0.0,1000.0,6.818399906,5.294399738,533.7050171,0.374607533,4.0,-9.507048607
4866.0,1.0,1359.0,4826.797852,1288.888184,12.0,0.304800004,0.0,1000.0,6.818399906,6.294399738,533.7050171,0.374607533,4.0,-9.507048607
4867.0,1.0,1330.0,1669.364746,483.9162903,11.0,3.048000097,0.0,1000.0,11.0,12.0,239.8815918,0.077710986,4.0,1.13591671
4869.0,1.0,1299.0,16640.30664,339.3930664,33.0,3.657599926,0.0,6000.0,21.1128006,20.1128006,265.6250305,1.3692981,3.0,1.591960907
4870.0,1.0,1331.0,993.6626587,963.6630249,25.0,4.87680006,0.0,3000.0,49.99359894,44.99359894,439.9318542,1.270422101,7.0,9.942670822
4871.0,1.0,1314.0,11187.39258,256.7060547,30.0,7.619999886,0.0,1000.0,39.14400101,39.14400101,323.3379211,1.152555466,7.0,5.78943634
4872.0,1.0,1278.0,1668.596313,873.7757568,23.0,2.743200064,21.64080048,1000.0,29.70560074,7.064800262,223.374176,0.387615502,3.0,-0.32166481
4873.0,1.0,1325.0,300.1890869,302.1029663,33.0,12.80160046,0.0,4000.0,13.18799973,14.18799973,252.2163544,0.214744717,3.0,-5.707662582
4874.0,1.0,1284.0,18593.33203,380.1343079,42.0,10.36320019,32.91839981,1000.0,42.30479813,9.386398315,250.5887756,0.413516819,3.0,4.778308868
4875.0,1.0,1376.0,2416.203613,152.6942291,13.0,-2.133599997,0.0,1000.0,12.39039993,11.39039993,235.4675598,0.073082082,4.0,-2.414912701
4876.0,1.0,1239.0,19607.35352,720.9775391,41.0,1.219200015,17.06879997,1000.0,38.25680161,21.18799973,334.5256653,0.681616783,3.0,0.30242157
4877.0,1.0,1306.0,9024.638672,1168.78186,23.0,5.486400127,0.0,1000.0,30.92480087,30.92480087,285.7688599,0.340386301,7.0,-2.026342392
4878.0,1.0,1300.0,4879.63623,306.5474243,13.0,4.267199993,16.45919991,1000.0,21.229599,4.770400047,318.8775635,0.505693913,7.0,-4.165851593
4879.0,1.0,1257.0,9101.381836,403.0325317,36.0,-0.304800004,37.49040222,6000.0,53.06880188,14.57839966,238.6498718,0.432263374,3.0,-4.534088135
4880.0,1.0,1288.0,5904.038086,180.3500366,28.0,4.572000027,16.76399994,1000.0,35.31520081,18.55120087,263.5307617,0.216620639,3.0,-3.430620193
4881.0,1.0,1221.0,26328.64648,59.87503052,34.0,2.743200064,15.84959984,8000.0,33.08560181,17.23600006,230.4760437,0.6859411,3.0,1.234268188
4882.0,1.0,1331.0,6986.166016,1766.60498,26.0,9.144000053,0.0,1000.0,21.4279995,21.4279995,236.0544891,0.257893682,7.0,3.564619064
4883.0,1.0,1283.0,3738.400146,324.782135,20.0,6.400800228,14.93519974,1000.0,31.58240128,18.64719963,319.2722473,0.821982741,7.0,1.271920204
4884.0,1.0,1295.0,10870.2373,0.0,17.0,1.828799963,0.0,1000.0,17.30480003,15.30480003,236.1221466,0.246713534,7.0,-1.229000092
4885.0,1.0,1336.0,6138.465332,2060.652344,16.0,4.572000027,0.0,1000.0,25.75360107,26.75360107,295.4929199,1.607581615,3.0,-5.276524067
4886.0,1.0,1286.0,14372.06445,339.3911133,43.0,7.010400295,39.62400055,1000.0,53.66799927,15.04399872,234.8515015,0.834892511,3.0,3.626976013
4887.0,1.0,1288.0,5723.033691,365.6925964,18.0,6.400800228,14.02080059,1000.0,27.44879913,15.4279995,226.5158386,0.777253568,7.0,2.725216866
4888.0,1.0,1341.0,1487.036743,1368.963257,44.0,14.6303997,0.0,8000.0,25.71199989,23.71199989,383.8423767,1.652409434,4.0,10.65366364
4889.0,1.0,1358.0,4990.766602,466.7135315,7.0,0.914399981,0.0,4000.0,0.0,1.855999947,367.610321,0.842003524,4.0,-5.188786983
4890.0,1.0,1331.0,6141.986816,673.1078491,17.0,4.572000027,0.0,8000.0,12.4279995,11.4279995,271.5907288,0.944143951,7.0,-1.835154533
4891.0,1.0,1281.0,940.3869019,212.1214752,20.0,4.267199993,9.753600121,1000.0,26.70560074,16.64719963,238.8846436,0.308169991,7.0,-2.192852974
4892.0,1.0,1285.0,4780.700684,269.428833,24.0,7.010400295,0.0,1000.0,26.13360023,27.13360023,229.8387451,0.33690697,7.0,2.787425995
4893.0,1.0,1269.0,700.4082031,149.9195099,20.0,-2.743200064,14.93519974,1000.0,28.53440094,12.5991993,258.7274475,0.628394663,7.0,-5.51316452
4894.0,1.0,1337.0,6424.705078,192.1854248,26.0,3.352800131,0.0,1000.0,20.20879936,19.20879936,281.4986572,0.447841048,7.0,-1.761617661
4895.0,1.0,1236.0,7765.337891,241.6322632,33.0,2.43840003,34.44240189,1000.0,45.49679947,11.96879959,263.928894,0.233558521,3.0,-6.104885101
4896.0,1.0,1261.0,18406.84766,30.06135559,32.0,0.914399981,20.11680031,6000.0,31.0855999,15.96879959,305.5207825,0.244048908,3.0,-1.221185684
4897.0,1.0,1257.0,23654.31055,872.8309326,21.0,8.83920002,17.98320007,1000.0,44.7743988,25.5720005,228.6238098,0.454676419,7.0,7.439147949
4898.0,1.0,1313.0,1874.659058,426.578064,11.0,1.828799963,0.0,1000.0,17.09600067,17.18160057,439.1917725,1.698958993,7.0,-2.527434826
4899.0,1.0,1324.0,4730.09082,84.85663605,8.0,-0.304800004,0.0,1000.0,12.87680054,11.87680054,239.0853119,0.577367842,7.0,-0.794626713
4900.0,1.0,1231.0,14990.96582,84.86001587,37.0,6.705600262,21.33600044,1000.0,44.61999893,23.2840004,352.5578918,0.597116768,3.0,-2.976856232
4901.0,1.0,1266.0,11526.80566,67.00689697,26.0,0.609600008,20.72640038,1000.0,46.72640228,23.0,251.7030945,0.529816031,3.0,0.78383255
4902.0,1.0,1330.0,5151.592285,511.8616943,15.0,4.572000027,0.0,1000.0,11.03759956,11.03759956,239.0890808,0.251396537,7.0,-3.87275219
4903.0,1.0,1279.0,2804.033203,216.5257721,50.0,-1.219200015,43.89120102,1000.0,68.59280396,24.70159912,285.0177917,0.821331501,3.0,-3.706817627
4904.0,1.0,1275.0,4807.122559,84.84780121,20.0,-7.315199852,28.65120125,1000.0,36.76399994,5.588799477,353.5032654,0.583357513,7.0,-7.873673439
4905.0,1.0,1335.0,8484.966797,3277.740723,23.0,8.534399986,0.0,1000.0,17.5135994,19.5135994,269.1835938,0.145087838,7.0,-0.168670654
4906.0,1.0,1315.0,8223.504883,391.9212952,16.0,2.43840003,0.0,1000.0,11.12319946,13.12319946,239.9878845,0.370806783,7.0,-1.227426529
4907.0,1.0,1365.0,608.340271,365.6463928,7.0,-0.914399981,0.0,1000.0,6.085599899,6.085599899,291.8420715,0.258029819,4.0,-4.608334541
4908.0,1.0,1328.0,6307.964844,29.93715286,11.0,0.304800004,0.0,1000.0,12.8288002,14.8288002,245.8402863,0.267907143,7.0,-1.065921783
4909.0,1.0,1244.0,20392.83203,182.8558502,46.0,3.96239996,31.08959961,1000.0,60.93519974,29.84560013,268.5775452,1.80101192,3.0,-0.75894165
4910.0,1.0,1231.0,5591.683105,149.903244,30.0,5.181600094,29.56559944,1000.0,39.75360107,10.18799973,321.042511,1.749962926,3.0,0.473703384
4911.0,1.0,1334.0,5846.082031,1666.110718,33.0,12.49680042,0.0,1000.0,24.770401,21.770401,315.8339539,0.483226031,7.0,5.904657364
4912.0,1.0,1280.0,11406.43164,539.9605713,36.0,4.267199993,42.67200089,1000.0,54.59280014,11.22559929,285.2606506,0.396461338,7.0,0.059766769
4914.0,1.0,1335.0,8789.818359,3478.799805,28.0,8.534399986,0.0,1000.0,22.5135994,21.5135994,238.0304871,0.341079533,7.0,-2.299899101
4915.0,1.0,1285.0,13444.98633,161.2998962,37.0,6.096000195,35.96640015,6000.0,47.36320114,12.39679909,327.5348511,0.027692556,3.0,0.167842865
4916.0,1.0,1278.0,5132.983398,95.03333282,23.0,1.524000049,31.08959961,1000.0,38.23999786,7.150400162,318.921051,0.83455199,7.0,0.306227684
4917.0,1.0,1272.0,15645.30176,324.221344,7.0,0.304800004,26.51760101,1000.0,46.01440048,18.49679947,230.1044464,0.167865053,2.0,-1.039132595
4918.0,1.0,1354.0,1108.355957,189.4419098,4.0,-1.524000049,0.0,1000.0,2.475999832,2.475999832,271.0863647,0.071599379,4.0,-3.987312794
4919.0,1.0,1284.0,15012.57715,393.7979431,36.0,6.705600262,39.62400055,1000.0,45.44879913,6.824800491,276.3097229,0.741440177,3.0,6.0209198
4920.0,1.0,1316.0,2990.89624,60.12720108,2.0,-0.914399981,0.0,1000.0,3.524000168,3.828799963,267.9117737,0.519118488,7.0,-1.961103916
4921.0,1.0,1281.0,12401.86816,334.7515869,34.0,8.229599953,42.36719894,1000.0,49.5447998,9.177598953,339.6516113,0.926752687,3.0,4.603382111
4922.0,1.0,1263.0,15014.58008,84.85990906,50.0,12.19200039,54.25440216,2000.0,82.918396,27.35919952,369.0797119,0.270500153,3.0,1.823215485
4923.0,1.0,1332.0,5354.129883,189.4243011,12.0,-0.609600008,0.0,1000.0,13.8288002,14.8288002,225.9456024,0.456678659,7.0,0.840714455
4924.0,1.0,1329.0,2569.832275,384.3491516,7.0,2.743200064,0.0,1000.0,11.26720047,11.26720047,266.5334473,0.84094578,7.0,1.375394821
4925.0,1.0,1339.0,1538.027588,95.0295105,8.0,0.0,0.0,1000.0,8.304800034,8.304800034,282.972168,0.59062928,4.0,-0.976191521
4926.0,1.0,1262.0,7704.584961,408.7423096,50.0,4.572000027,12.49680042,1000.0,27.74959946,15.25279999,260.2244263,0.354827166,3.0,-1.340263367
4927.0,1.0,1282.0,16818.8457,1172.562622,38.0,3.657599926,14.02080059,4000.0,41.6576004,28.02719879,290.6513367,1.17828691,3.0,-2.530855179
4928.0,1.0,1305.0,8476.106445,108.084053,20.0,3.657599926,0.0,1000.0,15.4279995,16.4279995,224.2124023,0.278560698,7.0,2.750335693
4929.0,1.0,1286.0,14372.06445,299.8046265,35.0,7.010400295,39.62400055,2000.0,45.66799927,7.043998718,300.0771484,0.834892511,3.0,2.354824066
4930.0,1.0,1361.0,592.2808228,67.15869904,7.0,-1.219200015,0.0,1000.0,7.0,7.0,230.9266357,0.179742217,4.0,-3.490617275
4931.0,1.0,1376.0,2081.006104,94.72364807,6.0,-2.133599997,0.0,1000.0,5.695199966,6.695199966,249.6065826,0.055680484,4.0,-1.426641941
4932.0,1.0,1310.0,11378.86719,209.5829315,18.0,1.219200015,0.0,1000.0,11.29439926,11.29439926,258.083252,0.993087471,7.0,-3.209990501
4933.0,1.0,1328.0,4929.789063,1081.595947,40.0,3.352800131,5.181600094,2000.0,5.557598114,0.375999451,409.0019836,1.189808249,3.0,8.868459702
4934.0,1.0,1278.0,7154.952148,1199.629272,29.0,2.743200064,35.66160202,6000.0,46.06880188,10.40719986,317.8942261,0.535216987,7.0,1.844236374
4935.0,1.0,1245.0,6714.880859,90.17984009,9.0,-1.524000049,28.34640121,8000.0,32.46960068,4.427999973,287.4823303,0.247197807,7.0,1.251166344
4936.0,1.0,1359.0,4826.797852,1258.980225,12.0,0.609600008,0.0,1000.0,6.818399906,5.294399738,533.7050171,0.374607533,4.0,-9.507048607
4937.0,1.0,1228.0,11043.17578,0.0,32.0,5.486400127,27.73680115,1000.0,44.80160141,19.06480026,244.4471436,0.28385669,3.0,-1.861789703
4938.0,1.0,1351.0,3151.014893,308.5589905,11.0,0.0,0.0,1000.0,8.256799698,9.256799698,227.893692,0.099180572,4.0,-4.256567955
4939.0,1.0,1340.0,2847.067627,359.256958,20.0,7.315199852,0.0,1000.0,19.39039993,19.39039993,258.4310303,1.479372382,7.0,6.540742874
4940.0,1.0,1331.0,3489.181885,592.317627,9.0,-0.304800004,0.0,1000.0,10.52400017,10.52400017,222.673996,0.905739486,7.0,-1.921798706
4941.0,1.0,1327.0,5925.90625,257.883606,10.0,3.96239996,0.0,1000.0,17.92480087,17.92480087,286.4053955,0.966791332,7.0,3.774711132
4942.0,1.0,1364.0,1138.156616,989.8848877,7.0,-0.914399981,0.0,1000.0,4.866399765,4.866399765,230.217041,0.098348483,4.0,-3.995321751
4943.0,1.0,1372.0,2637.335205,330.6419067,13.0,0.0,0.0,1000.0,10.56159973,10.86639977,261.2355652,0.108752131,4.0,-5.154870033
4944.0,1.0,1358.0,2149.09668,119.7633896,13.0,-0.304800004,0.0,4000.0,9.951999664,9.951999664,222.869339,0.195305109,4.0,-5.733761787
4945.0,1.0,1221.0,24111.64453,67.16992188,32.0,7.619999886,30.47999954,1000.0,51.20240021,20.72240067,222.8365021,0.319568574,7.0,-3.178812027
4946.0,1.0,1287.0,1148.949341,618.7019653,24.0,6.705600262,17.67840004,1000.0,37.10639954,19.4279995,256.5331421,0.414248496,7.0,3.225111008
4947.0,1.0,1267.0,6014.582031,59.8735199,46.0,5.181600094,12.80160046,1000.0,24.35919952,11.55759811,357.7743225,0.547075212,3.0,-3.8853302
4948.0,1.0,1265.0,15035.24414,30.06379509,48.0,4.572000027,32.30879974,1000.0,37.02719879,5.327999115,476.1760864,1.132007957,3.0,-1.942642212
4949.0,1.0,1362.0,1467.786987,402.9789124,9.0,-0.304800004,0.0,8000.0,7.475999832,6.475999832,228.240387,0.054325841,4.0,-6.195188522
4950.0,1.0,1263.0,17692.97266,342.2532959,42.0,0.609600008,0.0,2000.0,13.95839882,12.95839882,235.9289093,0.341845095,4.0,-0.549945831
4951.0,1.0,1334.0,5420.773926,66.99659729,15.0,4.87680006,0.0,1000.0,10.73279953,11.73279953,239.0890808,0.282589376,7.0,-3.547813416
4952.0,1.0,1282.0,4735.15332,445.9194031,38.0,0.914399981,30.78479958,1000.0,52.93519974,19.15040016,387.1177063,0.656961083,7.0,6.702308655
4953.0,1.0,1262.0,5507.384766,1621.914307,39.0,6.400800228,20.11680031,1000.0,53.93519974,32.81840134,303.3538818,1.776645184,3.0,-0.600728989
4954.0,1.0,1356.0,4761.161133,1406.283081,13.0,0.0,0.0,1000.0,6.903999805,3.903999805,300.2723694,0.881345689,4.0,-8.042636871
4955.0,1.0,1353.0,13149.79297,675.6245117,38.0,1.219200015,10.97280025,1000.0,29.46559906,18.49279976,338.1751709,1.692103505,3.0,8.887468338
4956.0,1.0,1360.0,3586.255127,591.109436,4.0,0.0,0.0,1000.0,0.951999903,1.951999903,236.9277649,0.288376749,4.0,-9.399628639
4957.0,1.0,1347.0,4739.413574,450.9010315,10.0,0.0,0.0,1000.0,9.085599899,10.0855999,273.0009155,0.150664076,4.0,-6.897484779
4958.0,1.0,1288.0,12633.81445,246.9321136,39.0,3.657599926,26.51760101,8000.0,38.69520187,13.17759895,226.4256592,0.589962184,3.0,2.461606979
4959.0,1.0,1319.0,4605.978027,305.3504333,0.0,1.219200015,0.0,1000.0,0.609600008,0.609600008,225.7524109,0.720996618,7.0,-1.307050943
4960.0,1.0,1236.0,6158.162598,212.5382538,27.0,2.43840003,26.51760101,1000.0,44.67839813,15.16079998,342.0229797,0.767180443,3.0,0.351818085
4961.0,1.0,1300.0,8374.089844,192.193161,25.0,3.657599926,0.0,8000.0,21.3423996,21.3423996,231.4979553,0.119546346,7.0,1.197195053
4962.0,1.0,1251.0,6919.47168,127.2903519,23.0,0.609600008,28.04160118,1000.0,45.55519867,16.5135994,228.307663,0.76189512,7.0,3.946782112
4963.0,1.0,1289.0,17196.75781,149.6820831,38.0,6.096000195,35.66160202,1000.0,44.09600067,8.434400558,238.3856659,1.044121385,3.0,0.761219025
4964.0,1.0,1321.0,7838.635742,120.2537613,8.0,2.133599997,0.0,1000.0,16.229599,17.229599,243.5858765,0.537569225,7.0,1.318187714
4965.0,1.0,1284.0,13604.79199,95.02642822,35.0,7.619999886,36.57600021,2000.0,45.36320114,8.78719902,323.7350159,0.271162301,3.0,0.859340668
4966.0,1.0,1269.0,10730.36816,90.19195557,39.0,-6.400800228,83.51519775,6000.0,95.69280243,14.17759895,313.5968933,0.748849928,7.0,-14.72781754
4967.0,1.0,1247.0,6958.66748,95.01727295,12.0,-1.524000049,47.54880142,1000.0,60.76800156,13.21920013,239.454071,0.534902573,7.0,-2.915924072
4968.0,1.0,1288.0,14883.09668,424.2388,44.0,6.400800228,41.45280075,1000.0,53.75360107,14.91040039,234.8515015,0.09157218,3.0,6.668142319
4969.0,1.0,1329.0,6152.149414,699.0066528,21.0,5.791200161,0.0,1000.0,16.4279995,16.4279995,271.5907288,1.510016561,7.0,-2.34446907
4970.0,1.0,1338.0,3988.327637,234.4062195,17.0,5.181600094,0.0,1000.0,15.78079987,14.78079987,232.7592316,0.369541347,7.0,2.480258465
4971.0,1.0,1331.0,6039.571777,606.482605,17.0,6.705600262,0.0,8000.0,12.4279995,11.4279995,271.5907288,0.464474171,7.0,-1.270449638
4972.0,1.0,1252.0,13361.0166,134.0072174,35.0,1.828799963,25.90800095,1000.0,30.4279995,1.520000458,224.0330811,0.845022976,3.0,-1.214992523
4973.0,1.0,1221.0,21195.45508,300.6205139,29.0,8.534399986,32.61360168,1000.0,52.16480255,19.55120087,205.4034271,0.118695647,3.0,0.663393021
4974.0,1.0,1284.0,2124.881592,342.2145386,19.0,4.572000027,0.0,1000.0,26.31520081,28.61999893,231.7141876,1.13590157,7.0,-0.889987946
4975.0,1.0,1282.0,1719.032715,574.3465576,23.0,3.96239996,0.0,1000.0,30.61999893,29.61999893,231.7141876,0.879694104,7.0,-1.96152401
4976.0,1.0,1230.0,12562.63965,150.3060455,29.0,1.219200015,25.29840088,4000.0,37.229599,6.931200027,276.4573364,0.491163135,3.0,-9.108802795
4977.0,1.0,1226.0,20010.01172,495.6513672,33.0,8.83920002,35.35680008,1000.0,56.7743988,21.41759872,312.3868103,0.348219842,3.0,2.761863708
4978.0,1.0,1330.0,3840.791016,108.0754471,7.0,2.43840003,0.0,1000.0,7.0,8.0,235.4432983,0.209296212,7.0,-0.56801033
4979.0,1.0,1359.0,4627.196777,1133.607788,13.0,0.0,0.0,1000.0,7.818399906,7.818399906,533.7050171,0.656533957,4.0,-8.646087646
4980.0,1.0,1361.0,1960.987183,318.9741821,6.0,2.133599997,0.0,1000.0,3.56159997,4.561599731,213.8973389,0.326934665,4.0,-1.926892757
4981.0,1.0,1329.0,5693.27002,726.546814,17.0,-0.914399981,0.0,1000.0,18.8288002,19.13360023,236.4587097,0.942210197,7.0,0.731035709
4982.0,1.0,1240.0,22031.85742,255.9248047,50.0,0.609600008,16.15439987,8000.0,50.60960007,34.4552002,283.5867615,0.486966908,3.0,-2.13483429
4983.0,1.0,1252.0,17131.58594,134.344574,45.0,2.743200064,25.90800095,1000.0,56.58240128,30.67440033,239.1480255,0.246179521,3.0,-2.191421509
4984.0,1.0,1278.0,2911.953613,493.8675232,48.0,5.486400127,17.98320007,1000.0,31.84560013,13.86240005,348.6833191,0.539854288,3.0,-0.704269409
4985.0,1.0,1292.0,9705.972656,182.8525391,19.0,3.048000097,0.0,1000.0,21.7432003,23.7432003,234.4132538,0.11948812,7.0,1.712497711
4986.0,1.0,1278.0,7380.86377,191.9953613,17.0,3.96239996,5.791200161,1000.0,20.35280037,14.56159973,279.9778137,0.183268726,7.0,1.373048782
4987.0,1.0,1279.0,2745.594238,94.71068573,24.0,7.924799919,9.448800087,1000.0,29.18160057,19.73279953,228.6552124,0.188212961,7.0,2.409828186
4988.0,1.0,1292.0,6779.584961,60.12728119,25.0,4.572000027,0.0,1000.0,24.39039993,24.39039993,241.1565857,0.438422859,7.0,2.061805725
4989.0,1.0,1276.0,8237.293945,312.6828613,31.0,2.43840003,16.76399994,1000.0,39.83919907,23.07519913,236.5254669,0.198631242,3.0,0.398391724
4990.0,1.0,1315.0,12632.51563,673.1391602,23.0,3.352800131,0.0,1000.0,15.98959923,15.98959923,285.2550659,1.966087818,7.0,0.224630356
4991.0,1.0,1337.0,2476.757568,446.0522461,6.0,0.609600008,0.0,1000.0,6.304800034,8.304800034,277.1060181,0.81821841,4.0,-1.572218418
4992.0,1.0,1264.0,4285.884766,169.7191315,41.0,-2.43840003,38.40480042,1000.0,53.19200134,14.09199905,266.5766602,0.684662461,3.0,-3.800144196
4993.0,1.0,1279.0,10475.10254,192.0174866,43.0,3.048000097,32.91839981,1000.0,41.47600174,6.557598114,213.7790527,0.254754126,3.0,-5.372318268
4994.0,1.0,1331.0,6039.571777,523.1766357,16.0,7.010400295,0.0,8000.0,11.4279995,13.4279995,271.5907288,0.464474171,7.0,-0.914709091
4995.0,1.0,1232.0,5808.273926,300.6089172,38.0,9.753600121,28.04160118,1000.0,48.66799927,20.62639999,285.0740662,0.342062503,3.0,5.459003448
4996.0,1.0,1284.0,3682.404541,42.4290123,29.0,1.524000049,0.0,1000.0,42.10639954,43.7159996,358.3700256,2.305691242,7.0,5.863560677
4997.0,1.0,1284.0,13537.26953,192.1956787,35.0,7.924799919,35.96640015,2000.0,44.14400101,10.39679909,327.5348511,0.478953958,3.0,2.176160812
4998.0,1.0,1282.0,13253.60352,150.0989227,36.0,4.267199993,21.64080048,1000.0,35.08560181,13.44479942,301.236969,0.337995529,3.0,1.688776016
4999.0,1.0,1288.0,14493.89453,324.7469788,42.0,7.010400295,39.62400055,1000.0,52.36320114,15.04399872,234.8515015,0.831260085,3.0,3.53332901
5000.0,1.0,1359.0,1586.14502,359.2919312,8.0,-0.304800004,0.0,4000.0,4.951999664,4.951999664,227.1013641,0.311877817,4.0,-5.51767683
5001.0,1.0,1319.0,14725.4082,42.42332077,23.0,6.400800228,0.0,2000.0,23.0,23.0,238.7411652,0.486938953,7.0,12.00312328
5002.0,1.0,1333.0,3912.574219,493.8728943,12.0,2.743200064,0.0,8000.0,12.30480003,13.30480003,240.3826599,0.722263157,4.0,0.582858086
5003.0,1.0,1288.0,3542.176514,95.02654266,27.0,5.791200161,0.0,1000.0,32.4864006,32.4864006,221.4554291,0.667895317,7.0,2.677366257
5004.0,1.0,1296.0,9976.643555,161.8088379,27.0,4.267199993,0.0,1000.0,20.90399933,20.90399933,226.0914307,0.089315362,7.0,2.695043564
5005.0,1.0,1283.0,6137.773926,855.2997437,37.0,0.914399981,34.74720001,1000.0,51.63040161,16.88319969,359.9480286,0.036255825,7.0,7.382728577
5006.0,1.0,1228.0,31701.91602,401.0216064,40.0,4.267199993,20.42160034,1000.0,43.35279846,21.93120003,250.3634033,0.436972648,7.0,2.748046875
5007.0,1.0,1278.0,2634.461182,134.3419037,44.0,3.657599926,16.45919991,1000.0,26.93120003,8.472000122,348.6833191,0.264338434,3.0,-1.453281403
5008.0,1.0,1278.0,8408.713867,133.9998322,14.0,2.43840003,31.08959961,1000.0,31.37360001,0.283999443,235.5369568,0.649717152,7.0,-4.805609703
5009.0,1.0,1225.0,18447.41211,324.7848511,36.0,7.619999886,33.22320175,1000.0,62.21279907,27.98959923,302.4996033,0.041248396,7.0,2.233646393
5010.0,1.0,1250.0,7276.173828,108.2582626,26.0,0.914399981,28.34640121,8000.0,50.07920074,25.73279953,233.1846008,0.967544913,7.0,4.292409897
5011.0,1.0,1276.0,2185.043213,1568.897461,22.0,4.267199993,6.400800228,1000.0,28.4008007,22.0,329.55896,1.126479745,7.0,2.062888145
5012.0,1.0,1329.0,3509.335449,949.4208984,20.0,8.534399986,12.80160046,8000.0,13.5991993,0.0,281.520813,0.250148803,3.0,-4.168190002
5013.0,1.0,1298.0,12977.01563,839.9951782,27.0,0.0,0.0,2000.0,16.63679886,16.63679886,280.0892944,0.212281078,4.0,-1.141046524
5014.0,1.0,1248.0,6399.500977,127.2912674,20.0,-0.914399981,52.42560196,1000.0,74.86399841,21.43840027,216.3040619,0.244656801,7.0,1.212576866
5015.0,1.0,1321.0,3697.141846,210.4433746,8.0,2.743200064,0.0,1000.0,15.01040077,12.01040077,222.5180664,0.683020711,7.0,0.162478924
5016.0,1.0,1324.0,4042.618652,95.02540588,2.0,1.524000049,0.0,1000.0,4.438400269,5.438400269,246.8880463,1.186439514,7.0,-2.989150286
5017.0,1.0,1232.0,8256.93457,90.1823349,29.0,4.267199993,27.12720108,1000.0,50.33599854,23.20879936,234.7662964,0.276934445,3.0,4.025526047
5018.0,1.0,1299.0,10976.54199,498.8613586,21.0,3.048000097,0.0,6000.0,30.14400101,30.14400101,243.2566986,0.203833833,7.0,-2.945458412
5019.0,1.0,1360.0,1098.828857,272.1836548,1.0,-0.914399981,0.0,1000.0,0.0,0.866400003,213.4582977,0.163590536,4.0,-3.621443748
5020.0,1.0,1251.0,12813.52246,108.0862503,44.0,3.657599926,25.29840088,1000.0,47.35279846,24.05439949,276.4126587,0.895942807,3.0,1.618106842
5021.0,1.0,1244.0,7361.211426,756.8913574,46.0,1.524000049,23.16480064,1000.0,47.21920013,27.05439949,318.9545288,2.522826433,3.0,15.79835129
5022.0,1.0,1330.0,7591.36377,123.9254074,22.0,1.828799963,0.0,1000.0,23.8288002,23.8288002,239.7809601,0.755096316,7.0,1.648245811
5023.0,1.0,1284.0,5025.546387,635.0933228,26.0,8.229599953,13.41120052,1000.0,35.75360107,22.3423996,318.7206726,1.199062109,7.0,4.867010117
5024.0,1.0,1287.0,4886.51123,119.7461929,26.0,6.400800228,0.0,1000.0,28.43840027,28.43840027,229.8387451,0.599456906,7.0,3.968325615
5025.0,1.0,1337.0,3336.046387,201.0016937,5.0,0.609600008,0.0,1000.0,5.304800034,4.304800034,280.8763733,0.061334476,4.0,-2.208791256
5026.0,1.0,1325.0,4795.845215,323.6134338,22.0,11.27760029,0.0,1000.0,29.61999893,29.61999893,232.6618042,0.87425667,7.0,11.09742928
5027.0,1.0,1329.0,4842.043945,306.5377502,10.0,-0.304800004,0.0,1000.0,11.8288002,11.8288002,228.1329956,0.757595897,7.0,-1.891901493
5028.0,1.0,1264.0,7591.569336,495.6810608,50.0,5.791200161,13.71600056,1000.0,28.35919952,15.64319992,317.997345,0.565041959,3.0,0.851810455
5029.0,1.0,1277.0,2031.768921,627.5130005,21.0,8.83920002,8.534399986,1000.0,28.92480087,21.39039993,290.2644958,0.757964492,7.0,4.559771538
5030.0,1.0,1304.0,3447.543945,246.9187775,15.0,1.219200015,13.41120052,1000.0,23.83919907,10.4279995,340.0862732,0.610179186,7.0,-7.729432583
5031.0,1.0,1335.0,1261.650024,276.0704651,9.0,0.0,0.0,1000.0,9.304800034,9.304800034,249.4903259,0.140202448,4.0,-3.410770416
5032.0,1.0,1259.0,11926.85449,212.543396,23.0,-0.304800004,42.67200089,1000.0,69.02479553,24.35280037,234.7418823,0.101159543,7.0,-1.795995712
5033.0,1.0,1359.0,5043.097656,1481.721069,11.0,0.304800004,0.0,1000.0,3.684800148,5.684800148,533.7050171,0.384054065,4.0,-8.475170135
5034.0,1.0,1316.0,1169.079224,300.166687,7.0,-2.133599997,0.0,1000.0,12.79120064,9.791200638,340.9230957,0.744840443,7.0,-4.162948608
5035.0,1.0,1279.0,10701.05469,133.986908,29.0,5.486400127,40.84320068,1000.0,46.67839813,5.835199356,256.5212708,0.703006864,7.0,-0.407291412
5036.0,1.0,1335.0,2851.395996,42.42852783,11.0,2.743200064,0.0,1000.0,11.60960007,11.30480003,229.7817535,0.267690122,7.0,-3.692835331
5037.0,1.0,1298.0,7652.703613,182.8520508,27.0,5.486400127,0.0,1000.0,25.47599983,24.47599983,232.5969086,0.112213306,7.0,2.62957859
5038.0,1.0,1292.0,4475.521973,66.99419403,25.0,4.87680006,0.0,1000.0,29.5720005,31.5720005,228.3263855,0.86320436,7.0,1.623556137
5039.0,1.0,1268.0,1717.596802,636.4464722,30.0,9.753600121,17.67840004,8000.0,44.32559967,27.64719963,432.3390198,5.398908138,3.0,-1.485837936
5040.0,1.0,1269.0,4980.687988,152.6966248,31.0,6.400800228,15.5447998,1000.0,43.19200134,28.64719963,416.3858643,0.742728651,3.0,-5.280643463
5041.0,1.0,1264.0,10162.91602,42.42343903,23.0,-0.609600008,15.5447998,8000.0,49.82240295,35.27759933,256.5523682,0.24093543,7.0,-0.942527771
5043.0,1.0,1340.0,2203.206543,161.7928772,17.0,1.219200015,0.0,1000.0,16.0855999,19.0855999,263.7007141,0.397671789,7.0,-2.118981361
5044.0,1.0,1276.0,1720.145996,89.80924225,18.0,5.181600094,6.705600262,1000.0,24.09600067,17.0855999,252.8960571,0.997668684,7.0,-0.618024826
5045.0,1.0,1224.0,20441.41992,133.9874878,31.0,1.524000049,22.25040054,1000.0,46.84960175,24.5991993,252.3970642,0.372348517,7.0,1.191804886
5046.0,1.0,1359.0,4913.200684,1169.266479,10.0,0.609600008,0.0,1000.0,3.294399738,3.294399738,533.7050171,0.359925091,7.0,-9.006689072
5047.0,1.0,1327.0,2036.830078,67.16448975,13.0,1.219200015,0.0,1000.0,12.0855999,12.0855999,237.1900177,0.252208382,7.0,1.545020103
5048.0,1.0,1243.0,25132.2207,119.7450333,49.0,6.705600262,41.14799881,1000.0,81.30879974,40.16080093,262.4720764,0.694977283,3.0,-2.142024994
5050.0,1.0,1291.0,16962.21875,234.383316,45.0,4.87680006,35.05200195,1000.0,50.79119873,16.73920059,239.9977264,0.737463772,3.0,3.49259758
5051.0,1.0,1248.0,23051.24219,1256.622437,75.0,12.80160046,37.79520035,2000.0,93.28800201,54.49279785,457.3219604,0.839806676,3.0,34.11288834
5053.0,1.0,1287.0,14993.49707,59.87279892,35.0,7.010400295,39.62400055,1000.0,44.44879913,5.824800491,233.4650726,0.22642535,3.0,2.471862793
5054.0,1.0,1291.0,16656.10352,276.0482178,41.0,3.657599926,34.13759995,6000.0,46.18159866,12.04399872,236.3403473,0.332691044,3.0,0.114427567
5055.0,1.0,1291.0,16656.10352,276.0482178,41.0,3.657599926,34.13759995,6000.0,46.18159866,12.04399872,236.3403473,0.332691044,3.0,0.114427567
5056.0,1.0,1234.0,6447.523926,282.791626,31.0,8.229599953,25.60320091,1000.0,44.7159996,17.1128006,242.6458282,0.473076731,3.0,2.862001419
5057.0,1.0,1267.0,4195.465332,66.99825287,20.0,1.828799963,22.86000061,1000.0,47.12720108,24.26720047,270.5545959,0.703388929,7.0,5.925620079
5058.0,1.0,1279.0,39481.76953,389.2674561,6.0,0.304800004,0.0,1000.0,32.51760101,32.51760101,180.0,0.216445342,2.0,-0.979068279
5059.0,1.0,1264.0,1172.540161,743.494751,35.0,-1.524000049,25.29840088,1000.0,50.5447998,23.24639893,208.4428558,1.3039639,3.0,1.763305664
5060.0,1.0,1287.0,4082.719971,94.70477295,19.0,4.572000027,0.0,8000.0,25.70560074,26.31520081,233.872879,0.194186628,7.0,0.930483818
5061.0,1.0,1226.0,27510.47461,127.2901001,37.0,-4.572000027,20.42160034,8000.0,38.8288002,16.40719986,254.1993561,1.34951055,7.0,1.737133026
5062.0,1.0,1240.0,5125.240723,442.4229736,39.0,14.02080059,32.00400162,1000.0,48.44879913,18.44479942,284.9611511,0.276680946,3.0,12.18945503
5063.0,1.0,1303.0,13561.81641,89.81044769,27.0,5.181600094,0.0,1000.0,20.5991993,20.5991993,222.2761841,0.070516877,7.0,3.820972443
5064.0,1.0,1339.0,2224.81543,753.8486328,6.0,-0.609600008,0.0,1000.0,6.304800034,5.304800034,274.7538757,0.11251498,4.0,-3.542653799
5065.0,1.0,1229.0,14416.17871,123.4636612,32.0,5.181600094,25.90800095,1000.0,41.44879913,15.54080009,223.8122711,0.33694014,7.0,-3.058725357
5066.0,1.0,1219.0,23854.5918,89.81413269,32.0,5.791200161,26.51760101,1000.0,47.84960175,21.33200073,348.4258728,0.616790593,3.0,-0.07311058
5067.0,1.0,1274.0,3039.787109,378.8174438,25.0,7.315199852,7.619999886,1000.0,32.31520081,24.69519997,313.1886292,0.256151855,7.0,2.910492897
5068.0,1.0,1243.0,11302.41895,470.1821594,38.0,1.524000049,27.43200111,2000.0,34.03760147,6.300800323,324.958374,1.833154917,3.0,-0.617202759
5069.0,1.0,1270.0,4120.324219,631.954834,33.0,6.705600262,26.21280098,1000.0,44.58240128,18.3696003,333.95224,1.93663609,3.0,1.268793106
5070.0,1.0,1267.0,4051.435059,524.8765869,40.0,6.096000195,26.21280098,1000.0,51.58240128,25.3696003,333.95224,1.710254312,3.0,-1.688085556
5071.0,1.0,1284.0,11412.31543,654.0061035,45.0,20.42160034,31.39439964,2000.0,53.229599,21.83519936,228.0778503,0.218571052,3.0,10.36145973
5072.0,1.0,1321.0,17215.2832,169.7147522,29.0,2.43840003,0.0,8000.0,21.98959923,24.98959923,235.4554291,0.09180557,7.0,3.237491608
5073.0,1.0,1307.0,1766.250244,269.427887,9.0,1.524000049,12.49680042,1000.0,15.4008007,5.903999805,355.2676392,0.917202711,7.0,-5.71671629
5074.0,1.0,1236.0,7442.48291,150.3045044,32.0,3.657599926,29.56559944,1000.0,41.44879913,11.57839966,301.3004456,0.618290603,3.0,1.627605438
5075.0,1.0,1337.0,2216.273682,201.5019836,13.0,2.743200064,0.0,1000.0,12.69519997,12.69519997,265.0412598,0.3266927,7.0,-2.729693413
5076.0,1.0,1288.0,4419.085449,669.5754395,17.0,0.914399981,0.0,1000.0,6.027199745,16.02719879,234.8106232,0.176772773,3.0,-1.89540863
5077.0,1.0,1241.0,2427.334473,257.8813477,32.0,8.229599953,28.65120125,1000.0,48.76399994,19.1128006,265.1636047,0.177295208,3.0,9.323448181
5078.0,1.0,1338.0,1073.410522,120.2506866,6.0,0.0,0.0,1000.0,6.304800034,7.304800034,249.4903259,0.221109286,4.0,-1.933748245
5079.0,1.0,1281.0,4759.430664,1503.161743,33.0,1.828799963,0.0,8000.0,19.89360046,19.58879852,278.5115051,0.716130793,3.0,-3.422893524
5080.0,1.0,1339.0,2248.572754,108.0759735,11.0,-0.304800004,0.0,1000.0,10.69519997,9.695199966,238.7027893,0.720242202,7.0,-2.52735424
5081.0,1.0,1232.0,5508.880371,257.921936,37.0,9.144000053,28.04160118,1000.0,47.66799927,19.62639999,285.0740662,0.739946008,3.0,4.122707367
5082.0,1.0,1350.0,2269.338135,339.3964233,12.0,0.0,0.0,1000.0,10.47599983,10.47599983,239.1515656,0.211905569,4.0,-1.06884861
5083.0,1.0,1239.0,15320.28418,361.1946716,26.0,5.181600094,33.22320175,1000.0,53.73680115,20.5135994,271.2507324,0.104547992,7.0,0.153408051
5084.0,1.0,1363.0,4008.074463,42.42464066,8.0,-2.43840003,0.0,1000.0,8.0,8.0,223.6431732,0.036599409,4.0,0.238618135
5085.0,1.0,1317.0,3646.959473,242.1193085,10.0,2.133599997,0.0,8000.0,11.52400017,10.52400017,290.9762268,0.393663257,7.0,0.731599808
5086.0,1.0,1354.0,1020.494385,209.5849457,5.0,-1.219200015,0.0,1000.0,3.475999832,1.475999951,271.0863647,0.099197365,4.0,-3.718642712
5087.0,1.0,1375.0,2121.821533,201.4884491,6.0,-1.828799963,0.0,1000.0,4.780799866,2.780799866,225.4024963,0.247705251,4.0,-2.185114145
5088.0,1.0,1244.0,16081.48828,149.9226837,49.0,3.96239996,21.03120041,1000.0,52.6576004,34.62639999,224.310257,1.901010871,3.0,5.862228394
5089.0,1.0,1327.0,7684.245117,59.8736763,4.0,-0.914399981,0.0,1000.0,11.61999989,12.61999989,232.824173,0.60806495,7.0,-1.904579639
5090.0,1.0,1281.0,14146.93848,179.6179962,45.0,6.400800228,18.89760017,2000.0,39.5135994,19.61599922,284.0130615,0.54823029,3.0,2.454311371
5091.0,1.0,1286.0,16709.47461,175.094223,46.0,6.400800228,36.27120209,1000.0,52.70560074,15.43440056,293.2263794,0.759499669,3.0,10.03858566
5092.0,1.0,1280.0,10706.89551,84.84785461,24.0,3.96239996,41.14799881,1000.0,43.20240021,4.05439949,263.6363525,0.272870988,7.0,-1.358739853
5093.0,1.0,1265.0,12777.36719,371.7877197,47.0,5.486400127,28.34640121,8000.0,33.58879852,5.242401123,452.975708,0.696444631,3.0,-0.400333405
5094.0,1.0,1283.0,14808.43262,380.1055298,39.0,6.096000195,19.50720024,1000.0,32.5992012,13.09199905,288.2364502,0.245825812,3.0,1.932626724
5095.0,1.0,1280.0,9950.196289,161.3135834,28.0,3.96239996,35.05200195,1000.0,45.06880188,10.01679993,256.5212708,0.428976297,7.0,-4.585706711
5096.0,1.0,1335.0,933.8577881,211.7058716,5.0,0.0,0.0,1000.0,5.304800034,4.304800034,238.0192566,0.271402955,4.0,-3.08369565
5097.0,1.0,1332.0,7507.888672,2021.237061,18.0,3.96239996,0.0,1000.0,13.12319946,13.12319946,289.4328918,0.701444149,7.0,-4.169160843
5098.0,1.0,1267.0,8498.892578,489.3254089,9.0,-1.524000049,2.43840003,1000.0,13.26720047,9.828800201,314.9762268,0.072742552,2.0,-5.846569061
5099.0,1.0,1233.0,11604.36035,400.9996033,52.0,15.23999977,17.37360001,1000.0,56.5719986,37.19839859,354.1758118,0.563510597,3.0,16.48405266
5100.0,1.0,1234.0,7697.450195,234.2428589,33.0,8.83920002,24.99360085,1000.0,47.93519974,25.63679886,301.2885132,0.187607795,3.0,5.123960495
5101.0,1.0,1241.0,2427.334473,234.3732452,35.0,8.229599953,28.65120125,1000.0,51.76399994,22.1128006,265.1636047,0.177295208,3.0,9.708814621
5102.0,1.0,1279.0,3721.383545,324.2127075,44.0,-0.304800004,42.67200089,1000.0,61.67839813,19.31119919,299.2573547,0.364210397,3.0,-7.710803986
5103.0,1.0,1351.0,1815.772095,704.8449707,8.0,0.0,0.0,1000.0,8.304800034,9.304800034,239.1923981,0.056895331,4.0,-5.705376148
5104.0,1.0,1223.0,20203.02148,306.5151978,38.0,9.144000053,32.91839981,1000.0,62.07920074,29.85599899,208.5034027,0.039553516,3.0,1.21169281
5105.0,1.0,1328.0,3637.618896,161.795578,8.0,0.914399981,0.0,1000.0,8.304800034,8.304800034,235.1806335,0.866276979,7.0,-0.457325459
5106.0,1.0,1313.0,14881.30566,390.7091675,22.0,7.010400295,0.0,2000.0,21.69519997,21.69519997,260.0296936,0.694936633,7.0,10.22830105
5107.0,1.0,1330.0,4436.330566,1464.478516,23.0,10.66800022,0.0,1000.0,18.73279953,20.73279953,273.7799683,0.434386194,7.0,2.596452713
5108.0,1.0,1241.0,2324.156006,277.0808105,30.0,7.619999886,28.65120125,1000.0,46.76399994,18.1128006,250.7127228,0.019704727,3.0,9.315982819
5109.0,1.0,1356.0,4734.81543,1402.912598,13.0,-0.304800004,0.0,6000.0,6.903999805,6.903999805,300.2723694,0.3116391,4.0,-8.848491669
5110.0,1.0,1292.0,9002.376953,29.93630028,13.0,6.096000195,12.80160046,1000.0,20.61999893,8.73279953,235.4831543,1.192636728,7.0,-0.409385681
5111.0,1.0,1315.0,11300.35352,339.4307861,23.0,0.914399981,0.0,1000.0,15.38000011,15.38000011,233.4216614,1.195792794,7.0,-3.656197548
5112.0,1.0,1238.0,5538.584961,169.6913605,29.0,4.267199993,27.43200111,1000.0,49.1167984,20.68479919,239.7810669,0.42075333,3.0,8.381141663
5113.0,1.0,1253.0,21473.47656,334.7529602,43.0,5.791200161,34.44240189,8000.0,63.1167984,28.67440033,311.1793213,0.380411148,3.0,-1.66003418
5114.0,1.0,1327.0,7612.864258,123.4896469,21.0,7.619999886,0.0,1000.0,30.75360107,29.75360107,382.5708008,0.815073907,3.0,-2.574267387
5115.0,1.0,1245.0,6436.770508,150.0719147,16.0,-1.219200015,28.34640121,8000.0,39.16480255,9.818399429,287.4823303,0.472373188,7.0,1.897816658
5116.0,1.0,1315.0,4937.580566,29.94129562,12.0,0.304800004,0.0,4000.0,5.903999805,5.903999805,303.0350952,0.024719724,4.0,-0.56662178
5117.0,1.0,1282.0,11731.39941,90.19169617,31.0,3.352800131,41.45280075,2000.0,47.76399994,6.615999222,235.4106293,0.239180505,7.0,-0.188850403
5118.0,1.0,1234.0,8952.536133,378.8798828,25.0,1.828799963,23.46960068,1000.0,39.02080154,15.55119991,296.4489441,0.295100182,3.0,-2.885044098
5119.0,1.0,1240.0,2441.158203,299.8073425,31.0,8.229599953,28.65120125,1000.0,47.76399994,19.1128006,265.1636047,0.337386012,3.0,9.240621567
5120.0,1.0,1267.0,15231.10645,123.9293289,44.0,1.828799963,24.99360085,1000.0,29.06480026,2.071201324,258.6835327,0.802624166,3.0,-2.462490082
5121.0,1.0,1358.0,4061.83374,60.11930466,7.0,-2.43840003,0.0,1000.0,7.609600067,9.609600067,222.7890167,0.315159172,4.0,0.406238616
5122.0,1.0,1283.0,8432.880859,618.458374,31.0,0.914399981,0.0,2000.0,13.93120003,13.93120003,316.6207581,0.275888085,3.0,-3.327680588
5123.0,1.0,1327.0,7299.268555,108.2589035,7.0,0.609600008,0.0,1000.0,14.61999989,12.61999989,228.2938385,0.449361712,7.0,-0.958970547
5124.0,1.0,1291.0,918.7912598,295.0852966,24.0,1.524000049,0.0,1000.0,16.68479919,16.68479919,217.2926636,0.208844751,4.0,1.215267181
5125.0,1.0,1315.0,11300.35352,339.4307861,23.0,0.914399981,0.0,1000.0,15.38000011,15.38000011,233.4216614,1.195792794,7.0,-3.656197548
5126.0,1.0,1332.0,5291.419434,1134.618042,17.0,11.88720036,0.0,1000.0,10.5991993,13.5991993,271.8753967,0.734924138,7.0,1.738464355
5127.0,1.0,1287.0,5646.499512,255.9597626,30.0,9.753600121,0.0,1000.0,36.4007988,38.4007988,351.7733459,0.235602975,3.0,16.39497375
5128.0,1.0,1285.0,15285.21973,150.29039,34.0,2.133599997,0.0,1000.0,22.41759872,18.41759872,230.5920105,0.943678796,3.0,-0.955299377
5129.0,1.0,1286.0,3583.791504,182.1204376,22.0,1.828799963,0.0,8000.0,34.80160141,35.80160141,348.5407104,0.448526263,7.0,1.884289742
5130.0,1.0,1328.0,3968.445313,67.16438293,7.0,2.743200064,0.0,8000.0,7.609600067,7.609600067,237.5907288,0.319702119,7.0,1.560017586
5131.0,1.0,1361.0,4178.354492,997.7481689,13.0,1.219200015,0.0,1000.0,7.818399906,8.951999664,235.8898773,0.28635785,4.0,-4.684433937
5132.0,1.0,1358.0,255.9461517,361.1486206,13.0,-2.133599997,0.0,6000.0,12.0855999,12.0855999,228.6279449,0.106217384,4.0,-3.305949688
5133.0,1.0,1226.0,13754.52539,508.9608459,37.0,8.229599953,27.12720108,1000.0,47.0583992,16.93120003,272.0049133,0.336679667,3.0,2.609373093
5135.0,1.0,1334.0,2695.071289,1240.667847,13.0,3.352800131,0.0,1000.0,10.2567997,10.2567997,258.000946,1.034957528,7.0,-2.719498634
5136.0,1.0,1265.0,2749.091309,42.42901993,24.0,12.49680042,32.00400162,5000.0,48.38400269,23.38000107,239.6937408,0.362311959,7.0,7.480304718
5137.0,1.0,1275.0,3949.692383,830.8688354,40.0,-0.304800004,37.79520035,8000.0,52.80160141,15.00639915,274.2779236,0.863207579,3.0,-8.527996063
5138.0,1.0,1346.0,4267.778809,1547.377075,38.0,11.88720036,0.0,1000.0,8.434400558,8.434400558,329.3760681,1.855550766,4.0,11.35122871
5139.0,1.0,1286.0,14499.76074,247.8580322,41.0,5.791200161,39.62400055,1000.0,51.36320114,9.043998718,234.8515015,0.605194032,3.0,3.605779648
5140.0,1.0,1288.0,14492.30664,381.8150024,44.0,7.010400295,42.06240082,1000.0,54.36320114,15.04399872,234.8515015,1.180749655,3.0,4.450431824
5141.0,1.0,1275.0,3949.692383,830.8688354,40.0,-0.304800004,37.79520035,8000.0,52.80160141,15.00639915,274.2779236,0.863207579,3.0,-8.527996063
5142.0,1.0,1262.0,9929.69043,149.9055023,26.0,0.914399981,27.12720108,1000.0,35.44879913,8.32159996,272.2806702,1.534301043,3.0,-0.176776886
5143.0,1.0,1267.0,3796.231689,153.2554321,37.0,6.705600262,26.21280098,1000.0,48.58240128,19.3696003,333.95224,0.761569321,3.0,0.730485916
5144.0,1.0,1304.0,7440.141113,582.8557129,16.0,5.791200161,12.19200039,1000.0,25.14400101,14.95199966,234.9672089,1.148592949,7.0,4.532696724
5145.0,1.0,1219.0,4026.633057,489.3389282,28.0,2.743200064,29.87039948,1000.0,67.92880249,38.0583992,294.2697449,0.602153242,7.0,1.588504791
5146.0,1.0,1331.0,3635.825928,959.8797607,10.0,0.914399981,0.0,1000.0,11.8288002,11.8288002,210.3370056,0.161664292,7.0,-1.904995918
5147.0,1.0,1264.0,5010.369629,67.1577301,38.0,5.486400127,15.5447998,1000.0,50.19200134,33.64720154,416.5222778,3.166838884,3.0,0.078119278
5148.0,1.0,1268.0,19496.86719,351.705658,11.0,2.43840003,34.13759995,1000.0,51.84320068,18.31520081,210.2726135,0.095431991,7.0,-1.074947834
5149.0,1.0,1285.0,5008.758301,42.42421341,22.0,4.87680006,0.0,1000.0,30.53440094,30.53440094,247.2869873,0.205969974,7.0,-0.078288078
5150.0,1.0,1273.0,10414.66797,570.1964111,11.0,-2.743200064,7.619999886,1000.0,20.75360107,11.13360023,237.494339,0.232792199,7.0,-3.919266939
5151.0,1.0,1267.0,3609.768799,268.6307678,28.0,8.83920002,26.51760101,1000.0,39.8871994,13.06480026,336.0488281,1.408799529,3.0,5.543783188
5152.0,1.0,1338.0,5013.177246,987.9885864,15.0,2.133599997,0.0,4000.0,15.60960007,16.60960007,254.4381409,0.116868407,7.0,-2.911001682
5153.0,1.0,1300.0,9765.356445,2044.440063,46.0,3.96239996,6.705600262,8000.0,35.33200073,29.54080009,478.4103394,3.689181089,3.0,1.062023163
5154.0,1.0,1307.0,15378.3623,192.0159912,23.0,0.914399981,0.0,1000.0,8.369600296,8.369600296,347.0660095,0.167128935,7.0,0.2455616
5155.0,1.0,1256.0,14785.10449,781.6590576,39.0,2.133599997,32.91839981,6000.0,55.459198,22.54080009,232.9311066,0.369158775,3.0,-3.735683441
5156.0,1.0,1357.0,4735.150879,359.2972107,20.0,0.609600008,0.0,1000.0,14.20879936,12.20879936,444.2182007,0.861946881,7.0,-5.480147362
5157.0,1.0,1359.0,4913.200684,1198.035767,11.0,0.609600008,0.0,1000.0,4.294399738,6.294399738,533.7050171,0.359925091,7.0,-9.236715317
5158.0,1.0,1284.0,13318.66895,631.598938,36.0,-7.010400295,29.26079941,1000.0,43.92480087,14.66399956,243.0936737,0.670318902,3.0,-0.828077316
5159.0,1.0,1279.0,10518.95801,108.2613907,34.0,8.229599953,39.62400055,1000.0,51.67839813,12.05439949,299.6167603,0.309497774,7.0,-0.670722961
5160.0,1.0,1302.0,11556.31738,120.2514572,39.0,5.486400127,0.0,2000.0,24.67440033,24.67440033,238.4327393,0.615982234,3.0,-0.975460052
5161.0,1.0,1358.0,2679.045166,768.0084839,16.0,-1.524000049,0.0,1000.0,16.0,16.0,336.072052,0.116915829,4.0,-0.693600416
5162.0,1.0,1398.0,7843.579102,1041.595703,13.0,2.133599997,0.0,1000.0,12.69519997,16.69519997,225.3371582,0.199616387,13.0,1.003780842
5163.0,1.0,1314.0,12452.47461,745.4788818,18.0,0.914399981,0.0,4000.0,9.16079998,13.16079998,259.972168,0.359664828,7.0,-5.486800194
5164.0,1.0,1351.0,2382.685791,212.5436859,8.0,1.219200015,0.0,8000.0,8.0,8.0,239.0406342,0.331799597,4.0,-5.457349777
5165.0,1.0,1347.0,10129.88965,67.16309357,13.0,2.133599997,9.144000053,1000.0,6.599199772,0.0,227.188446,0.733673215,3.0,-19.36665916
5166.0,1.0,1369.0,1164.227905,123.4835968,10.0,-0.304800004,0.0,1000.0,8.780799866,8.780799866,252.3235321,0.495757639,4.0,-6.220098495
5167.0,1.0,1335.0,5700.109863,766.3287354,14.0,2.43840003,0.0,1000.0,11.2567997,11.2567997,286.2049866,0.119798169,7.0,-0.977229118
5168.0,1.0,1362.0,1696.984375,669.6000366,7.0,-0.304800004,0.0,8000.0,5.780799866,5.780799866,238.3582764,0.342473537,4.0,-3.504508018
5169.0,1.0,1364.0,4396.239746,389.2409058,9.0,-0.304800004,0.0,1000.0,5.647199631,5.647199631,229.2722778,0.272268474,7.0,-9.360761642
5170.0,1.0,1229.0,8829.193359,108.0737228,32.0,10.36320019,28.04160118,1000.0,42.66799927,13.62639999,225.833374,0.19463177,3.0,2.602993011
5171.0,1.0,1247.0,24110.0918,602.0084839,43.0,2.43840003,13.41120052,8000.0,29.2840004,13.87279892,251.3358612,1.173284531,3.0,0.508476257
5172.0,1.0,1260.0,4036.161377,211.7364197,9.0,-6.705600262,0.0,8000.0,40.69919968,40.69919968,246.1507721,1.50607872,2.0,-0.192580223
5173.0,1.0,1262.0,7250.035645,312.7120056,13.0,3.048000097,6.400800228,1000.0,23.36320114,17.96240044,204.9821167,0.882577896,7.0,2.87250185
5174.0,1.0,1285.0,14247.99707,192.1875153,28.0,1.219200015,0.0,1000.0,17.63679886,11.02719975,236.4010925,0.179086953,3.0,-0.480566025
5175.0,1.0,1369.0,914.6751709,443.40448,12.0,-0.304800004,0.0,1000.0,11.0855999,11.0855999,337.4752502,0.214036211,4.0,-5.481574059
5176.0,1.0,1351.0,3025.220215,421.9050598,6.0,0.0,0.0,8000.0,6.0,5.0,262.936676,0.086937614,4.0,-5.16799736
5177.0,1.0,1267.0,4604.410645,1234.821289,28.0,4.87680006,24.38400078,1000.0,38.66799927,14.28399944,229.1860352,0.92445147,3.0,-2.425539017
5178.0,1.0,1262.0,9759.977539,89.81012726,44.0,4.267199993,12.49680042,8000.0,21.74959946,9.252799988,256.9373779,0.576725364,3.0,-0.442584991
5179.0,1.0,1280.0,10003.30469,120.2555695,25.0,3.96239996,33.83280182,2000.0,42.37360001,8.540800095,256.5212708,0.246980682,7.0,-4.560659409
5180.0,1.0,1300.0,10530.65625,60.1270752,18.0,4.87680006,0.0,4000.0,10.68480015,10.68480015,232.4355927,0.228002787,7.0,2.605802536
5181.0,1.0,1245.0,3388.398682,329.3401794,38.0,3.96239996,28.95600128,1000.0,56.59280014,28.63679886,333.6235657,0.800059795,3.0,10.28212547
5182.0,1.0,1316.0,15919.22949,127.2699585,25.0,3.96239996,0.0,2000.0,24.39039993,24.39039993,342.1619873,0.705624819,7.0,5.557843208
5183.0,1.0,1378.0,12990.68262,480.9184875,19.0,4.572000027,0.0,1000.0,16.56159973,16.56159973,237.1781464,0.946994722,7.0,-6.090919495
5184.0,1.0,1293.0,12297.44336,965.5200806,41.0,2.43840003,0.0,1000.0,14.78719902,13.78719902,420.1049194,1.471213818,3.0,3.365268707
5185.0,1.0,1284.0,14069.87402,468.9542236,38.0,7.924799919,42.36719894,2000.0,48.66799927,13.30080032,300.0771484,0.710608363,3.0,5.899059296
5186.0,1.0,1339.0,2005.132935,511.0363464,7.0,-0.304800004,0.0,1000.0,7.304800034,7.304800034,265.4169922,0.176970944,4.0,-1.45700407
5187.0,1.0,1281.0,13791.01074,257.9081726,37.0,6.096000195,21.33600044,1000.0,34.56159973,13.22559929,301.236969,0.122581653,3.0,0.661939621
5188.0,1.0,1236.0,6136.682617,153.2610626,30.0,3.352800131,26.51760101,1000.0,47.06880188,19.55120087,342.0229797,0.439353496,3.0,1.733884811
5189.0,1.0,1249.0,5233.471191,450.1134644,29.0,1.524000049,28.65120125,1000.0,50.03120041,20.38000107,340.0977783,1.487096429,7.0,4.412664413
5190.0,1.0,1241.0,2324.156006,218.7668304,29.0,7.924799919,28.65120125,1000.0,45.76399994,15.11279964,250.7127228,0.019704727,3.0,9.395709991
5191.0,1.0,1276.0,9628.773438,637.5899048,31.0,1.524000049,17.06879997,1000.0,38.61999893,21.55120087,341.0653687,0.277644008,3.0,3.290151596
5192.0,1.0,1268.0,4810.256348,191.992157,52.0,5.486400127,13.71600056,1000.0,31.27359962,16.55759811,334.8348083,1.437212586,3.0,7.219406128
5193.0,1.0,1232.0,4444.686523,42.42274857,22.0,0.609600008,29.26079941,1000.0,47.90800095,18.64719963,224.4419556,0.256071478,7.0,2.300608635
5194.0,1.0,1238.0,3289.911621,234.2428131,28.0,2.43840003,27.43200111,4000.0,42.32559967,14.58879948,262.09198,0.629876912,3.0,-0.161920547
5195.0,1.0,1243.0,5085.74707,241.4050598,23.0,-0.609600008,28.04160118,1000.0,44.03120041,12.68480015,249.6925354,0.455715716,3.0,2.484894753
5196.0,1.0,1376.0,2418.953369,84.8567276,9.0,-2.743200064,0.0,1000.0,8.695199966,7.695199966,235.4675598,0.382913649,4.0,-1.913964629
5197.0,1.0,1333.0,1514.233521,300.1600647,10.0,0.914399981,0.0,1000.0,8.171199799,10.1711998,228.4414978,0.485483438,7.0,-2.329897404
5198.0,1.0,1290.0,10805.07227,272.2203674,23.0,0.609600008,0.0,8000.0,15.98959923,10.98959923,333.8465271,1.158379555,7.0,-2.897019386
5199.0,1.0,1363.0,7189.074707,1502.939575,38.0,-0.609600008,0.0,1000.0,33.12319946,32.12319946,213.1190033,0.947998285,7.0,15.42184639
5200.0,1.0,1336.0,3246.69751,516.8878174,19.0,3.96239996,0.0,1000.0,16.2567997,14.2567997,230.6161041,0.364404947,7.0,2.198138237
5201.0,1.0,1265.0,10203.29102,1657.218872,51.0,2.133599997,26.51760101,1000.0,44.5992012,17.08160019,267.519104,0.547203779,3.0,4.419101715
5202.0,1.0,1234.0,29876.17188,446.0368958,53.0,2.43840003,13.71600056,1000.0,41.72240067,28.00639915,287.9883423,1.311486244,3.0,10.66894531
5203.0,1.0,1327.0,7108.086914,228.1487732,8.0,1.219200015,0.0,1000.0,15.92479992,14.22959995,238.4777679,0.416582197,7.0,-0.763316631
5204.0,1.0,1327.0,3695.118652,335.8444519,11.0,3.657599926,0.0,1000.0,11.0,15.0,234.6564941,0.267983735,7.0,0.584183216
5205.0,1.0,1268.0,3774.642822,736.822876,40.0,6.705600262,26.21280098,1000.0,52.19200134,26.97919846,288.3287048,2.238320351,7.0,6.347642899
5206.0,1.0,1302.0,4355.38623,407.7615967,20.0,13.10640049,13.71600056,1000.0,24.87680054,10.85599995,328.063324,1.62060523,7.0,6.297335625
5207.0,1.0,1336.0,5276.101074,376.3055115,17.0,4.572000027,0.0,1000.0,14.86639977,14.86639977,244.870285,2.068934202,7.0,4.528522491
5208.0,1.0,1267.0,7581.453613,306.5365906,13.0,1.219200015,6.705600262,1000.0,19.4008007,12.69519997,239.7753601,0.286252558,6.0,-1.799370766
5210.0,1.0,1333.0,6700.553223,1693.227539,34.0,17.06879997,0.0,1000.0,24.55120087,24.55120087,230.5140686,0.260313004,7.0,6.728626251
5211.0,1.0,1336.0,5940.686523,436.052887,19.0,1.828799963,0.0,1000.0,16.2567997,16.2567997,233.9566498,1.301472425,7.0,-0.453645706
5212.0,1.0,1361.0,254.5476837,256.69104,2.0,-0.304800004,0.0,1000.0,1.695199966,2.695199966,259.7440491,0.188076019,4.0,-4.084468365
5213.0,1.0,1287.0,4285.789063,89.80963135,19.0,4.267199993,0.0,6000.0,25.70560074,26.31520081,233.872879,0.345984459,7.0,0.475755692
5214.0,1.0,1361.0,6492.252441,765.0522461,19.0,4.267199993,3.352800131,1000.0,20.8288002,17.47599983,356.8630981,1.92670083,7.0,-5.257980347
5215.0,1.0,1365.0,649.5147095,446.0459595,6.0,-0.304800004,0.0,1000.0,4.475999832,4.475999832,291.8420715,0.074434243,4.0,-5.769525051
5216.0,1.0,1365.0,2737.860107,342.6352234,10.0,1.219200015,0.0,1000.0,6.951999664,6.951999664,227.1118622,1.068148851,4.0,-6.905062675
5217.0,1.0,1361.0,4600.653809,419.1809998,5.0,0.0,0.0,1000.0,0.427999973,0.427999973,409.4017944,0.389786363,7.0,-8.986418724
5218.0,1.0,1269.0,15097.41895,419.1091309,45.0,2.133599997,35.05200195,1000.0,40.12319946,6.071201324,524.8277588,1.867926121,3.0,-4.857219696
5219.0,1.0,1332.0,2891.540771,509.093689,20.0,4.572000027,0.0,1000.0,16.64719963,15.03759956,295.5206909,0.462739825,7.0,-3.128372192
5220.0,1.0,1277.0,2128.930664,530.6953735,20.0,6.705600262,15.23999977,1000.0,31.8871994,17.64719963,296.741272,1.473372221,7.0,0.973026276
5221.0,1.0,1295.0,7454.009277,95.03226471,21.0,4.572000027,0.0,1000.0,19.1711998,18.47599983,237.8985138,0.040050566,7.0,0.661406517
5222.0,1.0,1249.0,1909.651367,656.3015137,28.0,6.096000195,35.05200195,1000.0,41.10639954,6.05439949,235.5420074,0.834500968,7.0,-2.508249283
5223.0,1.0,1275.0,3949.692383,830.8688354,40.0,-0.304800004,37.79520035,8000.0,52.80160141,15.00639915,274.2779236,0.863207579,3.0,-8.527996063
5224.0,1.0,1273.0,2825.276123,247.8579712,16.0,0.0,17.98320007,8000.0,27.58240128,9.599199295,349.2199402,0.646818399,7.0,-1.67895031
5225.0,1.0,1234.0,6447.523926,324.2742615,29.0,8.229599953,25.60320091,1000.0,42.7159996,16.1128006,242.6458282,0.473076731,3.0,3.326665878
5226.0,1.0,1254.0,6760.898926,29.94041824,20.0,-0.304800004,27.73680115,1000.0,43.46960068,19.64719963,254.613266,1.020032525,7.0,2.47663784
5227.0,1.0,1284.0,17804.04102,539.6898193,45.0,8.534399986,33.22320175,1000.0,46.52399826,13.30080032,237.9830475,0.386989117,3.0,3.005870819
5228.0,1.0,1242.0,21709.41406,384.3986511,43.0,0.609600008,16.15439987,1000.0,46.04800034,29.89360046,260.5600281,0.294747651,3.0,-0.777935028
5229.0,1.0,1286.0,13813.8418,551.3065186,34.0,4.267199993,0.0,4000.0,44.36320114,44.36320114,251.0972443,0.323387891,3.0,-0.262031555
5230.0,1.0,1315.0,10203.90039,149.9187469,20.0,4.572000027,0.0,1000.0,14.20879936,14.20879936,274.9886169,0.558796763,7.0,2.60552597
5231.0,1.0,1325.0,7742.558594,174.7487793,5.0,0.304800004,0.0,1000.0,12.61999989,12.61999989,232.824173,0.340017438,7.0,0.13982296
5232.0,1.0,1280.0,9759.207031,149.9024658,25.0,3.96239996,35.05200195,2000.0,41.76399994,4.711999893,330.21521,0.264068395,7.0,-4.242128372
5233.0,1.0,1330.0,5382.428711,390.7941589,22.0,11.58240032,0.0,8000.0,14.98959923,16.98959923,232.1478271,0.397650927,3.0,-1.403661728
5234.0,1.0,1332.0,5939.725098,1884.991211,24.0,11.88720036,0.0,1000.0,17.29439926,17.29439926,305.6473999,1.759000301,7.0,3.908023834
5235.0,1.0,1360.0,4825.318359,532.4620361,9.0,0.609600008,0.0,8000.0,4.12319994,4.12319994,412.1723022,0.837083399,7.0,-8.970317841
5236.0,1.0,1341.0,8475.291992,965.7210693,38.0,6.705600262,0.0,1000.0,53.5447998,53.5447998,247.6225586,1.016672969,3.0,8.939387321
5237.0,1.0,1372.0,1353.998657,902.2487183,7.0,-0.304800004,0.0,1000.0,5.475999832,5.475999832,302.1651611,0.125208184,4.0,-5.197321892
5238.0,1.0,1275.0,7700.931152,362.0397949,29.0,2.43840003,12.49680042,1000.0,35.09600067,29.5991993,260.7393799,0.143001318,3.0,1.417991638
5239.0,1.0,1298.0,4257.832031,277.0830078,32.0,7.315199852,0.0,1000.0,37.79119873,35.79119873,255.0352783,1.991673708,3.0,5.868454933
5240.0,1.0,1365.0,3281.311035,569.6781006,10.0,0.0,0.0,4000.0,6.951999664,6.951999664,231.8227081,0.973750949,4.0,-7.164020061
5241.0,1.0,1365.0,276.4923096,42.42841339,5.0,-1.524000049,0.0,5000.0,4.390399933,4.390399933,307.6773376,0.208949745,4.0,-4.767755508
5242.0,1.0,1228.0,21525.125,272.2133179,37.0,7.924799919,35.05200195,1000.0,62.60320282,27.24639893,414.7306824,0.214982092,3.0,3.617362976
5243.0,1.0,1331.0,6400.658203,974.8364868,16.0,6.705600262,0.0,8000.0,11.4279995,12.4279995,261.2958679,0.50688827,7.0,-2.299840927
5244.0,1.0,1272.0,3118.744141,161.3148193,43.0,-2.133599997,39.01440048,1000.0,57.02080154,17.00639915,314.7203979,0.960174978,3.0,-8.510223389
5245.0,1.0,1253.0,10844.26172,424.2325134,55.0,3.657599926,28.04160118,1000.0,60.18159866,30.13999939,311.8660278,0.651055694,3.0,12.08883667
5246.0,1.0,1253.0,5860.882813,704.8417358,34.0,0.914399981,13.41120052,2000.0,38.26720047,23.85599899,227.447403,0.58030951,3.0,-6.77794075
5247.0,1.0,1280.0,10027.32031,175.0947418,30.0,3.96239996,33.83280182,1000.0,47.37360001,14.54080009,256.5212708,0.352342874,7.0,-4.45939827
5248.0,1.0,1292.0,6827.202637,29.93660545,24.0,4.572000027,0.0,5000.0,23.39039993,23.39039993,236.9465179,0.182755873,7.0,2.525430679
5249.0,1.0,1334.0,5013.716797,276.0751343,11.0,3.048000097,0.0,1000.0,8.866399765,8.866399765,230.6279755,0.284335434,7.0,-0.502543449
5250.0,1.0,1376.0,2703.381592,284.1711731,11.0,-1.219200015,0.0,6000.0,10.0855999,11.0855999,235.4675598,0.202437028,4.0,-2.035776377
5251.0,1.0,1358.0,5816.816895,774.6705933,31.0,-0.609600008,0.0,1000.0,21.24639893,24.16080093,335.9847412,1.323513627,4.0,13.98880005
5252.0,1.0,1286.0,13557.69238,313.7553711,40.0,9.144000053,31.39439964,1000.0,46.4007988,13.00639915,318.9026489,0.367412746,3.0,4.414596558
5253.0,1.0,1248.0,6409.104492,29.93927765,20.0,-1.219200015,52.42560196,5000.0,74.86399841,22.43840027,216.3040619,0.281330019,7.0,0.982144356
5254.0,1.0,1288.0,8881.838867,210.4131622,30.0,0.304800004,10.05840015,1000.0,27.86639977,15.80799961,332.5901489,0.606018543,3.0,2.966661453
5255.0,1.0,1234.0,9768.354492,241.3875275,23.0,1.828799963,30.17519951,1000.0,49.21279907,19.03759956,278.8499756,0.683468342,7.0,-0.686372757
5256.0,1.0,1298.0,9979.413086,153.2508392,30.0,0.914399981,8.83920002,1000.0,23.90399933,15.06480026,300.8856812,0.509634912,3.0,-0.971427917
5257.0,1.0,1332.0,6842.999512,1365.748047,15.0,6.705600262,0.0,1000.0,10.4279995,10.4279995,261.2958679,0.377960593,7.0,-0.782641411
5258.0,1.0,1315.0,12676.34668,933.7741089,21.0,3.657599926,0.0,1000.0,13.68480015,13.68480015,285.2550659,1.95314467,7.0,1.012706757
5259.0,1.0,1288.0,9225.214844,711.7947388,31.0,1.524000049,0.0,1000.0,15.15040016,15.15040016,228.5889282,1.259785295,7.0,-4.408561707
5260.0,1.0,1316.0,11407.47461,912.4655151,20.0,0.304800004,0.0,1000.0,9.331999779,9.331999779,266.9367676,1.520650029,7.0,-2.592700958
5261.0,1.0,1229.0,11813.11621,608.0087891,36.0,3.048000097,26.51760101,1000.0,44.83919907,18.32159996,276.3268433,0.562330127,3.0,-7.842737198
5262.0,1.0,1237.0,10808.19238,108.0902176,54.0,21.03120041,17.67840004,1000.0,58.87680054,41.19839859,374.6216736,1.340560555,3.0,16.88399887
5263.0,1.0,1333.0,6824.343262,2411.869141,37.0,20.72640038,0.0,1000.0,28.16080093,30.16080093,254.1253052,1.486129165,7.0,13.06801224
5264.0,1.0,1283.0,2348.910645,212.5618896,20.0,4.87680006,15.23999977,1000.0,32.19200134,17.64719963,295.3554382,0.612223804,7.0,1.017503738
5265.0,1.0,1286.0,3694.904541,29.93651199,25.0,6.400800228,8.83920002,1000.0,28.96240044,17.12319946,233.5223083,0.692011535,7.0,3.150416374
5266.0,1.0,1350.0,3576.293701,691.2522583,7.0,0.0,0.0,1000.0,7.0,8.0,236.4345703,0.125328362,4.0,-5.54557991
5267.0,1.0,1233.0,10585.40234,175.0830231,37.0,3.352800131,25.90800095,1000.0,49.80160141,22.89360046,363.6963806,0.645206392,3.0,0.013999939
5268.0,1.0,1229.0,18263.73633,234.3748932,35.0,7.924799919,32.91839981,1000.0,54.20240021,19.2840004,303.7484436,0.193491876,3.0,2.187765121
5269.0,1.0,1231.0,10866.28418,242.3409576,38.0,7.924799919,28.34640121,1000.0,49.58240128,23.23600006,232.8482666,0.171950549,3.0,2.558082581
5270.0,1.0,1255.0,16918.38477,967.4186401,43.0,3.048000097,32.61360168,2000.0,59.459198,25.84560013,207.394516,0.101205871,3.0,-4.061328888
5271.0,1.0,1286.0,3319.017578,430.1089172,15.0,1.524000049,0.0,1000.0,28.10639954,28.10639954,348.5407104,0.44388935,7.0,-2.941222191
5272.0,1.0,1295.0,7418.941895,119.7464828,20.0,4.572000027,0.0,1000.0,18.1711998,18.1711998,223.6738892,0.177650079,7.0,0.612931252
5273.0,1.0,1295.0,7541.508301,209.5563507,25.0,4.572000027,0.0,1000.0,23.1711998,23.1711998,223.6738892,0.095328808,7.0,0.888783455
5274.0,1.0,1300.0,7656.536133,0.0,22.0,4.572000027,0.0,1000.0,19.86639977,18.86639977,223.6738892,0.195598081,7.0,1.562383652
5275.0,1.0,1370.0,5136.645508,530.6971436,12.0,0.0,0.0,4000.0,8.951999664,8.951999664,266.1947021,0.379998654,7.0,-6.45086956
5276.0,1.0,1376.0,1856.220337,89.82537079,17.0,-2.743200064,0.0,6000.0,17.0,15.0,323.0899353,0.542098463,4.0,-2.381258488
5277.0,1.0,1359.0,4668.230957,646.4957886,20.0,0.609600008,0.0,1000.0,15.12319946,14.12319946,444.2182007,0.924922347,7.0,-6.752487183
5278.0,1.0,1359.0,5808.696777,389.4511719,20.0,-0.609600008,0.0,1000.0,14.20879936,14.20879936,388.6043091,1.896724105,7.0,-0.939236641
5279.0,1.0,1369.0,3747.779541,524.2869263,5.0,0.0,0.0,1000.0,1.951999903,0.951999903,282.4859009,0.314760238,4.0,-9.124978065
5280.0,1.0,1376.0,2453.518311,108.0816498,12.0,-2.743200064,0.0,1000.0,11.69519997,11.39039993,235.4675598,0.374207109,4.0,-1.981366754
5281.0,1.0,1374.0,2608.389648,443.4028931,10.0,0.0,0.0,1000.0,7.866399765,4.866399765,261.2355652,0.091916181,4.0,-5.155045509
5282.0,1.0,1351.0,3134.068359,182.8280945,14.0,0.0,0.0,1000.0,11.2567997,8.256799698,227.893692,0.204788774,4.0,-5.203454018
5283.0,1.0,1372.0,1463.462524,933.7401733,17.0,-0.304800004,0.0,1000.0,15.47599983,17.47599983,302.1651611,0.16528976,4.0,-5.17721653
5284.0,1.0,1232.0,12914.29102,1084.09375,36.0,3.657599926,30.78479958,3000.0,41.79119873,11.00639915,233.1730347,0.539899409,3.0,-2.27331543
5285.0,1.0,1336.0,8097.393066,571.0797119,33.0,5.791200161,0.0,1000.0,48.84960175,48.23999786,422.0020142,0.798009098,3.0,7.186155319
5286.0,1.0,1287.0,9294.963867,330.7019958,22.0,2.133599997,0.0,1000.0,31.75360107,31.75360107,281.7427979,1.14441371,7.0,-4.384309769
5287.0,1.0,1230.0,29562.62695,255.8972473,29.0,-4.267199993,30.47999954,1000.0,41.80160141,11.32159996,271.4550171,0.532498777,7.0,-1.88552475
5288.0,1.0,1235.0,4483.303711,192.1953735,28.0,3.352800131,29.56559944,6000.0,37.75360107,8.187999725,298.6828613,2.525512695,3.0,-3.63627243
5289.0,1.0,1315.0,8201.925781,359.2901001,25.0,3.048000097,0.0,1000.0,19.81839943,17.81839943,239.9878845,0.38981393,7.0,2.024013519
5290.0,1.0,1365.0,1091.492798,95.01908875,10.0,-0.304800004,0.0,1000.0,8.780799866,9.085599899,252.3235321,0.124584645,4.0,-6.239180565
5291.0,1.0,1331.0,5174.867676,329.3247986,24.0,9.448800087,0.0,1000.0,13.94159985,13.94159985,259.5557251,0.990742147,7.0,-5.156494141
5292.0,1.0,1246.0,4355.921875,767.7609253,22.0,1.524000049,28.34640121,1000.0,41.81200027,14.46560001,220.688324,1.386425853,7.0,5.356463432
5293.0,1.0,1324.0,1816.365112,169.6986237,9.0,3.048000097,0.0,1000.0,9.914400101,9.914400101,236.5588531,0.59643966,7.0,0.038938046
5294.0,1.0,1266.0,5654.537109,342.2495117,18.0,3.657599926,5.791200161,1000.0,24.09600067,18.30480003,225.7351837,0.232589737,7.0,-0.09081459
5295.0,1.0,1272.0,5295.648438,127.2869797,18.0,5.181600094,14.6303997,8000.0,26.53440094,13.90399933,308.3830872,0.997411728,7.0,1.460598946
5296.0,1.0,1330.0,2004.139526,182.842392,8.0,0.609600008,0.0,1000.0,7.085599899,6.780799866,230.0164642,0.174852923,4.0,-1.73872447
5297.0,1.0,1242.0,10981.7002,67.16900635,30.0,2.133599997,39.62400055,1000.0,68.40480042,26.78079987,225.8896942,0.416754246,7.0,0.151790619
5298.0,1.0,1337.0,2137.4375,218.7962494,7.0,1.219200015,0.0,1000.0,7.304800034,7.304800034,277.1060181,0.79433316,4.0,-2.277017117
5299.0,1.0,1259.0,16019.34277,150.3201447,3.0,-3.048000097,20.72640038,1000.0,26.46960068,6.048000336,227.5553284,0.028040651,2.0,-4.491776943
5300.0,1.0,1285.0,10315.68164,59.87291718,24.0,2.133599997,0.0,1000.0,27.04800034,26.04800034,275.8409424,0.098330319,7.0,-2.245212555
5301.0,1.0,1277.0,16524.49414,59.87279129,38.0,9.753600121,39.31919861,1000.0,38.91439819,0.0,221.9965363,0.281571954,3.0,1.997760773
5302.0,1.0,1281.0,1754.298706,295.8982849,21.0,4.267199993,0.0,8000.0,28.92480087,25.92480087,228.1187439,0.069987476,7.0,-1.554757118
5303.0,1.0,1316.0,13460.38867,509.1565247,28.0,5.181600094,0.0,1000.0,29.52400017,29.52400017,286.515625,0.466206759,7.0,7.028861046
5304.0,1.0,1306.0,3231.331787,1078.998901,25.0,5.486400127,0.0,1000.0,31.4008007,31.4008007,329.6163025,1.004178643,3.0,7.760585785
5305.0,1.0,1354.0,1171.67334,360.7141418,7.0,-1.219200015,0.0,1000.0,5.475999832,5.475999832,271.0863647,0.05331856,4.0,-4.122608185
5306.0,1.0,1374.0,1499.122925,480.0131226,19.0,-1.219200015,0.0,1000.0,18.0855999,19.0855999,286.86203,0.059257515,4.0,-2.233547449
5307.0,1.0,1340.0,5228.34668,180.3486023,23.0,3.048000097,11.27760029,1000.0,18.4279995,6.150400162,323.5125122,0.40475595,7.0,-2.022274971
5308.0,1.0,1367.0,629.4841919,360.7067871,10.0,-1.524000049,0.0,1000.0,10.0,10.0,307.2492371,0.110038541,4.0,-2.613962412
5309.0,1.0,1374.0,1648.948975,299.8248901,10.0,-1.219200015,0.0,1000.0,9.085599899,11.0855999,286.86203,0.091884099,4.0,-2.417415142
5310.0,1.0,1346.0,7228.247559,2495.500488,22.0,1.524000049,0.0,1000.0,19.2567997,19.2567997,236.1687775,0.461228937,7.0,0.309541702
5311.0,1.0,1372.0,2662.40332,240.4668427,9.0,0.0,0.0,1000.0,6.561599731,6.866399765,261.2355652,0.215906188,4.0,-5.724025726
5312.0,1.0,1358.0,4061.83374,60.11930466,7.0,-2.43840003,0.0,1000.0,7.609600067,9.609600067,222.7890167,0.315159172,4.0,0.406238616
5313.0,1.0,1316.0,8902.768555,175.0955353,22.0,3.048000097,0.0,1000.0,16.20879936,16.20879936,235.7702332,0.250947595,7.0,0.609862328
5314.0,1.0,1363.0,3124.280273,272.1852112,9.0,0.0,0.0,1000.0,5.951999664,6.951999664,236.5982208,0.673705518,4.0,-6.354473591
5315.0,1.0,1279.0,11350.0918,342.690979,36.0,6.096000195,42.06240082,1000.0,53.98320007,10.92079926,318.375885,0.745721698,7.0,1.238342285
5316.0,1.0,1300.0,7882.554199,182.8458099,27.0,4.267199993,0.0,1000.0,23.95199966,24.95199966,238.3199768,0.478149533,7.0,1.533594131
5317.0,1.0,1295.0,7607.163574,179.6197968,23.0,3.96239996,0.0,1000.0,19.95199966,22.86639977,238.3199768,0.52122283,7.0,1.187542915
5318.0,1.0,1389.0,7787.198242,339.4266663,18.0,1.219200015,0.0,6000.0,15.56159973,16.56159973,253.5529175,0.122416362,13.0,0.496861458
5319.0,1.0,1378.0,11297.8291,483.2481384,17.0,7.619999886,0.0,1000.0,13.03759956,14.03759956,242.63414,0.045059796,7.0,-1.829787254
5320.0,1.0,1295.0,7340.800781,89.80986023,20.0,4.572000027,0.0,1000.0,18.1711998,19.1711998,237.8985138,0.060444366,7.0,0.746785164
5321.0,1.0,1300.0,7758.154297,218.0056763,20.0,4.572000027,0.0,8000.0,17.86639977,17.86639977,223.6738892,0.116575144,7.0,1.739091873
5322.0,1.0,1301.0,7855.145508,59.87323761,25.0,5.181600094,0.0,1000.0,22.2567997,23.56159973,211.7040558,0.293733478,7.0,2.009145737
5323.0,1.0,1279.0,4200.080566,161.7959747,37.0,-5.181600094,30.47999954,1000.0,41.5719986,11.09199905,262.3181763,0.375060081,3.0,-3.313331604
5324.0,1.0,1380.0,2826.094482,939.4628906,16.0,-1.219200015,0.0,4000.0,15.39039993,15.39039993,283.434021,0.212307677,4.0,-0.581078053
5325.0,1.0,1360.0,8237.492188,4254.699707,39.0,3.352800131,5.486400127,1000.0,35.3423996,29.85599899,234.4927368,1.717503548,3.0,10.57080841
5326.0,1.0,1357.0,2800.919189,84.85681915,13.0,-2.43840003,0.0,6000.0,13.0,11.0,289.312439,0.089556433,4.0,-0.836715937
5327.0,1.0,1300.0,4459.848633,29.93642616,21.0,16.76399994,11.58240032,1000.0,25.87680054,16.29439926,340.1034546,0.613909125,7.0,11.27414513
5328.0,1.0,1331.0,6400.658203,1016.787292,18.0,6.705600262,0.0,8000.0,13.4279995,13.4279995,261.2958679,0.50688827,7.0,-1.499283791
5329.0,1.0,1274.0,153.2673035,239.4900818,37.0,-6.096000195,45.11040115,6000.0,54.67839813,9.567998886,288.9666443,0.124867171,7.0,-11.43982315
5330.0,1.0,1275.0,59.87252045,182.855545,36.0,-6.096000195,45.72000122,6000.0,54.28800201,8.567998886,222.778717,0.138051048,7.0,-11.7873764
5331.0,1.0,1332.0,2483.135498,1210.50708,30.0,10.66800022,8.83920002,8000.0,18.41759872,9.578399658,410.2211609,0.395267516,4.0,0.648414612
5332.0,1.0,1353.0,3963.538086,453.1109009,9.0,0.0,0.0,1000.0,6.256799698,6.256799698,274.2567444,0.419398308,4.0,-6.466407776
5333.0,1.0,1253.0,20534.80273,108.0862122,50.0,1.828799963,22.86000061,2000.0,39.9416008,18.08160019,304.3025208,0.188501969,3.0,5.337795258
5334.0,1.0,1236.0,27793.60742,351.6935425,43.0,1.524000049,10.66800022,6000.0,34.16080093,25.49279976,292.9891968,0.584089696,3.0,-2.004360199
5335.0,1.0,1289.0,2885.301514,361.3594666,21.0,4.267199993,0.0,1000.0,31.97280121,30.97280121,238.5491791,0.896101236,7.0,1.716235161
5336.0,1.0,1366.0,5856.879883,1620.093384,20.0,4.87680006,0.0,1000.0,13.5991993,14.5991993,488.0183105,0.807892442,7.0,3.992242813
5337.0,1.0,1302.0,4932.416992,484.7286377,8.0,1.828799963,15.23999977,1000.0,18.0583992,3.427999973,315.050293,0.727687895,7.0,-7.438137531
5338.0,1.0,1359.0,4826.797852,1293.092896,10.0,0.304800004,0.0,1000.0,4.818399906,4.818399906,533.7050171,0.374607533,4.0,-9.466348648
5339.0,1.0,1238.0,216.5188446,59.87973785,11.0,-11.88720036,26.21280098,1000.0,36.90800095,10.69519997,600.0,0.495204687,8.0,-7.09266758
5340.0,1.0,1349.0,2623.088623,272.186676,8.0,0.0,0.0,8000.0,7.085599899,7.085599899,214.5054779,0.049339481,4.0,-4.280330658
5341.0,1.0,1322.0,5858.955566,174.7485809,9.0,1.524000049,0.0,1000.0,12.6576004,12.6576004,254.5076599,1.026507735,4.0,-0.617877007
5342.0,1.0,1330.0,1669.364746,518.894043,11.0,3.048000097,0.0,1000.0,10.39039993,8.390399933,239.8815918,0.077710986,4.0,0.948570251
5343.0,1.0,1279.0,8596.330078,400.9434814,38.0,13.10640049,15.23999977,1000.0,44.70560074,30.46559906,439.5401611,2.973783255,3.0,10.80523872
5344.0,1.0,1218.0,20289.71875,123.4731674,34.0,9.144000053,32.00400162,1000.0,57.46960068,25.85599899,233.3965149,0.052996829,3.0,1.279912949
5345.0,1.0,1279.0,2556.450439,216.1468964,23.0,8.229599953,9.448800087,1000.0,28.18160057,18.73279953,228.6552124,0.266420335,7.0,3.383713722
5346.0,1.0,1254.0,25791.94336,271.095459,8.0,-0.304800004,20.11680031,1000.0,40.61360168,21.49679947,357.6192627,1.379278302,7.0,-3.487263203
5347.0,1.0,1224.0,24183.85742,29.93755722,36.0,3.352800131,11.58240032,1000.0,28.07519913,16.49279976,220.4814301,0.138142541,3.0,0.89666748
5348.0,1.0,1238.0,3327.710938,133.9928894,20.0,0.914399981,28.04160118,6000.0,34.02080154,6.979199409,262.09198,0.165969074,3.0,-4.165502548
5349.0,1.0,1318.0,11152.15137,479.0545044,20.0,2.133599997,0.0,1000.0,11.16079998,11.16079998,269.8920288,0.14169769,7.0,1.782611847
5350.0,1.0,1285.0,5884.23584,751.0626221,13.0,4.572000027,0.0,8000.0,20.31520081,20.31520081,310.5220947,0.739445269,7.0,-2.384941101
5351.0,1.0,1331.0,6400.658203,945.4314575,17.0,6.705600262,0.0,8000.0,12.4279995,12.4279995,261.2958679,0.50688827,7.0,-2.299840927
5352.0,1.0,1287.0,12245.49902,42.42923355,39.0,3.96239996,26.51760101,5000.0,39.0,15.48239899,226.0667419,0.171983719,3.0,2.277406693
5353.0,1.0,1285.0,4550.850098,351.6854553,28.0,7.315199852,19.20240021,1000.0,32.87680054,4.674399376,312.023407,0.620949149,3.0,9.621992111
5354.0,1.0,1300.0,7848.262207,228.1491547,31.0,4.267199993,0.0,1000.0,27.95199966,27.95199966,238.3199768,0.142757669,7.0,1.669238091
5355.0,1.0,1250.0,23825.87695,1072.867432,50.0,16.45919991,41.75759888,6000.0,84.74720001,42.98960114,299.4355164,0.230436146,3.0,5.283485413
5356.0,1.0,1231.0,14954.27344,697.2069092,40.0,7.924799919,31.39439964,1000.0,57.37360001,25.97919846,236.0344543,0.165730536,3.0,3.747472763
5357.0,1.0,1302.0,5565.578613,351.7047729,7.0,0.0,16.15439987,1000.0,17.97280121,1.818399906,349.5238037,0.634729624,7.0,-8.940128326
5358.0,1.0,1277.0,10808.89258,174.7653809,38.0,4.87680006,78.63839722,1000.0,87.37760162,8.739200592,294.637207,1.572069407,3.0,-4.57529068
5359.0,1.0,1354.0,11665.55762,282.7668152,29.0,2.43840003,0.0,1000.0,23.81839943,23.81839943,316.6863098,1.341650605,3.0,3.275579453
5360.0,1.0,1331.0,5992.938965,588.3356323,19.0,6.705600262,0.0,1000.0,14.4279995,13.4279995,271.5907288,0.592452824,7.0,0.656086922
5361.0,1.0,1360.0,3825.602783,641.6724854,3.0,0.0,0.0,6000.0,0.0,0.951999903,223.5484924,0.204940841,4.0,-10.17645454
5362.0,1.0,1276.0,6036.251465,66.99410248,16.0,3.96239996,6.096000195,1000.0,19.6576004,15.56159973,235.7973175,0.290897429,7.0,0.731394768
5363.0,1.0,1282.0,16577.62305,1229.089966,44.0,2.743200064,12.80160046,4000.0,46.13359833,28.72240067,373.4020081,1.231326222,3.0,1.199972153
5364.0,1.0,1331.0,6288.584961,511.8598022,18.0,3.048000097,0.0,1000.0,15.56159973,15.56159973,227.0867462,0.715426087,7.0,-0.145530701
5365.0,1.0,1247.0,24022.67773,900.1084595,53.0,6.705600262,35.96640015,1000.0,74.03120422,39.06480026,444.5213928,0.935244381,3.0,10.70434189
5366.0,1.0,1330.0,10009.4043,2344.854248,27.0,11.88720036,10.36320019,1000.0,21.5135994,11.15040016,239.5509033,0.604923964,7.0,4.813674927
5367.0,1.0,1332.0,2814.438232,469.0140991,20.0,5.486400127,0.0,1000.0,16.64719963,15.64719963,235.9502869,1.072806358,7.0,0.602744102
5368.0,1.0,1329.0,3061.232666,200.9867554,8.0,1.524000049,0.0,1000.0,8.0,10.0,235.1806335,0.66646564,7.0,-0.497933865
5369.0,1.0,1251.0,13421.45117,127.2698364,46.0,2.43840003,23.46960068,1000.0,43.86640167,20.39679909,346.4923706,0.297572613,3.0,6.125587463
5370.0,1.0,1255.0,11145.83789,242.1030121,33.0,-1.219200015,20.42160034,4000.0,36.04800034,14.32159996,346.064209,0.409823447,3.0,-3.683275223
5371.0,1.0,1267.0,4331.455078,1758.458618,33.0,4.572000027,23.77440071,1000.0,43.0583992,21.2840004,229.1860352,1.46931839,3.0,-2.832368851
5372.0,1.0,1279.0,1386.136597,90.19142914,17.0,3.352800131,8.534399986,1000.0,23.70560074,16.1711998,233.6453857,1.164751172,7.0,-2.80635643
5373.0,1.0,1329.0,6265.451172,778.842041,18.0,6.705600262,0.0,1000.0,13.4279995,14.4279995,271.5907288,0.221798941,7.0,-1.83511734
5374.0,1.0,1276.0,18487.55664,342.2554932,46.0,8.534399986,39.92879868,1000.0,45.08560181,4.156799316,254.6182556,0.469281763,3.0,-1.020832062
5375.0,1.0,1279.0,15818.79004,90.19176483,57.0,21.03120041,44.80559921,1000.0,60.6576004,15.85200119,443.4503784,0.952539563,3.0,9.538841248
5376.0,1.0,1329.0,6087.183594,602.9691772,16.0,4.572000027,0.0,1000.0,11.4279995,11.4279995,271.5907288,0.640163124,7.0,-0.897246361
5377.0,1.0,1259.0,8754.412109,152.6664276,48.0,4.87680006,30.78479958,2000.0,55.31520081,26.53039932,292.6434937,0.636318564,3.0,5.671020508
5378.0,1.0,1280.0,1833.053589,428.6962585,47.0,4.87680006,15.84959984,1000.0,29.93120003,15.77679825,444.1574097,1.18148458,3.0,1.444145203
5379.0,1.0,1268.0,23060.81641,390.8158264,10.0,2.133599997,42.36719894,1000.0,58.15840149,15.79120064,321.8687134,0.1124456,7.0,-0.960139275
5380.0,1.0,1286.0,13758.5127,241.5943756,36.0,9.448800087,32.30879974,1000.0,42.4007988,14.09199905,318.9026489,0.844309688,3.0,4.473237991
5381.0,1.0,1286.0,13758.5127,241.5943756,36.0,9.448800087,32.30879974,1000.0,42.4007988,14.09199905,318.9026489,0.844309688,3.0,4.473237991
5382.0,1.0,1280.0,10318.89453,152.6676178,36.0,5.486400127,40.53839874,2000.0,51.23999786,11.66399956,350.4807739,1.017071366,7.0,1.361232758
5383.0,1.0,1282.0,9678.606445,59.87246323,36.0,21.64080048,74.06639862,1000.0,99.09359741,25.02719879,262.821991,0.193301544,3.0,10.21287346
5384.0,1.0,1275.0,2442.751953,1052.239136,31.0,3.048000097,14.93519974,1000.0,35.87680054,18.9416008,345.1719666,0.880171657,7.0,8.143356323
5385.0,1.0,1241.0,1717.644165,322.6599426,33.0,6.705600262,28.95600128,1000.0,49.15439987,20.19839859,259.1878967,0.122994691,3.0,9.363046646
5386.0,1.0,1337.0,2137.4375,218.7962494,7.0,1.219200015,0.0,1000.0,7.304800034,7.304800034,277.1060181,0.79433316,4.0,-2.277017117
5387.0,1.0,1337.0,10451.67676,150.3166656,7.0,0.0,0.0,4000.0,11.87680054,12.87680054,311.1621094,0.781938791,4.0,-0.800754309
5388.0,1.0,1286.0,15483.81152,381.8144531,44.0,5.181600094,31.08959961,1000.0,47.35279846,16.26319885,230.5627747,0.18698597,3.0,0.997058868
5389.0,1.0,1263.0,1007.118469,1098.803223,33.0,6.096000195,28.65120125,1000.0,47.02080154,18.3696003,327.0019531,0.562413037,3.0,-0.234022141
5390.0,1.0,1337.0,4307.315918,59.87593079,12.0,2.133599997,0.0,6000.0,10.1711998,10.1711998,236.6773224,0.856664538,7.0,-4.439854145
5391.0,1.0,1334.0,2977.47168,95.02967072,10.0,2.133599997,0.0,1000.0,10.60960007,10.60960007,277.9844971,0.975926697,4.0,0.769095898
5392.0,1.0,1242.0,7185.991699,95.02774048,45.0,3.352800131,29.26079941,1000.0,45.0,10.73920059,294.983429,2.550016642,3.0,-1.742347717
5393.0,1.0,1280.0,10119.36523,210.4472504,26.0,4.572000027,33.83280182,1000.0,43.37360001,7.540800095,256.5212708,0.731004596,7.0,-3.819705963
5394.0,1.0,1256.0,3795.565674,318.7908325,22.0,0.304800004,14.93519974,1000.0,37.84960175,21.9144001,322.5811768,1.195927858,7.0,5.332520008
5395.0,1.0,1295.0,7617.212402,120.2556305,22.0,14.93519974,13.41120052,1000.0,29.01040077,15.5991993,307.2577209,0.678220391,7.0,8.151042938
5396.0,1.0,1326.0,550.7026978,66.99993134,16.0,3.048000097,0.0,1000.0,16.30480003,14.30480003,237.4748688,0.274178654,7.0,2.584114552
5397.0,1.0,1295.0,7418.941895,119.7464828,20.0,4.572000027,0.0,1000.0,18.1711998,18.1711998,223.6738892,0.177650079,7.0,0.612931252
5398.0,1.0,1269.0,15097.41895,419.1091309,46.0,2.133599997,35.05200195,1000.0,41.12319946,6.071201324,524.8277588,1.867926121,3.0,-4.857219696
5399.0,1.0,1277.0,11281.35352,216.4966583,42.0,3.657599926,34.44240189,1000.0,40.47600174,6.033599854,271.8375244,0.544974625,3.0,-2.834632874
5400.0,1.0,1284.0,10302.96875,211.7041473,24.0,0.914399981,0.0,8000.0,5.102399826,5.102399826,307.3131104,0.150587454,3.0,-10.52446747
5401.0,1.0,1301.0,7855.145508,0.0,23.0,5.181600094,0.0,1000.0,20.2567997,21.56159973,211.7040558,0.293733478,7.0,1.9112463
5402.0,1.0,1281.0,988.3582764,559.414917,18.0,3.352800131,11.58240032,1000.0,25.31520081,13.73279953,231.7141876,0.189249352,7.0,-2.309465408
5403.0,1.0,1244.0,4675.805176,913.5480347,59.0,0.0,33.22320175,1000.0,59.91439819,30.69120026,477.7419434,5.375600338,3.0,27.5526886
5404.0,1.0,1329.0,3105.408447,360.7549744,8.0,-0.304800004,0.0,1000.0,7.695199966,7.695199966,235.0950775,0.454850674,7.0,-1.112724781
5405.0,1.0,1332.0,1615.512329,300.8813477,12.0,2.133599997,0.0,1000.0,10.78079987,7.780799866,230.0164642,0.341335982,4.0,-0.606987953
5406.0,1.0,1234.0,5953.810059,254.5808868,34.0,10.05840015,28.34640121,1000.0,44.0583992,11.71199989,245.1525421,0.570300877,3.0,3.103925705
5407.0,1.0,1221.0,22476.13086,182.8342743,40.0,7.924799919,26.21280098,1000.0,54.63040161,29.41759872,254.4894562,0.499845952,7.0,-1.125789642
5408.0,1.0,1335.0,3217.019043,831.3276978,17.0,4.267199993,0.0,1000.0,14.56159973,14.56159973,230.7533722,0.302830249,7.0,2.337014198
5409.0,1.0,1330.0,6745.325684,580.2623291,36.0,7.315199852,10.05840015,1000.0,27.770401,17.71199989,227.7756042,0.11342793,3.0,-2.526473999
5410.0,1.0,1329.0,2346.622803,318.8306885,9.0,2.43840003,0.0,1000.0,8.695199966,8.695199966,216.8863678,0.290293038,7.0,-1.514725208
5411.0,1.0,1332.0,7103.85791,1429.567627,24.0,10.36320019,0.0,1000.0,19.73279953,19.73279953,240.3516083,0.528856874,7.0,5.379769325
5412.0,1.0,1335.0,4682.408203,554.2137451,18.0,6.705600262,0.0,1000.0,10.68480015,12.68480015,364.0102234,0.623078048,7.0,-2.601174355
5413.0,1.0,1282.0,18531.05469,332.0584717,46.0,10.66800022,30.78479958,1000.0,45.08560181,14.30080032,270.6860962,0.160313547,3.0,6.459728241
5414.0,1.0,1284.0,18725.36133,576.5153809,42.0,8.229599953,32.30879974,1000.0,43.21920013,10.91040039,267.3417053,0.062802419,3.0,2.242500305
5415.0,1.0,1238.0,3233.453125,323.5570984,22.0,0.914399981,25.60320091,1000.0,47.29840088,21.69519997,221.326004,1.374123812,3.0,5.399155617
5416.0,1.0,1281.0,9747.395508,258.2595215,9.0,0.609600008,25.90800095,1000.0,41.61360168,15.4008007,228.6015625,0.034763779,2.0,-1.75423336
5417.0,1.0,1329.0,14808.9502,161.8054504,23.0,2.43840003,0.0,1000.0,17.81839943,18.81839943,237.1911469,0.304788619,7.0,1.565502167
5418.0,1.0,1329.0,7874.505859,424.2834167,6.0,0.0,0.0,1000.0,10.5720005,10.5720005,230.7177277,0.144222796,4.0,-0.133897066
5419.0,1.0,1330.0,3874.018799,242.1159668,9.0,3.96239996,0.0,1000.0,9.0,10.0,235.4432983,1.020843625,4.0,1.733434677
5420.0,1.0,1355.0,4663.661133,417.2264099,8.0,0.304800004,0.0,1000.0,4.342400074,3.342400074,271.7601624,0.217177778,4.0,-8.029924393
5421.0,1.0,1331.0,6039.571777,539.9491577,16.0,7.010400295,0.0,8000.0,11.4279995,11.4279995,271.5907288,0.464474171,7.0,-0.721823692
5422.0,1.0,1315.0,8352.084961,420.8322754,15.0,2.743200064,0.0,1000.0,9.818399429,11.81839943,239.9878845,0.783346832,7.0,-1.162239075
5423.0,1.0,1334.0,10068.5791,254.5712433,18.0,2.133599997,0.0,1000.0,18.60960007,20.60960007,231.7886658,0.618807316,7.0,2.310287476
5424.0,1.0,1316.0,16199.51563,430.0176086,24.0,2.43840003,0.0,2000.0,24.0,24.0,262.814209,1.31431222,7.0,6.450942516
5425.0,1.0,1284.0,16827.88672,94.70373535,30.0,2.43840003,61.56959915,6000.0,87.30239868,30.73279953,316.6074829,1.191210866,7.0,-4.078676224
5426.0,1.0,1264.0,5543.609863,425.1410522,41.0,-3.96239996,30.78479958,1000.0,45.87680054,16.09199905,263.8201904,1.435901761,3.0,0.777580261
5427.0,1.0,1316.0,11834.52734,149.7131958,28.0,6.705600262,0.0,1000.0,37.75360107,37.75360107,325.3782654,0.480866045,7.0,3.105394363
5428.0,1.0,1279.0,10707.23047,108.2613831,32.0,7.619999886,40.84320068,4000.0,49.67839813,5.835199356,299.6167603,0.386101753,7.0,-1.076648712
5429.0,1.0,1279.0,10497.21191,89.80905914,29.0,4.572000027,37.79520035,1000.0,46.67839813,7.578399658,256.5212708,0.369861484,7.0,-0.90447998
5430.0,1.0,1286.0,14193.32129,152.6676941,33.0,7.010400295,39.62400055,2000.0,43.66799927,4.043998718,300.0771484,0.752395868,3.0,1.276031494
5431.0,1.0,1288.0,12633.81445,246.9321136,39.0,3.657599926,26.51760101,8000.0,38.69520187,13.17759895,226.4256592,0.589962184,3.0,2.461606979
5432.0,1.0,1255.0,5825.234863,912.3968506,38.0,1.219200015,15.5447998,2000.0,41.04800034,21.50320053,251.8751526,0.839427173,3.0,-3.450716019
5433.0,1.0,1318.0,10969.85449,935.9356079,23.0,1.524000049,0.0,1000.0,14.46560001,20.46559906,223.0612488,0.646734953,7.0,-5.360198021
5434.0,1.0,1237.0,4281.389648,201.0165863,29.0,4.267199993,32.00400162,1000.0,39.36320114,7.663999557,287.6190491,1.702155352,3.0,-0.075305939
5435.0,1.0,1241.0,1513.6875,648.5507813,39.0,6.096000195,28.95600128,1000.0,54.84960175,22.89360046,259.1878967,0.329142541,3.0,9.771081924
5436.0,1.0,1231.0,8810.802734,363.0005188,36.0,10.36320019,28.04160118,1000.0,46.66799927,18.62639999,221.6318512,0.105872482,3.0,2.644845963
5437.0,1.0,1333.0,6051.328613,403.541687,16.0,3.657599926,0.0,1000.0,12.3423996,12.3423996,285.8597717,0.278090596,7.0,-0.562473297
5438.0,1.0,1289.0,15439.32715,241.3673248,37.0,5.486400127,39.31919861,8000.0,46.14400101,4.824800491,235.4211884,1.647551417,3.0,4.929784775
5439.0,1.0,1280.0,9759.207031,149.9024658,26.0,3.96239996,35.05200195,2000.0,42.76399994,4.711999893,330.21521,0.264068395,7.0,-3.930515289
5440.0,1.0,1280.0,10085.04102,149.9199829,27.0,5.181600094,42.97679901,1000.0,46.50720215,8.530399323,259.3477478,0.044380881,3.0,-0.763521194
5441.0,1.0,1280.0,10085.04102,161.3135986,27.0,4.572000027,42.97679901,1000.0,46.50720215,2.530399323,259.3477478,0.044380881,3.0,-0.763521194
5442.0,1.0,1285.0,17110.49414,284.1331787,47.0,10.66800022,28.65120125,1000.0,45.78079987,17.12960052,303.6693726,0.699824274,3.0,7.287387848
5443.0,1.0,1289.0,17197.81445,161.3000488,42.0,5.791200161,35.66160202,1000.0,47.4864006,12.43440056,238.3856659,0.879610121,3.0,1.03657341
5444.0,1.0,1261.0,1767.550293,246.916748,14.0,1.828799963,0.914399981,1000.0,17.96240044,18.04800034,341.9562988,0.272163063,4.0,-1.024392128
5445.0,1.0,1286.0,11159.46973,407.3161926,45.0,7.010400295,24.68880081,1000.0,42.56159973,17.87279892,239.6627655,0.554393411,3.0,9.508926392
5446.0,1.0,1271.0,7996.196289,359.2908325,27.0,0.914399981,19.50720024,1000.0,38.58240128,21.07519913,255.1313629,0.238211915,3.0,-0.50611496
5447.0,1.0,1333.0,2269.906738,329.3129272,9.0,1.219200015,0.0,1000.0,9.609600067,9.609600067,265.9275208,0.330563396,4.0,-0.082470894
5448.0,1.0,1239.0,6043.736816,572.0129395,47.0,0.304800004,37.79520035,1000.0,46.39039993,8.595199585,377.7226563,1.59897697,3.0,11.01754379
5449.0,1.0,1276.0,3036.975342,313.7565002,25.0,7.924799919,8.83920002,1000.0,33.53440094,23.69519997,313.1886292,0.385566175,7.0,3.203497887
5450.0,1.0,1282.0,12023.0498,133.986557,34.0,3.048000097,25.29840088,1000.0,37.6576004,9.359199524,268.4539795,0.427050263,7.0,-1.01855278
5451.0,1.0,1294.0,7400.044434,684.0007935,27.0,1.219200015,30.17519951,1000.0,48.03120041,15.85599995,435.4885254,0.504890323,3.0,4.446483612
5452.0,1.0,1277.0,300.1887817,1828.419312,20.0,-1.524000049,17.06879997,6000.0,27.92480087,11.85599995,247.2253265,0.04502885,7.0,-6.575369835
5453.0,1.0,1269.0,2805.02832,1033.868286,20.0,6.705600262,26.51760101,1000.0,31.8871994,5.674399376,243.2468414,0.565360308,3.0,-1.745695114
5454.0,1.0,1237.0,9822.710938,228.1397247,37.0,10.05840015,18.59280014,1000.0,42.79119873,24.19839859,320.7792969,1.328609347,3.0,0.457824707
5455.0,1.0,1240.0,11091.30566,108.2605286,25.0,1.524000049,36.57600021,1000.0,60.35680008,22.56159973,209.8141022,0.824716032,7.0,-1.890914917
5456.0,1.0,1360.0,4593.076172,446.0454407,6.0,0.0,0.0,1000.0,1.427999973,1.427999973,412.1723022,0.19420208,7.0,-10.85414314
5457.0,1.0,1233.0,17898.49609,283.2987671,29.0,8.229599953,33.22320175,1000.0,60.69919968,24.47599983,237.8328552,0.079115555,7.0,-0.66696167
5458.0,1.0,1338.0,8521.884766,941.1685181,32.0,7.619999886,0.0,1000.0,43.58240128,40.58240128,331.0694275,0.925350785,3.0,7.63865757
5459.0,1.0,1228.0,11043.17578,0.0,32.0,5.486400127,27.73680115,1000.0,44.80160141,19.06480026,244.4471436,0.28385669,3.0,-1.861789703
5460.0,1.0,1359.0,1658.35022,468.7632751,15.0,-1.219200015,0.0,6000.0,15.0,15.0,351.2408447,0.177294984,4.0,-1.970796585
5461.0,1.0,1265.0,13061.96387,153.2748718,66.0,17.06879997,31.08959961,1000.0,54.41759872,16.32799911,493.2315674,1.71547091,3.0,11.63852692
5462.0,1.0,1225.0,18639.35742,66.99440765,33.0,8.534399986,33.22320175,1000.0,58.90800095,24.68479919,302.4996033,0.241653591,7.0,1.150529861
5463.0,1.0,1279.0,2120.584473,428.6950989,18.0,6.096000195,10.66800022,8000.0,26.83919907,21.1711998,221.4840546,0.56727761,7.0,1.266561508
5464.0,1.0,1358.0,4179.37207,60.11929703,7.0,-2.43840003,0.0,1000.0,7.609600067,7.609600067,222.7890167,0.187773421,4.0,0.458160996
5465.0,1.0,1367.0,6417.424805,2229.883789,20.0,2.743200064,0.0,1000.0,12.98959923,11.98959923,474.0652771,1.898652911,7.0,-6.822755814
5466.0,1.0,1284.0,18787.63281,618.6976318,40.0,8.534399986,32.00400162,1000.0,41.21920013,9.910400391,267.3417053,0.051376555,3.0,2.052894592
5467.0,1.0,1282.0,5845.298828,268.6596375,27.0,7.315199852,6.400800228,1000.0,29.13360023,20.4279995,258.4085999,0.315913022,7.0,3.141306877
5468.0,1.0,1300.0,7900.291992,119.7464828,23.0,5.181600094,0.0,1000.0,20.56159973,20.56159973,223.6738892,0.097767919,7.0,2.062507629
5469.0,1.0,1288.0,7940.092773,189.4536438,19.0,5.486400127,17.37360001,1000.0,32.10639954,28.3423996,308.0491638,1.99826169,3.0,-6.518968582
5470.0,1.0,1263.0,21448.50195,362.9997559,28.0,1.524000049,17.06879997,2000.0,23.4279995,9.359199524,228.694458,0.700301588,3.0,1.189460754
5471.0,1.0,1321.0,1076.578613,59.87323761,6.0,-0.914399981,0.0,1000.0,9.657600403,10.6576004,281.2224121,0.991246045,7.0,-3.195154667
5472.0,1.0,1281.0,12104.95313,201.0000458,33.0,6.096000195,40.84320068,2000.0,49.76399994,9.920799255,339.6516113,0.404950827,7.0,2.085794449
5473.0,1.0,1250.0,2291.826904,212.5364685,32.0,6.705600262,33.83280182,1000.0,46.32559967,13.49279976,338.2095337,0.430216014,7.0,5.975805283
5474.0,1.0,1246.0,22130.47656,428.7104797,43.0,1.524000049,9.753600121,2000.0,25.62639999,13.87279892,215.5545959,1.02786386,3.0,1.059482574
5476.0,1.0,1279.0,10075.79785,430.3577576,31.0,3.048000097,0.0,1000.0,43.49679947,45.49679947,356.2384644,0.739001393,7.0,0.747943878
5477.0,1.0,1335.0,3144.813477,777.3214111,18.0,5.791200161,0.0,1000.0,15.2567997,13.2567997,235.4014282,0.297416568,7.0,2.776656151
5478.0,1.0,1224.0,15169.91895,686.4291382,41.0,7.315199852,24.99360085,1000.0,49.83919907,23.84560013,275.1448364,0.330225617,3.0,3.70267868
5479.0,1.0,1353.0,2740.26416,450.8913574,8.0,0.0,0.0,1000.0,4.951999664,4.951999664,222.869339,0.171040446,4.0,-5.790676117
5480.0,1.0,1359.0,1668.599487,393.8427429,10.0,0.0,0.0,1000.0,6.951999664,8.951999664,227.1013641,0.727711976,4.0,-5.025580883
5481.0,1.0,1253.0,12474.5957,94.71182251,46.0,3.352800131,28.95600128,3000.0,57.27759933,29.32159996,236.6843109,0.168783635,3.0,4.229885101
5482.0,1.0,1241.0,2413.983643,216.4837494,35.0,8.229599953,28.65120125,1000.0,51.76399994,21.1128006,265.1636047,0.162233084,3.0,9.381771088
5483.0,1.0,1327.0,5878.362305,234.2090454,18.0,1.219200015,0.0,1000.0,20.13360023,18.13360023,282.2117615,0.200480938,7.0,1.050372601
5484.0,1.0,1289.0,17350.52344,341.8536682,40.0,4.87680006,32.30879974,8000.0,42.74319839,10.73920059,303.4985657,1.22822988,3.0,2.943264008
5485.0,1.0,1300.0,9006.285156,30.0635643,25.0,4.572000027,0.0,1000.0,19.20879936,22.20879936,230.2099152,0.509343028,7.0,3.114719391
5486.0,1.0,1283.0,1829.770142,133.9875946,18.0,1.524000049,16.45919991,6000.0,30.80160141,16.03759956,301.4438782,1.272192955,7.0,-2.271670341
5487.0,1.0,1334.0,3945.119873,769.8605957,18.0,4.267199993,0.0,1000.0,16.47599983,17.47599983,218.5808563,0.783158004,7.0,4.464483261
5488.0,1.0,1338.0,1073.410522,120.2506866,6.0,0.0,0.0,1000.0,6.304800034,7.304800034,249.4903259,0.221109286,4.0,-1.933748245
5489.0,1.0,1265.0,18093.65625,149.6810608,10.0,3.048000097,25.90800095,1000.0,43.83280182,17.92480087,339.771637,0.365053862,2.0,0.946483135
5490.0,1.0,1224.0,26108.71094,84.84617615,34.0,2.43840003,15.5447998,1000.0,32.78079987,16.62639999,230.4760437,0.496121347,3.0,-0.099582672
5491.0,1.0,1240.0,5005.497559,623.7907104,43.0,13.71600056,32.00400162,1000.0,52.44879913,21.44479942,330.6032715,0.319617093,3.0,14.75850105
5492.0,1.0,1240.0,2204.965576,380.0650024,24.0,3.048000097,30.78479958,1000.0,37.41120148,6.626399994,239.8389282,0.071479142,7.0,0.340763092
5493.0,1.0,1236.0,593.9208374,561.4381714,25.0,0.609600008,30.17519951,1000.0,38.7159996,8.540800095,351.0574951,1.46179986,7.0,-0.32932663
5494.0,1.0,1237.0,5594.544922,212.1143646,43.0,5.791200161,27.43200111,1000.0,54.27759933,21.84560013,213.3830872,2.098008633,3.0,4.410779953
5495.0,1.0,1241.0,4251.037598,59.88002014,21.0,0.609600008,28.04160118,5000.0,40.50720215,13.46560001,320.2124939,1.270811558,3.0,0.473610878
5496.0,1.0,1273.0,9885.069336,42.42948914,59.0,8.534399986,27.43200111,6000.0,46.80799866,19.68080139,404.3605652,1.881983757,3.0,7.923259735
5497.0,1.0,1289.0,16804.79492,361.3161621,37.0,5.181600094,36.57600021,1000.0,43.09600067,8.434400558,239.9977264,1.433638453,3.0,3.754493713
5498.0,1.0,1289.0,17566.48242,277.1118469,41.0,4.87680006,33.83280182,8000.0,45.26720047,12.43440056,274.3462219,0.170574084,3.0,4.017818451
5499.0,1.0,1340.0,8150.759277,2354.14209,46.0,14.02080059,0.0,1000.0,31.97919846,30.97919846,535.6730957,3.232583284,4.0,7.132896423
5500.0,1.0,1288.0,9534.817383,323.5959473,18.0,0.914399981,0.0,1000.0,19.52400017,17.52400017,234.4132538,0.06559106,7.0,-0.113154411
5501.0,1.0,1297.0,10321.9834,134.3404541,25.0,5.181600094,0.0,1000.0,18.29439926,18.29439926,226.0914307,0.128520817,7.0,2.721357346
5502.0,1.0,1249.0,6756.211914,191.9953156,34.0,0.609600008,13.41120052,8000.0,38.5719986,25.16080093,251.9686127,0.436472476,3.0,-5.388244629
5503.0,1.0,1273.0,30.06398773,698.9686279,33.0,-6.096000195,47.24399948,6000.0,52.81200027,3.567998886,222.778717,0.168856934,7.0,-13.02692413
5504.0,1.0,1335.0,4621.286621,613.0314941,20.0,6.096000195,0.0,6000.0,12.68480015,12.07520008,364.0102234,0.35610649,7.0,-4.919438362
5505.0,1.0,1331.0,5992.938965,588.3356323,18.0,6.705600262,0.0,1000.0,13.4279995,13.4279995,271.5907288,0.592452824,7.0,0.656086922
5506.0,1.0,1338.0,6303.833008,725.9862061,14.0,5.791200161,0.0,1000.0,8.513599396,7.903999805,309.1032715,0.306002349,7.0,-6.074889183
5507.0,1.0,1292.0,2935.846924,94.70482635,23.0,4.572000027,0.0,1000.0,29.4008007,29.4008007,238.5195007,0.458504826,7.0,0.893625259
5508.0,1.0,1326.0,2086.769775,268.0010681,6.0,3.048000097,0.0,1000.0,6.914400101,6.914400101,236.5588531,0.261998594,7.0,-0.256421566
5509.0,1.0,1278.0,1715.849243,241.3682251,17.0,3.048000097,11.58240032,1000.0,25.53440094,14.95199966,225.0009918,0.406147182,7.0,-2.77029705
5510.0,1.0,1329.0,2399.675049,133.99086,15.0,0.0,0.0,6000.0,19.5720005,18.5720005,236.2285767,0.086931624,4.0,-3.18576622
5511.0,1.0,1294.0,7886.616211,153.2718964,34.0,5.486400127,0.0,8000.0,22.1128006,22.1128006,244.3914337,0.308399588,7.0,0.605302811
5512.0,1.0,1369.0,3910.85376,464.954071,8.0,0.0,0.0,1000.0,4.951999664,2.951999903,282.4859009,0.347494572,4.0,-8.96292305
5513.0,1.0,1329.0,6163.869629,329.3216858,27.0,11.58240032,0.0,1000.0,20.29439926,20.29439926,220.0155487,0.612580121,3.0,1.142745972
5514.0,1.0,1306.0,8485.597656,182.1424103,28.0,0.914399981,9.144000053,1000.0,20.68479919,9.540800095,237.9166718,0.455113113,3.0,2.471054077
5515.0,1.0,1322.0,1039.181641,60.12654495,8.0,0.0,0.0,1000.0,10.13360023,10.13360023,229.655014,0.362743378,7.0,0.186407089
5516.0,1.0,1272.0,9002.205078,90.17770386,28.0,1.219200015,18.28800011,6000.0,37.14400101,22.85599899,333.962738,0.675854564,3.0,-3.214826584
5517.0,1.0,1311.0,15465.26465,30.06332207,18.0,2.133599997,0.0,1000.0,11.5991993,10.5991993,231.6483459,0.154596508,7.0,1.047492981
5518.0,1.0,1323.0,3201.604248,59.87376404,16.0,-0.304800004,0.0,6000.0,22.09600067,22.09600067,233.3189545,0.252272487,7.0,-0.625031471
5519.0,1.0,1357.0,10114.1377,489.243927,32.0,1.828799963,0.0,1000.0,27.73279953,28.73279953,242.3148041,2.553021431,4.0,4.22359848
5521.0,1.0,1273.0,1538.795654,712.0159302,40.0,-0.609600008,51.81600189,1000.0,60.1167984,7.300800323,561.2207642,0.523899019,3.0,-4.604763031
5522.0,1.0,1334.0,2796.009521,60.12551117,7.0,0.304800004,0.0,1000.0,7.609600067,8.609600067,277.9844971,0.650259733,4.0,-0.254762173
5523.0,1.0,1287.0,17970.87305,94.71854401,30.0,1.219200015,0.0,1000.0,28.78079987,29.78079987,334.5701904,1.894450665,3.0,-2.575181961
5524.0,1.0,1278.0,3584.060547,437.6148987,47.0,0.0,45.11040115,1000.0,67.1167984,24.00639915,299.2573547,0.132542029,3.0,-4.022029877
5525.0,1.0,1268.0,15118.67871,108.2481384,39.0,-0.914399981,29.26079941,1000.0,33.20880127,3.947998047,524.8277588,0.629321933,3.0,-9.592895508
5526.0,1.0,1323.0,5326.38623,67.16925049,3.0,-2.743200064,0.0,1000.0,9.705600739,10.70560074,260.9702454,0.551094174,7.0,-3.931745529
5527.0,1.0,1248.0,4676.87793,774.670105,85.0,-0.609600008,35.35680008,1000.0,85.91439819,47.55759811,761.5900269,2.036808729,3.0,34.05382156
5529.0,1.0,1326.0,2201.942627,192.1914978,12.0,-1.219200015,0.0,1000.0,16.87680054,16.87680054,232.1337738,0.702784836,7.0,-1.024916649
5530.0,1.0,1334.0,5585.20459,1329.574463,25.0,12.19200039,0.0,1000.0,14.33199978,13.33199978,336.2427673,0.394297838,7.0,-2.103141785
5531.0,1.0,1325.0,5399.684082,510.6181641,15.0,3.352800131,0.0,1000.0,22.31520081,21.31520081,287.7452393,1.438810945,7.0,2.814888954
5532.0,1.0,1239.0,335.7931213,329.3375244,25.0,1.219200015,29.56559944,8000.0,39.32559967,9.455200195,333.7610474,0.96136421,7.0,0.83801651
5533.0,1.0,1339.0,3467.942871,751.3640747,13.0,3.96239996,0.0,1000.0,12.39039993,12.39039993,267.4137573,0.269192398,7.0,1.653029442
5534.0,1.0,1235.0,8639.795898,119.7573013,24.0,1.219200015,29.26079941,1000.0,48.99359894,19.73279953,308.829834,0.246519938,7.0,-0.511787415
5535.0,1.0,1288.0,14493.89453,350.1885986,44.0,7.010400295,39.62400055,1000.0,54.36320114,14.04399872,234.8515015,0.831260085,3.0,3.713726044
5536.0,1.0,1286.0,20923.54688,359.2345886,17.0,7.924799919,30.78479958,1000.0,43.82240295,13.03759956,498.6880798,0.904595494,7.0,3.770987034
5538.0,1.0,1287.0,15684.24512,276.6595459,43.0,4.87680006,32.30879974,1000.0,47.26720047,14.65359879,252.2208099,0.327588558,3.0,1.832101822
5539.0,1.0,1282.0,12279.72363,59.87265015,34.0,3.657599926,25.29840088,1000.0,37.6576004,12.35919952,297.495697,0.252606302,7.0,-1.946691513
5540.0,1.0,1251.0,1088.751587,485.3955688,37.0,4.572000027,31.39439964,4000.0,51.32559967,17.93120003,289.1916199,0.849008918,7.0,-3.164016724
5541.0,1.0,1306.0,4857.638672,134.3398285,18.0,14.6303997,0.0,1000.0,16.47599983,18.47599983,411.4592896,0.812381446,7.0,12.52750015
5542.0,1.0,1228.0,31207.33398,962.293457,30.0,-1.828799963,43.58639908,1000.0,56.21279907,11.62639999,347.2184448,0.288995326,7.0,5.367866516
5543.0,1.0,1245.0,6831.496582,228.8022461,9.0,-2.133599997,28.04160118,8000.0,32.46960068,5.427999973,233.1846008,0.526532352,7.0,2.045965195
5544.0,1.0,1374.0,3982.476563,648.746521,13.0,0.0,0.0,4000.0,9.951999664,9.951999664,251.3621063,0.235461205,4.0,-6.018846989
5545.0,1.0,1357.0,4857.504395,539.7804565,17.0,0.609600008,0.0,1000.0,11.20879936,11.20879936,444.2182007,0.666815579,7.0,-6.491691589
5546.0,1.0,1359.0,4866.740234,1322.907471,11.0,0.304800004,0.0,1000.0,5.818399906,5.818399906,533.7050171,0.086696029,4.0,-9.529741287
5547.0,1.0,1330.0,3840.791016,108.0754471,7.0,2.43840003,0.0,1000.0,7.0,8.0,235.4432983,0.209296212,7.0,-0.56801033
5548.0,1.0,1325.0,8106.970703,123.4608383,8.0,0.0,0.0,1000.0,15.01040077,15.01040077,269.0818176,0.24556905,7.0,-1.519968987
5549.0,1.0,1328.0,6066.686035,190.0523834,13.0,0.0,0.0,1000.0,20.92480087,21.92480087,227.3915405,0.09993162,7.0,-1.46566081
5550.0,1.0,1330.0,1473.723145,302.1140137,6.0,3.048000097,0.0,1000.0,5.390399933,4.390399933,239.8815918,0.516977251,4.0,-0.396889687
5551.0,1.0,1225.0,15143.11133,514.5505981,38.0,4.87680006,21.94560051,1000.0,45.92480087,24.67440033,299.1457825,1.184096098,3.0,2.897647858
5552.0,1.0,1327.0,3764.033203,371.7580566,11.0,1.524000049,0.0,1000.0,11.0,11.0,234.6564941,0.219726041,7.0,-0.413248539
5553.0,1.0,1330.0,3694.077393,417.1877747,31.0,3.352800131,0.0,2000.0,52.33599854,48.33599854,237.9754486,1.118493438,3.0,5.428671837
5554.0,1.0,1285.0,10727.66016,218.0019684,39.0,12.49680042,29.87039948,1000.0,45.09600067,20.22559929,344.6920471,3.709417582,3.0,12.17289352
5555.0,1.0,1317.0,12826.42676,119.7797623,21.0,3.657599926,0.0,3000.0,25.26720047,23.26720047,235.2192078,0.745998144,7.0,4.899704933
5556.0,1.0,1255.0,9779.713867,89.8090744,41.0,3.048000097,28.34640121,2000.0,45.26720047,19.61599922,248.9341888,0.470537186,3.0,2.765846252
5557.0,1.0,1262.0,15850.28027,361.3222961,9.0,-2.43840003,14.02080059,1000.0,32.7743988,17.75360107,226.9175568,0.034698464,2.0,-3.394114017
5558.0,1.0,1239.0,23610.91992,389.1735535,63.0,0.914399981,18.59280014,2000.0,66.04799652,49.4552002,302.9627075,1.419240236,3.0,21.63511658
5559.0,1.0,1313.0,14682.67578,271.1769104,24.0,4.572000027,0.0,2000.0,23.69519997,23.69519997,234.6661224,1.695063472,7.0,6.006966591
5560.0,1.0,1266.0,3437.250977,209.5889435,14.0,1.219200015,0.0,2000.0,24.66799927,24.36320114,276.9300537,0.309105545,7.0,-0.156908989
5562.0,1.0,1245.0,17569.06836,299.8449402,48.0,3.352800131,20.42160034,1000.0,43.12319946,22.70159912,346.0602722,0.266518861,3.0,2.890514374
5563.0,1.0,1286.0,16024.3252,378.8441772,42.0,6.096000195,37.49040222,1000.0,49.31520081,12.43440056,294.9371643,1.30633378,3.0,3.871717453
5564.0,1.0,1237.0,5287.992188,30.06048393,23.0,2.743200064,27.12720108,1000.0,40.98320007,10.85599995,288.2408447,0.828249693,3.0,0.900278091
5565.0,1.0,1276.0,6466.481934,503.7900391,23.0,2.133599997,29.26079941,1000.0,34.58240128,6.32159996,308.8619385,0.864780962,7.0,1.702184677
5566.0,1.0,1362.0,843.7750854,67.00132751,8.0,-0.304800004,0.0,1000.0,6.780799866,6.780799866,291.8420715,0.205380455,4.0,-5.784003735
5567.0,1.0,1280.0,7107.685059,169.6950684,24.0,0.0,7.315199852,1000.0,24.30480003,17.68479919,255.4498138,0.234306023,3.0,-1.808275223
5568.0,1.0,1345.0,9544.354492,456.3753662,20.0,3.657599926,0.0,1000.0,31.8871994,31.8871994,335.8831787,0.401492029,3.0,-3.149250031
5569.0,1.0,1328.0,7480.64502,663.9505615,27.0,2.133599997,0.0,2000.0,46.20240021,44.20240021,284.6433411,0.515142798,7.0,-0.222619057
5570.0,1.0,1298.0,17516.54102,84.84832764,25.0,1.524000049,0.0,8000.0,15.24639988,15.24639988,234.3654175,0.355194241,7.0,0.293977737
5571.0,1.0,1359.0,3281.65332,150.0774536,11.0,-2.43840003,0.0,1000.0,11.0,11.0,327.8084412,0.154430717,4.0,-0.331267774
5572.0,1.0,1276.0,8245.100586,701.6448975,27.0,2.133599997,15.84959984,1000.0,35.53440094,19.07519913,223.147522,0.422782898,3.0,0.959775925
5573.0,1.0,1358.0,4061.83374,60.11930466,7.0,-2.43840003,0.0,1000.0,7.609600067,9.609600067,222.7890167,0.315159172,4.0,0.406238616
5574.0,1.0,1363.0,2410.213135,276.0930786,10.0,0.0,0.0,1000.0,7.561599731,7.561599731,215.6305695,0.490993112,4.0,-9.23558712
5575.0,1.0,1339.0,960.1394043,268.6525879,11.0,3.657599926,0.0,1000.0,10.39039993,9.390399933,279.1402588,0.468718886,7.0,-0.428910732
5576.0,1.0,1327.0,7242.015137,189.4241333,19.0,2.133599997,0.0,1000.0,20.8288002,19.9144001,239.7809601,0.212045729,7.0,2.015240669
5577.0,1.0,1330.0,4053.744141,149.9062195,10.0,1.524000049,0.0,1000.0,10.0,10.0,235.4432983,0.250149935,7.0,-0.95207262
5578.0,1.0,1295.0,7447.310059,59.87324142,20.0,4.572000027,0.0,1000.0,18.1711998,18.1711998,223.6738892,0.073499188,7.0,0.46343708
5579.0,1.0,1374.0,228.1741638,192.1846924,14.0,-1.524000049,0.0,6000.0,14.0,15.0,352.0236816,0.458742827,4.0,-2.490407944
5580.0,1.0,1287.0,9192.517578,66.99423981,17.0,2.43840003,0.0,1000.0,20.35280037,20.35280037,234.5261841,0.77996248,7.0,0.680860519
5581.0,1.0,1280.0,10373.61816,234.2041931,30.0,4.267199993,41.14799881,1000.0,49.20240021,8.05439949,263.6363525,0.546236396,7.0,-0.673244476
5582.0,1.0,1240.0,2458.188232,299.8074341,32.0,8.229599953,28.34640121,1000.0,48.76399994,20.41759872,265.1636047,0.500554681,3.0,9.059352875
5583.0,1.0,1345.0,4571.03418,1061.291626,12.0,0.914399981,0.0,1000.0,10.1711998,10.1711998,318.4229431,0.617742658,7.0,-5.364778042
5584.0,1.0,1362.0,2213.035156,182.8255768,10.0,-0.304800004,0.0,1000.0,8.475999832,9.171199799,219.8304596,0.069585919,4.0,-3.817697048
5585.0,1.0,1359.0,4866.740234,1385.493408,8.0,0.304800004,0.0,1000.0,2.818399906,2.818399906,533.7050171,0.086696029,4.0,-10.02019024
5586.0,1.0,1356.0,4761.161133,1406.283081,13.0,0.0,0.0,1000.0,6.903999805,3.903999805,419.7188721,0.881345689,4.0,-7.226644993
5587.0,1.0,1354.0,4019.456055,640.1368408,14.0,0.304800004,0.0,1000.0,11.2567997,11.2567997,274.2567444,0.336631,4.0,-5.396568298
5588.0,1.0,1372.0,2662.40332,270.525238,10.0,0.0,0.0,1000.0,7.866399765,6.866399765,261.2355652,0.215906188,4.0,-5.497925758
5589.0,1.0,1328.0,2803.856445,209.5614624,9.0,0.304800004,0.0,1000.0,8.390399933,8.390399933,235.4432983,0.153033048,4.0,-0.660869598
5590.0,1.0,1331.0,3622.466064,792.7423706,10.0,0.609600008,0.0,6000.0,11.8288002,10.8288002,210.3370056,0.329783797,7.0,-1.517689228
5591.0,1.0,1327.0,4966.077148,174.7638397,11.0,1.219200015,0.0,1000.0,12.21920013,15.21920013,237.2275696,0.583249807,7.0,1.179858208
5592.0,1.0,1247.0,2137.013672,714.1578979,25.0,6.705600262,35.35680008,1000.0,38.10639954,2.749599457,235.5420074,0.517159224,7.0,-0.992010117
5593.0,1.0,1331.0,15974.59375,1650.249756,15.0,4.572000027,3.352800131,1000.0,0.0,0.150400162,238.394989,1.539570451,3.0,-12.69323444
5594.0,1.0,1311.0,6186.845703,299.4089966,28.0,1.524000049,0.0,2000.0,23.73279953,18.73279953,235.1937561,0.178021312,7.0,0.706397057
5595.0,1.0,1284.0,5662.194336,606.4788208,30.0,0.0,0.0,1000.0,19.63679886,17.63679886,224.5913086,0.039396074,7.0,-2.290723801
5596.0,1.0,1337.0,3533.885498,576.048584,17.0,6.096000195,0.0,1000.0,14.2567997,14.2567997,268.2524414,0.447710901,7.0,1.32917881
5597.0,1.0,1334.0,4689.812012,150.3113251,15.0,2.133599997,0.0,1000.0,12.86639977,12.86639977,236.6773224,0.496193528,7.0,-0.535471916
5598.0,1.0,1361.0,1584.803345,258.2454224,7.0,-0.304800004,0.0,1000.0,7.0,7.0,226.6516418,0.130242035,4.0,-6.269945145
5599.0,1.0,1336.0,1308.104248,525.2731934,18.0,3.352800131,0.0,1000.0,16.1711998,16.1711998,295.9945374,0.329792708,7.0,0.297818184
5600.0,1.0,1284.0,17925.90234,514.5722656,46.0,9.753600121,33.83280182,1000.0,46.91439819,13.08160019,235.1916199,0.330109358,3.0,6.549850464
5601.0,1.0,1236.0,1692.379639,150.0715332,28.0,-0.609600008,25.60320091,1000.0,52.38400269,26.78079987,224.2196808,0.635874629,3.0,2.241221428
5602.0,1.0,1229.0,11902.58398,228.1672211,32.0,2.43840003,26.21280098,1000.0,40.83919907,9.32159996,276.3268433,0.920167804,3.0,-6.654579163
5603.0,1.0,1226.0,20758.33594,182.1319885,49.0,9.448800087,24.07920074,1000.0,61.80160141,37.72240067,420.6222534,0.553527057,3.0,9.742271423
5604.0,1.0,1234.0,6340.559082,378.8424683,29.0,3.352800131,26.21280098,1000.0,45.76399994,19.55120087,342.0229797,0.511247396,3.0,3.012228012
5605.0,1.0,1279.0,10242.0332,150.319458,32.0,4.267199993,37.79520035,1000.0,49.37360001,10.57839966,256.5212708,0.226639524,7.0,-2.235221863
5606.0,1.0,1231.0,7126.427246,322.617981,38.0,3.96239996,29.26079941,1000.0,47.44879913,18.18799973,234.6473236,0.644267499,3.0,-3.075342178
5607.0,1.0,1331.0,6296.756836,886.7285156,18.0,6.705600262,0.0,8000.0,13.4279995,12.4279995,271.5907288,0.342589855,7.0,-1.574285507
5608.0,1.0,1340.0,7302.312012,1687.539429,25.0,8.534399986,0.0,1000.0,13.11279964,13.11279964,287.0541382,0.295752972,7.0,-3.537314415
5609.0,1.0,1336.0,1867.683838,443.4292603,13.0,3.048000097,0.0,1000.0,10.2567997,10.2567997,247.2155457,0.76965028,7.0,-3.482191086
5610.0,1.0,1243.0,16521.35156,201.5158234,54.0,1.828799963,20.42160034,1000.0,54.0,33.57839966,395.9024353,0.537146628,3.0,6.921066284
5611.0,1.0,1267.0,12516.72363,282.7393494,47.0,7.315199852,28.65120125,1000.0,33.89360046,4.242401123,452.975708,0.662355125,3.0,-1.952373505
5612.0,1.0,1245.0,22115.21289,211.7044525,56.0,5.181600094,34.44240189,1000.0,73.98320007,39.540802,347.914856,5.381371975,3.0,6.347255707
5613.0,1.0,1235.0,3580.712891,84.84572601,28.0,3.352800131,27.43200111,6000.0,42.63040161,17.19839859,232.7229462,0.592513323,3.0,-2.590219498
5614.0,1.0,1241.0,7168.879395,810.8361206,55.0,7.619999886,19.50720024,1000.0,62.61999893,43.1128006,435.7514954,2.07486558,3.0,5.528333664
5615.0,1.0,1280.0,5057.641113,824.4373169,25.0,8.229599953,13.41120052,1000.0,35.0583992,21.64719963,246.0093842,0.625344574,7.0,4.899158478
5616.0,1.0,1282.0,13552.17676,134.3288422,39.0,5.791200161,22.55520058,1000.0,38.08560181,15.53039932,301.236969,0.13501659,3.0,1.957559586
5617.0,1.0,1281.0,14201.75391,218.0172119,44.0,6.400800228,18.89760017,1000.0,38.5135994,17.61599922,284.0130615,0.519464314,3.0,2.642234802
5618.0,1.0,1234.0,5928.755859,179.6361389,41.0,10.05840015,28.34640121,8000.0,51.0583992,30.71199989,245.1525421,0.444973528,3.0,6.525659561
5619.0,1.0,1335.0,3294.398926,954.7891846,17.0,5.791200161,0.0,1000.0,15.78079987,15.78079987,242.6757965,1.23008585,7.0,3.418394089
5620.0,1.0,1359.0,4940.758789,1258.980225,13.0,0.609600008,0.0,1000.0,6.294399738,5.294399738,533.7050171,0.233738378,7.0,-9.507048607
5621.0,1.0,1364.0,443.4074707,190.0400696,8.0,-1.524000049,0.0,1000.0,7.695199966,6.695199966,237.4042206,0.035723586,4.0,-3.270428658
5622.0,1.0,1284.0,18137.98047,339.4260864,26.0,9.753600121,24.99360085,1000.0,48.55519867,23.56159973,246.0625305,0.23026906,7.0,6.865312576
5623.0,1.0,1359.0,4826.797852,1293.092896,11.0,0.304800004,0.0,1000.0,5.818399906,4.818399906,533.7050171,0.374607533,4.0,-9.466348648
5624.0,1.0,1359.0,4940.758789,1288.888184,13.0,0.609600008,0.0,1000.0,6.294399738,5.294399738,533.7050171,0.233738378,7.0,-9.507048607
5625.0,1.0,1334.0,6958.079102,190.0505066,14.0,0.914399981,0.0,1000.0,16.43840027,19.43840027,278.2935181,0.126876995,7.0,1.147835732
5626.0,1.0,1327.0,6603.549805,239.4954071,8.0,2.43840003,0.0,1000.0,15.61999989,17.61999893,239.9544678,0.733888745,7.0,1.119587898
5627.0,1.0,1350.0,14214.21973,1333.3396,42.0,1.828799963,12.19200039,1000.0,30.1128006,21.92079926,238.6130066,0.670152724,3.0,10.15313148
5628.0,1.0,1374.0,2608.389648,450.8753357,7.0,0.0,0.0,1000.0,4.561599731,4.866399765,261.2355652,0.091916181,4.0,-4.988176346
5629.0,1.0,1323.0,10656.21777,149.9099121,21.0,3.657599926,0.0,1000.0,13.38000011,15.38000011,304.9036865,1.018689513,7.0,0.093238831
5630.0,1.0,1359.0,4931.50293,1497.485962,10.0,0.304800004,0.0,1000.0,5.427999973,5.427999973,533.7050171,0.249746203,4.0,-9.592552185
5631.0,1.0,1333.0,4936.629395,390.5549622,13.0,5.181600094,0.0,1000.0,9.342399597,9.342399597,268.7907104,0.157054245,7.0,-1.383583069
5632.0,1.0,1359.0,1326.026611,390.7724915,7.0,-1.219200015,0.0,1000.0,4.866399765,4.866399765,213.4582977,0.100727014,4.0,-3.342506647
5633.0,1.0,1330.0,6682.319824,537.3024292,36.0,7.315199852,10.05840015,1000.0,27.770401,16.71199989,227.7756042,0.548802376,3.0,-1.62313652
5634.0,1.0,1331.0,2711.60376,484.2323303,7.0,0.304800004,0.0,1000.0,6.695199966,6.695199966,274.0428772,0.257483184,4.0,-2.404444456
5635.0,1.0,1334.0,5354.147461,642.3521118,12.0,2.133599997,0.0,1000.0,12.60960007,11.60960007,285.8792725,0.729661465,7.0,0.519818783
5636.0,1.0,1378.0,11272.39355,700.4712524,20.0,6.705600262,0.0,1000.0,15.73279953,13.73279953,245.8899841,0.375920087,7.0,-6.386742592
5637.0,1.0,1353.0,3380.659912,341.871521,9.0,0.0,0.0,1000.0,5.951999664,5.951999664,198.944046,0.104421303,4.0,-6.007287025
5638.0,1.0,1237.0,3540.102295,509.3914185,25.0,4.87680006,29.56559944,1000.0,35.97280121,6.40719986,236.445282,0.343898356,3.0,-0.700826645
5639.0,1.0,1232.0,5899.905273,285.051239,30.0,10.05840015,25.90800095,1000.0,44.32559967,16.41759872,242.6458282,0.978849471,3.0,6.043388367
5640.0,1.0,1300.0,7441.122559,89.8098526,23.0,4.572000027,0.0,1000.0,20.86639977,20.86639977,223.6738892,0.290639937,7.0,1.510874748
5641.0,1.0,1327.0,6733.585449,133.9903107,9.0,1.219200015,0.0,1000.0,16.61999893,16.61999893,239.9544678,0.581955075,7.0,-0.109110832
5642.0,1.0,1261.0,4062.294189,489.3445435,9.0,-3.048000097,2.133599997,1000.0,16.61999893,14.09600067,287.5732422,0.117825501,7.0,-2.346134186
5643.0,1.0,1329.0,6670.185059,1272.733643,18.0,7.010400295,0.0,1000.0,13.12319946,12.12319946,292.7341919,0.666160047,7.0,-0.620652199
5644.0,1.0,1260.0,8116.316895,108.0899734,33.0,0.304800004,26.51760101,8000.0,42.75360107,16.23600006,227.8023224,1.649231315,3.0,-1.778829575
5645.0,1.0,1261.0,4176.525391,768.7701416,34.0,2.43840003,17.67840004,4000.0,35.8288002,18.15040016,295.006073,0.319818705,3.0,-0.725973129
5646.0,1.0,1323.0,11000.39355,323.5588684,27.0,0.914399981,0.0,4000.0,19.38000107,20.38000107,294.3468018,0.851803482,7.0,0.66122818
5647.0,1.0,1281.0,12538.26074,29.9420414,25.0,3.96239996,16.45919991,1000.0,39.93519974,21.47599983,322.5584106,1.096461177,3.0,-1.932748795
5648.0,1.0,1253.0,7787.148926,756.8828735,33.0,0.304800004,17.06879997,8000.0,37.5719986,22.80799866,355.6276245,2.078623533,3.0,-1.965629578
5649.0,1.0,1282.0,16421.61133,1286.905762,24.0,3.048000097,14.32560062,8000.0,27.6576004,12.72239971,290.6513367,0.777724802,3.0,1.19144249
5650.0,1.0,1290.0,2294.678223,335.8272095,19.0,5.791200161,13.41120052,1000.0,32.41120148,21.78079987,381.6535645,0.148146704,7.0,-0.620206833
5651.0,1.0,1329.0,3903.121338,216.1510468,15.0,5.486400127,0.0,1000.0,16.8288002,15.8288002,208.3524323,1.094074368,7.0,3.133843899
5652.0,1.0,1289.0,4182.344727,189.4215546,25.0,6.705600262,0.0,1000.0,28.96240044,26.96240044,233.5223083,0.234676793,7.0,3.028116226
5653.0,1.0,1332.0,6396.839355,642.3475952,18.0,4.87680006,0.0,1000.0,14.03759956,14.03759956,285.8597717,0.859544218,7.0,-1.630223274
5654.0,1.0,1353.0,3046.953613,407.3670044,13.0,0.0,0.0,1000.0,10.2567997,11.2567997,227.893692,0.084074706,4.0,-5.678789139
5655.0,1.0,1329.0,6188.810547,669.9656982,17.0,4.572000027,0.0,1000.0,12.4279995,12.4279995,271.5907288,0.577427149,7.0,-5.801562309
5656.0,1.0,1329.0,6188.810547,683.9798584,17.0,5.791200161,0.0,1000.0,12.4279995,14.4279995,271.5907288,0.577427149,7.0,-5.948139191
5657.0,1.0,1334.0,3058.577637,228.1575623,15.0,4.572000027,0.0,1000.0,11.64719963,11.64719963,231.6452484,0.203596845,7.0,-2.98589325
5659.0,1.0,1266.0,18053.02344,127.2889328,38.0,-3.352800131,20.42160034,1000.0,24.58879852,0.0,211.6377411,0.388668537,3.0,-5.381889343
5660.0,1.0,1278.0,6462.78418,190.0673676,32.0,0.609600008,31.08959961,1000.0,39.61999893,11.53039932,273.2245178,0.914667904,7.0,3.64166832
5661.0,1.0,1305.0,6672.40332,209.5661621,45.0,8.229599953,14.93519974,6000.0,28.23600006,13.30080032,284.2505493,2.890105724,3.0,-10.21817207
5662.0,1.0,1254.0,6811.653809,190.0490417,26.0,0.914399981,27.12720108,1000.0,50.07920074,22.64719963,254.613266,0.654499352,7.0,6.606924057
5663.0,1.0,1257.0,26677.18359,468.414856,3.0,-0.609600008,24.68880081,1000.0,42.01440048,17.32559967,238.2779388,0.731819451,7.0,-4.716379166
5664.0,1.0,1292.0,880.9527588,1444.992554,23.0,0.304800004,0.0,6000.0,12.02719975,12.02719975,311.071167,0.527054489,4.0,-2.542866707
5665.0,1.0,1349.0,2720.13501,499.7341003,11.0,0.0,0.0,1000.0,10.0855999,10.0855999,214.5054779,0.196474999,4.0,-5.397846222
5666.0,1.0,1279.0,11484.83398,342.690979,35.0,6.096000195,42.06240082,1000.0,52.98320007,10.92079926,318.375885,0.45340094,7.0,1.694612503
5667.0,1.0,1333.0,6915.138672,495.9066467,18.0,2.43840003,0.0,1000.0,20.43840027,20.43840027,236.4994049,0.626496553,7.0,-0.243196487
5668.0,1.0,1276.0,4846.366699,254.5451965,19.0,6.400800228,10.66800022,1000.0,28.44879913,19.78079987,320.5635681,1.258974195,7.0,1.510439873
5669.0,1.0,1284.0,4160.766113,495.8931885,19.0,3.352800131,0.0,1000.0,27.83919907,29.83919907,229.5389709,0.262107372,7.0,-0.437332153
5670.0,1.0,1217.0,4641.700195,282.7834778,30.0,5.486400127,31.39439964,1000.0,70.53839874,37.14400101,217.7837219,0.265439004,7.0,3.46531105
5671.0,1.0,1319.0,15096.12207,631.4024658,21.0,4.572000027,0.0,4000.0,21.0,24.0,328.0800781,0.690160096,7.0,4.521582603
5672.0,1.0,1267.0,12564.60352,241.3673553,46.0,6.705600262,28.65120125,8000.0,32.89360046,4.242401123,452.975708,0.645985842,3.0,-2.353633881
5673.0,1.0,1278.0,17817.93945,334.9664001,28.0,-0.914399981,61.26480103,6000.0,71.89120483,12.62639999,324.7406006,1.201282024,7.0,-10.1015377
5674.0,1.0,1234.0,12094.99512,67.16883087,32.0,5.181600094,23.46960068,1000.0,46.93519974,24.38000107,241.2317963,0.078633621,3.0,2.179157257
5675.0,1.0,1300.0,6472.841309,393.7850037,6.0,1.524000049,16.76399994,1000.0,17.58240128,0.818399906,339.5719299,0.883814096,7.0,-6.714646339
5676.0,1.0,1232.0,3691.793945,169.6914978,31.0,5.486400127,27.73680115,1000.0,43.80160141,15.06480026,335.0036011,1.367202997,3.0,6.419933319
5677.0,1.0,1333.0,3988.620361,402.0033569,15.0,3.96239996,0.0,8000.0,15.60960007,12.60960007,240.3826599,0.349875569,4.0,3.014934063
5678.0,1.0,1311.0,19254.06055,1434.619873,11.0,-1.524000049,0.304800004,4000.0,19.83919907,19.83919907,320.7290039,0.095814764,2.0,1.570578575
5679.0,1.0,1311.0,19131.42578,1374.764404,9.0,-1.524000049,0.304800004,4000.0,16.92480087,14.83920002,320.7290039,0.274190724,2.0,1.913707256
5680.0,1.0,1311.0,19210.07031,1423.813721,8.0,-1.828799963,0.304800004,4000.0,16.83919907,20.83919907,320.7290039,0.2722615,2.0,1.955535412
5681.0,1.0,1275.0,8314.22168,383.9907227,19.0,1.828799963,0.0,1000.0,28.44879913,29.44879913,226.4445496,0.464642853,7.0,-1.231051445
5682.0,1.0,1280.0,5114.54248,323.5857544,31.0,8.83920002,0.0,3000.0,39.229599,41.229599,350.5641785,0.720504761,7.0,3.200942039
5683.0,1.0,1295.0,8025.325684,1532.395386,25.0,4.572000027,0.0,1000.0,32.61999893,30.61999893,290.9208984,1.129992962,7.0,-2.95471096
5684.0,1.0,1292.0,4394.573242,218.0332336,25.0,8.83920002,0.0,1000.0,30.18160057,30.18160057,281.1282959,1.096222401,3.0,9.030332565
5685.0,1.0,1334.0,5765.680664,1326.663452,31.0,7.924799919,0.0,1000.0,40.14400101,40.14400101,216.9358063,1.123652101,3.0,2.4767313
5686.0,1.0,1336.0,6281.817383,485.2976379,39.0,9.144000053,0.0,1000.0,57.89759827,53.89759827,315.4044189,0.177097514,3.0,8.496199608
5687.0,1.0,1332.0,1509.357422,1142.13147,26.0,1.828799963,0.0,1000.0,49.7743988,49.7743988,418.5466919,0.198803693,3.0,2.038365364
5688.0,1.0,1336.0,7611.26709,637.9188843,27.0,6.096000195,0.0,1000.0,43.15439987,43.15439987,493.9920349,1.664532423,3.0,6.436742783
5689.0,1.0,1297.0,4367.220215,257.9223022,28.0,0.0,0.0,4000.0,18.24639893,17.24639893,216.1276703,0.764483869,4.0,-0.768491745
5690.0,1.0,1287.0,1171.689331,0.0,23.0,1.219200015,0.0,5000.0,13.55119991,13.55119991,237.0417938,0.269833028,4.0,-2.025972366
5691.0,1.0,1260.0,211.7317963,383.9901428,37.0,2.43840003,29.56559944,4000.0,51.32559967,24.06480026,346.3891296,0.107088707,7.0,-1.317958832
5692.0,1.0,1252.0,1478.136841,829.5737305,25.0,4.572000027,32.00400162,4000.0,39.02080154,7.016799927,309.6879578,0.978278935,7.0,-4.383745193
5693.0,1.0,1253.0,790.6660767,756.8662109,29.0,5.486400127,31.69919968,4000.0,43.32559967,11.62639999,289.1916199,0.514558554,7.0,0.778774261
5694.0,1.0,1256.0,992.1506958,782.9104614,38.0,3.352800131,29.87039948,4000.0,52.32559967,15.4552002,309.446167,1.387055278,7.0,0.188419342
5695.0,1.0,1270.0,551.2543945,1093.804565,20.0,-4.572000027,20.42160034,8000.0,41.33599854,20.9144001,290.6327515,0.077053569,2.0,1.515742302
5696.0,1.0,1341.0,10413.34277,1115.722168,36.0,8.229599953,0.0,1000.0,47.8871994,47.8871994,414.3703308,0.889578283,3.0,1.081277847
5697.0,1.0,1342.0,11107.49414,891.227356,41.0,9.448800087,0.0,1000.0,53.49679947,53.49679947,379.8315125,0.131207779,3.0,4.14144516
5698.0,1.0,1236.0,17500.09961,0.0,22.0,7.010400295,33.22320175,5000.0,43.94560242,13.41759968,236.6120911,0.342022568,3.0,-1.757873535
5699.0,1.0,1232.0,10067.56152,446.7087708,30.0,5.181600094,27.73680115,1000.0,39.14400101,6.40719986,239.1081238,0.87015301,3.0,-8.77375412
5700.0,1.0,1230.0,10400.0166,0.0,42.0,-0.304800004,28.34640121,4000.0,52.97280121,19.62639999,238.6125488,1.386385918,3.0,-13.8043499
5701.0,1.0,1238.0,9566.051758,123.4667358,24.0,2.43840003,37.79520035,1000.0,59.96640015,23.1711998,236.4590454,0.60259074,7.0,-0.544301987
5702.0,1.0,1279.0,6784.587891,234.3773346,31.0,4.87680006,4.267199993,6000.0,25.81839943,21.55120087,236.8749084,0.084236234,4.0,0.490690231
5703.0,1.0,1286.0,3341.969482,0.0,30.0,4.572000027,4.87680006,1000.0,23.90399933,30.02719879,236.3777618,0.117516778,4.0,1.613319397
5704.0,1.0,1299.0,2816.225098,1736.340088,31.0,0.304800004,0.0,1000.0,21.55120087,21.55120087,228.1300659,0.191636682,4.0,1.789638519
5705.0,1.0,1302.0,3121.189941,2049.695313,29.0,0.609600008,0.0,1000.0,19.85599899,21.85599899,230.4695587,0.701773226,4.0,-0.130336761
5706.0,1.0,1236.0,13762.84277,361.188446,39.0,0.0,26.51760101,2000.0,34.12319946,11.60560036,269.5817871,0.359672606,3.0,-5.458023071
5707.0,1.0,1243.0,4257.568848,721.1959229,48.0,9.753600121,19.81200027,6000.0,54.09600067,35.2840004,225.8700867,1.778667808,3.0,11.99855804
5708.0,1.0,1253.0,15688.77344,423.3981018,47.0,2.133599997,16.76399994,1000.0,28.40719986,16.03359985,285.3085327,0.430774897,3.0,2.856201172
5709.0,1.0,1264.0,7703.030273,370.3762817,53.0,6.096000195,13.71600056,1000.0,31.35919952,17.64319992,285.5187988,0.641068101,3.0,-3.150016785
5710.0,1.0,1267.0,8086.012207,633.5081787,47.0,0.0,23.16480064,1000.0,41.81840134,18.65359879,301.0939331,1.543217063,3.0,-8.41852951
5711.0,1.0,1227.0,29472.68555,212.1152802,32.0,-2.743200064,22.55520058,1000.0,32.0,10.44479942,317.2579346,1.83622098,3.0,4.587371826
5712.0,1.0,1221.0,26811.57031,134.3413391,38.0,2.743200064,17.37360001,1000.0,37.08560181,18.01679993,231.5697174,0.668136954,3.0,1.56244278
5713.0,1.0,1260.0,14504.45313,179.6175232,43.0,8.83920002,66.4464035,2000.0,89.63439941,21.18799973,236.4558868,0.573060215,3.0,-1.138217926
5714.0,1.0,1245.0,27533.25195,127.2686996,35.0,4.572000027,39.92879868,1000.0,61.51760101,22.58879852,239.3740387,0.83349973,7.0,-5.880222321
5715.0,1.0,1226.0,31239.45313,211.7002716,41.0,4.572000027,20.72640038,8000.0,44.6576004,23.93120003,242.5690155,1.25149107,7.0,5.869972229
5716.0,1.0,1232.0,35747.53516,380.1329346,49.0,3.048000097,14.32560062,6000.0,51.43840027,32.89360046,222.2610168,1.228875995,3.0,-2.235054016
5717.0,1.0,1232.0,35941.30469,239.4950867,49.0,3.657599926,12.80160046,1000.0,49.0,38.19839859,279.6949158,1.635098815,3.0,6.833496094
5718.0,1.0,1228.0,33019.625,324.2125244,45.0,0.0,17.98320007,1000.0,53.83919907,34.9416008,222.0346527,0.32580027,7.0,4.973701477
5719.0,1.0,1232.0,28776.04297,475.1245422,38.0,-5.181600094,27.43200111,2000.0,48.97280121,22.62639999,295.5698547,1.293999672,7.0,-3.315217972
5720.0,1.0,1235.0,26950.0,1334.076294,56.0,1.524000049,22.86000061,2000.0,62.09600067,42.23600006,476.597229,0.722082376,3.0,19.50178909
5721.0,1.0,1237.0,26647.04883,685.494873,38.0,0.609600008,15.84959984,2000.0,37.39039993,21.54080009,431.0717773,1.051619411,3.0,-3.398403168
5722.0,1.0,1235.0,25225.62695,169.7200012,39.0,-0.914399981,16.76399994,1000.0,39.0,22.23600006,410.7835388,0.985382557,3.0,-3.172138214
5723.0,1.0,1242.0,22274.24414,363.0218811,38.0,0.609600008,27.43200111,2000.0,47.14400101,19.71199989,235.9229431,1.074055195,3.0,0.346385956
5724.0,1.0,1253.0,13807.92676,425.1418152,43.0,0.609600008,27.73680115,1000.0,57.02080154,29.2840004,218.614624,0.184732184,3.0,-1.240268707
5725.0,1.0,1251.0,11403.32715,283.2642517,46.0,3.657599926,25.29840088,4000.0,46.60960007,20.31119919,297.1006165,0.813782334,3.0,4.841365814
5726.0,1.0,1280.0,3824.513184,1301.406006,34.0,-1.524000049,27.43200111,1000.0,44.97280121,15.62639999,347.807373,1.686017871,7.0,-10.45124149
5727.0,1.0,1289.0,16903.5957,234.2330322,39.0,5.181600094,35.66160202,1000.0,45.09600067,10.43440056,237.5900574,0.683545589,3.0,1.979709625
5728.0,1.0,1273.0,6110.432129,487.4087219,25.0,3.657599926,22.55520058,1000.0,36.8871994,13.33199978,334.5196228,2.84220171,7.0,-5.085889816
5729.0,1.0,1280.0,5872.664063,1121.939453,34.0,1.219200015,34.13759995,2000.0,48.93519974,14.79759979,343.0367737,0.657039344,7.0,-1.928938866
5730.0,1.0,1284.0,11195.37793,42.42393875,30.0,3.657599926,0.0,1000.0,40.97280121,33.97280121,345.4016724,1.218038082,7.0,-2.993795395
5731.0,1.0,1285.0,4969.633301,595.6991577,27.0,3.657599926,0.0,2000.0,37.36320114,37.97280121,309.4305115,1.129149437,7.0,0.447786331
5732.0,1.0,1285.0,4994.271484,457.6363831,35.0,3.048000097,0.0,6000.0,44.14400101,38.53440094,297.4982605,1.533170342,7.0,-3.50174427
5733.0,1.0,1286.0,4671.660156,426.5848694,20.0,2.743200064,0.0,1000.0,27.01040077,27.01040077,357.9707336,0.398263097,7.0,-5.687449455
5734.0,1.0,1287.0,2829.865234,533.8982544,24.0,1.219200015,0.0,1000.0,37.10639954,35.10639954,262.9259033,0.906654835,7.0,-7.026294231
5735.0,1.0,1281.0,1316.162109,95.02653503,24.0,0.609600008,21.64080048,6000.0,36.80160141,14.16079998,355.7979126,1.027439237,7.0,-7.090368271
5736.0,1.0,1269.0,5763.181152,318.7977905,18.0,7.010400295,6.400800228,1000.0,25.01040077,19.0,239.889267,0.38377583,7.0,2.704841614
5737.0,1.0,1287.0,3376.765869,161.3010864,24.0,6.096000195,15.5447998,1000.0,35.8871994,20.3423996,319.2722473,0.747166276,7.0,-5.44745779
5738.0,1.0,1277.0,2595.643555,484.2851563,23.0,6.400800228,39.31919861,1000.0,48.29840088,9.89359951,239.377121,0.207815006,7.0,-1.266153336
5739.0,1.0,1278.0,3314.962402,770.2275391,29.0,-3.352800131,40.53839874,4000.0,54.90800095,16.3696003,327.3754578,0.691881061,7.0,-4.950595856
5740.0,1.0,1315.0,9928.696289,108.0837784,17.0,3.048000097,0.0,1000.0,13.03759956,11.03759956,216.2078552,0.373698354,7.0,-0.394188881
5741.0,1.0,1293.0,4622.269043,940.0946655,21.0,1.219200015,0.0,2000.0,29.229599,30.229599,231.599411,0.691116631,7.0,-2.787356377
5742.0,1.0,1293.0,4814.358398,711.9879761,22.0,1.524000049,0.0,6000.0,30.229599,28.229599,256.5557861,0.549932539,7.0,0.143489838
5743.0,1.0,1296.0,9779.52832,1407.022949,21.0,0.609600008,0.0,1000.0,18.56159973,18.56159973,239.432251,0.13322553,4.0,-2.300490379
5744.0,1.0,1288.0,8517.536133,378.8199463,22.0,0.914399981,0.0,5000.0,14.07520008,15.07520008,295.2380066,0.129134536,7.0,-1.854660988
5745.0,1.0,1286.0,1143.530762,627.5109863,27.0,5.181600094,17.37360001,1000.0,40.10639954,22.73279953,242.2795563,0.051749323,7.0,-2.718341827
5746.0,1.0,1289.0,4116.233398,530.6358643,24.0,5.791200161,0.0,8000.0,33.44879913,33.44879913,234.8933868,1.070909142,7.0,-3.330515862
5747.0,1.0,1289.0,3987.094971,454.9062805,20.0,3.96239996,16.15439987,6000.0,30.36320114,14.20879936,234.8933868,2.01162672,4.0,-4.369584084
5748.0,1.0,1310.0,3051.130127,242.1377106,28.0,13.10640049,0.0,1000.0,29.52400017,30.52400017,420.7630615,0.240384743,7.0,9.138540268
5749.0,1.0,1315.0,1730.089355,169.6989288,11.0,3.657599926,0.0,1000.0,16.18160057,20.18160057,348.401123,1.143669128,7.0,-2.597599983
5750.0,1.0,1322.0,3513.949219,0.0,11.0,0.0,0.0,1000.0,13.7432003,13.7432003,265.5100403,0.899287522,7.0,-4.311524868
5751.0,1.0,1317.0,4249.030273,234.2288055,16.0,2.133599997,0.0,8000.0,17.21920013,16.21920013,327.8581543,0.651147723,7.0,-1.276365757
5752.0,1.0,1328.0,6145.062988,341.4255371,15.0,3.657599926,0.0,6000.0,22.92480087,25.92480087,286.4053955,1.433078766,7.0,-2.74095583
5753.0,1.0,1325.0,5866.727539,0.0,16.0,4.572000027,0.0,1000.0,23.61999893,23.61999893,301.1369934,0.204444975,7.0,-3.163638115
5754.0,1.0,1279.0,6138.850586,1156.883301,37.0,2.133599997,0.0,1000.0,23.2840004,23.2840004,233.8191376,0.224199578,3.0,-4.405076981
5755.0,1.0,1339.0,4853.13623,1183.282959,38.0,7.619999886,0.0,4000.0,57.20240021,58.20240021,455.4293518,0.558573306,3.0,9.455472946
5756.0,1.0,1285.0,4250.946289,602.9945679,38.0,6.096000195,20.11680031,1000.0,42.5719986,19.76000023,285.730835,0.472360313,3.0,-0.735935211
5757.0,1.0,1224.0,20453.49805,360.7412109,34.0,7.010400295,25.60320091,1000.0,46.19200134,22.58879852,306.9499207,0.144364491,7.0,-5.756990433
5758.0,1.0,1331.0,4176.776367,1214.29541,33.0,9.753600121,0.0,1000.0,24.16080093,25.16080093,238.4494476,0.218598038,3.0,-6.366859436
5759.0,1.0,1333.0,2865.467285,642.4074097,33.0,11.58240032,0.0,2000.0,20.80799866,20.80799866,228.9395142,0.789612412,3.0,-6.749494553
5760.0,1.0,1339.0,12414.01367,457.5068359,28.0,8.534399986,0.0,8000.0,41.41120148,40.41120148,223.0455017,0.37548843,7.0,1.768781662
5761.0,1.0,1267.0,6516.910156,495.9741516,41.0,1.828799963,31.08959961,2000.0,53.80160141,24.71199989,224.1095734,0.350051552,3.0,2.825332642
5762.0,1.0,1239.0,17436.66992,848.34729,40.0,2.743200064,17.67840004,2000.0,29.33200073,10.65359879,230.366394,2.102771282,3.0,-0.39289856
5763.0,1.0,1296.0,11575.30078,756.8512573,27.0,-0.304800004,0.0,2000.0,17.55120087,14.94159985,232.4997711,0.705498338,4.0,-0.312310219
5764.0,1.0,1283.0,9954.668945,201.0049896,38.0,3.048000097,0.0,1000.0,21.84560013,20.84560013,238.9082184,0.251882672,3.0,-1.766704559
5765.0,1.0,1280.0,8070.800293,1518.88562,26.0,0.304800004,0.0,3000.0,13.19839954,13.19839954,263.2511902,0.565365016,3.0,-0.334217072
5766.0,1.0,1329.0,5228.694336,421.9457092,15.0,3.352800131,0.0,1000.0,16.8288002,17.8288002,228.1329956,1.222800493,7.0,2.032734871
5767.0,1.0,1329.0,5102.819824,350.2162476,13.0,-1.524000049,0.0,4000.0,14.8288002,16.8288002,228.1329956,1.121975541,7.0,0.422977448
5768.0,1.0,1339.0,3280.961182,574.3129272,19.0,5.486400127,0.0,1000.0,19.30480003,19.30480003,275.3808289,0.67317456,7.0,2.55452776
5769.0,1.0,1340.0,6302.540039,608.4003296,19.0,0.609600008,0.0,1000.0,18.69519997,14.69519997,221.6590118,0.385623455,7.0,-4.945508003
5770.0,1.0,1297.0,7520.521973,785.0418091,49.0,1.828799963,14.6303997,4000.0,42.90399933,27.66399956,338.0212097,2.190984011,3.0,-4.696388245
5771.0,1.0,1284.0,5749.366211,704.7767334,28.0,0.0,0.0,1000.0,17.63679886,17.63679886,237.8841095,0.711058021,7.0,-5.545488358
5772.0,1.0,1300.0,7632.265625,924.8422852,59.0,3.048000097,32.30879974,1000.0,44.06480026,11.75600052,616.3860474,2.555779696,3.0,-2.144020081
5773.0,1.0,1331.0,12440.99414,272.2114258,26.0,3.96239996,0.0,1000.0,20.81839943,20.81839943,290.602417,0.44046399,7.0,-0.236038208
5774.0,1.0,1336.0,2915.195068,468.7701416,16.0,0.304800004,0.0,6000.0,14.78079987,14.78079987,263.7007141,0.093411766,7.0,-3.456116199
5775.0,1.0,1342.0,1809.763062,254.5709229,17.0,5.791200161,0.0,1000.0,16.0855999,17.0855999,258.2141113,0.6909163,7.0,-1.951962948
5776.0,1.0,1335.0,3296.694824,837.0109863,17.0,1.828799963,0.0,1000.0,14.56159973,15.56159973,230.7533722,0.179988399,7.0,-3.718198299
5777.0,1.0,1334.0,6827.219238,1066.308105,16.0,2.133599997,0.0,1000.0,12.95199966,11.95199966,263.6823425,0.326815814,7.0,-5.780269623
5778.0,1.0,1305.0,8206.924805,675.2200928,28.0,2.133599997,0.0,4000.0,16.41759872,14.41759968,234.5747223,0.745042145,7.0,-2.69952774
5779.0,1.0,1308.0,6732.959961,488.3081665,29.0,1.219200015,0.0,4000.0,17.1128006,17.1128006,284.4622192,0.486495107,7.0,-6.024374008
5780.0,1.0,1307.0,8390.225586,502.0413208,23.0,1.524000049,0.0,2000.0,11.41759968,8.417599678,266.5315552,1.007161021,4.0,-4.370046616
5781.0,1.0,1342.0,8031.726074,3367.376953,29.0,10.66800022,0.0,1000.0,15.58879948,15.58879948,500.1853333,0.473192722,7.0,0.617479324
5782.0,1.0,1344.0,5087.346191,1356.932617,18.0,3.048000097,0.0,1000.0,9.770400047,10.77040005,333.9757996,0.371609896,7.0,-4.951787949
5783.0,1.0,1346.0,7005.236328,2722.028809,23.0,7.619999886,0.0,1000.0,8.369600296,11.3696003,312.8926392,1.299015641,7.0,-5.630799294
5784.0,1.0,1339.0,8568.859375,2065.514893,26.0,8.229599953,0.0,1000.0,15.63679981,16.63679886,340.3609314,0.735006392,7.0,-8.018733978
5785.0,1.0,1340.0,7964.134277,1597.724365,23.0,7.619999886,0.0,1000.0,11.72239971,11.72239971,296.2739868,0.716859281,7.0,-4.19579792
5786.0,1.0,1334.0,6688.956055,2969.329102,38.0,5.181600094,0.0,4000.0,28.24639893,24.24639893,237.5943604,1.85732317,3.0,-4.595197678
5787.0,1.0,1341.0,10147.91699,4419.144043,20.0,3.352800131,9.753600121,2000.0,10.24639988,2.492799759,248.1805115,1.416576982,3.0,-8.965572357
5788.0,1.0,1345.0,2678.114502,399.5305176,13.0,2.743200064,0.0,4000.0,14.21920013,17.21920013,228.6069031,0.317824543,4.0,-5.465015888
5789.0,1.0,1343.0,1357.711426,0.0,9.0,0.0,0.0,5000.0,13.26720047,15.26720047,308.6498108,0.032559831,4.0,-3.05354023
5790.0,1.0,1358.0,7677.186523,2343.321289,22.0,-0.609600008,0.0,1000.0,16.20879936,13.20879936,301.2370911,0.953218937,4.0,-2.483044624
5791.0,1.0,1349.0,2546.637695,319.0040894,12.0,0.0,0.0,4000.0,11.0855999,11.0855999,214.5054779,0.068227023,4.0,-5.455245018
5792.0,1.0,1339.0,1956.648315,2102.521973,44.0,6.400800228,0.0,4000.0,31.50320053,31.50320053,397.8140869,1.512425661,4.0,1.528261185
5793.0,1.0,1341.0,2103.509033,2099.24585,41.0,6.400800228,0.0,4000.0,29.41759872,30.41759872,397.8140869,0.971413672,4.0,-3.2657547
5794.0,1.0,1339.0,4166.718262,4145.962402,67.0,5.181600094,43.28160095,1000.0,48.40719986,6.649600983,383.7218018,2.409284115,3.0,34.88600922
5795.0,1.0,1328.0,4943.397949,3950.923096,46.0,4.87680006,7.619999886,4000.0,23.13999939,14.52000046,318.696991,1.212577581,4.0,3.524600983
5796.0,1.0,1315.0,9712.15918,466.6661682,24.0,-0.914399981,0.0,1000.0,11.80799961,8.455200195,294.9079285,1.22708118,7.0,-6.232798576
5797.0,1.0,1312.0,11850.11621,578.5629272,26.0,1.524000049,0.0,2000.0,13.19839954,13.19839954,258.6860046,1.356127381,4.0,-6.070750237
5798.0,1.0,1375.0,2449.193604,295.8607483,11.0,-1.524000049,0.0,1000.0,9.780799866,7.780799866,225.4024963,0.123959325,4.0,-3.048698902
5799.0,1.0,1381.0,7394.647949,787.2556152,17.0,2.133599997,0.0,1000.0,14.2567997,14.2567997,232.5662994,0.277763873,7.0,-4.033175468
5800.0,1.0,1408.0,9427.976563,269.4863586,14.0,1.219200015,0.0,4000.0,13.0855999,13.0855999,237.5754395,0.39011699,13.0,-0.471119881
5801.0,1.0,1404.0,9452.770508,123.4831009,24.0,0.609600008,0.0,4000.0,23.0855999,21.0855999,348.9953613,0.766133487,13.0,-1.241756439
5802.0,1.0,1341.0,11831.92188,5410.239258,37.0,4.87680006,7.315199852,4000.0,18.71199989,11.39679909,298.0105286,2.607458353,3.0,-0.668418884
5803.0,1.0,1408.0,9285.628906,169.7130432,14.0,1.219200015,0.0,1000.0,12.78079987,11.78079987,237.8224182,0.030192576,13.0,-0.562297821
5804.0,1.0,1408.0,9196.417969,284.178833,19.0,1.828799963,0.0,1000.0,18.39039993,18.39039993,237.8224182,0.102489881,13.0,-1.345204353
5805.0,1.0,1282.0,17995.79102,241.6436157,40.0,5.486400127,10.66800022,4000.0,41.52399826,29.85599899,320.6892395,1.263022184,3.0,-2.46727562
5806.0,1.0,1282.0,19683.53125,562.9824829,40.0,3.352800131,14.6303997,4000.0,47.61999893,32.98960114,425.880249,2.64413023,3.0,-0.742895126
5807.0,1.0,1276.0,21304.86133,718.6109619,33.0,0.914399981,16.45919991,4000.0,43.66799927,27.20879936,204.1199799,2.932614088,3.0,0.765932083
5808.0,1.0,1288.0,2492.817383,108.0909424,30.0,0.609600008,7.924799919,1000.0,21.16080093,14.23600006,265.4771118,0.192596838,4.0,-0.476861954
5809.0,1.0,1282.0,18120.60938,915.0088501,33.0,10.05840015,18.28800011,1000.0,46.7159996,28.4279995,505.1601257,1.65489006,3.0,9.373897552
5810.0,1.0,1261.0,3583.336914,720.0887451,26.0,2.43840003,13.71600056,1000.0,40.02080154,26.30480003,254.0770874,0.791784883,7.0,1.491535187
5811.0,1.0,1278.0,42.42393875,29.93623734,12.0,-11.27760029,17.67840004,1000.0,26.6303997,9.951999664,283.683075,0.50829345,7.0,-14.95519924
5812.0,1.0,1332.0,7587.338379,153.2667542,7.0,0.0,0.0,1000.0,10.6576004,9.657600403,333.115509,0.321497142,7.0,-1.828741312
5813.0,1.0,1315.0,15967.68555,305.4480286,19.0,2.743200064,0.0,2000.0,22.96240044,22.96240044,315.6838379,0.607817292,7.0,7.27332592
5814.0,1.0,1312.0,3494.168701,619.2573853,18.0,5.791200161,0.0,3000.0,25.31520081,25.31520081,238.6287079,0.058588207,7.0,2.647230148
5815.0,1.0,1252.0,22983.83594,914.5822144,67.0,5.181600094,42.36719894,4000.0,84.06880188,41.70159912,463.6858826,2.960860968,3.0,27.82808304
5816.0,1.0,1248.0,7473.674805,631.2983398,50.0,5.791200161,34.74720001,1000.0,54.87680054,20.12960052,534.5032349,0.923206925,3.0,8.321537018
5818.0,1.0,1327.0,3356.151611,218.0142365,27.0,7.924799919,7.924799919,2000.0,13.58879948,5.663999557,291.0386963,0.19148016,3.0,-8.433559418
5819.0,1.0,1330.0,5817.929688,1049.550903,27.0,8.229599953,11.58240032,6000.0,20.5991993,8.711999893,256.2354736,0.075584404,3.0,-4.516523361
5820.0,1.0,1329.0,4781.293457,0.0,5.0,-0.914399981,0.0,5000.0,5.609600067,5.609600067,234.6564941,0.738191843,7.0,-5.748567581
5821.0,1.0,1334.0,6929.440918,323.5915222,16.0,-1.524000049,0.0,4000.0,18.43840027,18.43840027,278.2935181,0.967877686,7.0,-0.1985116
5822.0,1.0,1340.0,7132.984375,493.8789063,23.0,3.352800131,0.0,1000.0,19.95199966,20.95199966,225.2078247,0.131602213,7.0,-0.759859085
5823.0,1.0,1315.0,3035.077881,417.1810913,42.0,6.705600262,9.448800087,1000.0,26.76000023,17.31119919,352.5252686,0.735645473,3.0,-3.347723007
5825.0,1.0,1322.0,7403.782715,425.1112976,70.0,28.95600128,0.0,2000.0,47.74959946,47.74959946,395.7484131,3.271141768,3.0,28.98596191
5826.0,1.0,1331.0,2613.411865,667.4408569,30.0,11.27760029,0.0,1000.0,18.1128006,18.1128006,328.6920166,0.234511182,3.0,-6.875188828
5827.0,1.0,1330.0,1595.294678,418.5075073,44.0,19.50720024,0.0,1000.0,30.89360046,33.89360046,358.6440735,0.563923538,3.0,4.847635269
5828.0,1.0,1330.0,8456.802734,2184.87085,29.0,2.743200064,0.0,4000.0,23.20879936,23.20879936,239.1768799,0.866018772,7.0,-6.962099075
5829.0,1.0,1340.0,7275.957031,284.151062,48.0,14.93519974,0.0,4000.0,32.76000214,30.76000023,419.5497742,0.925887704,4.0,10.40960312
5830.0,1.0,1326.0,13317.94629,1307.713623,29.0,1.219200015,0.0,1000.0,16.19839859,13.19839954,273.3215942,0.725831687,7.0,-3.674591064
5831.0,1.0,1326.0,13521.61133,1656.512939,23.0,1.524000049,4.267199993,1000.0,10.80799961,8.674399376,273.3215942,1.696878314,7.0,-3.318241119
5832.0,1.0,1323.0,12829.44141,912.381897,24.0,0.609600008,0.0,4000.0,12.41759968,12.41759968,252.9530945,1.398329258,7.0,2.097743988
5833.0,1.0,1236.0,2820.648682,403.6657715,41.0,3.352800131,31.08959961,4000.0,48.01039886,14.92079926,247.3233032,1.847425103,3.0,-6.534959793
5834.0,1.0,1248.0,2228.518066,860.4396973,44.0,3.048000097,19.81200027,6000.0,58.32559967,38.5135994,272.0119324,2.57635355,3.0,1.973989487
5835.0,1.0,1289.0,15477.92969,234.4083252,30.0,2.133599997,0.0,2000.0,14.4552002,15.4552002,218.1959686,0.056712277,4.0,-0.048028946
5836.0,1.0,1274.0,11991.94727,562.9537354,27.0,2.743200064,3.352800131,1000.0,15.72239971,12.3696003,248.9547272,0.08418154,3.0,0.508155823
5837.0,1.0,1290.0,6842.22168,192.0210876,37.0,2.133599997,0.0,2000.0,29.68479919,29.38000107,235.2941437,0.112265959,4.0,-0.803958893
5838.0,1.0,1249.0,23329.93945,617.0891724,51.0,5.791200161,35.05200195,4000.0,71.1167984,36.06480026,487.5101013,1.601854682,3.0,-0.596992493
5839.0,1.0,1272.0,2976.946045,749.0054321,54.0,1.828799963,53.34000015,2000.0,73.50720215,21.08160019,537.5837402,0.438871264,3.0,10.40945053
5840.0,1.0,1226.0,33629.65234,508.9249268,40.0,1.219200015,18.28800011,1000.0,47.61999893,29.33200073,256.5327759,0.513954103,7.0,0.428096771
5841.0,1.0,1227.0,31957.44141,732.8692627,42.0,0.0,17.06879997,4000.0,45.96239853,28.89360046,351.004425,0.811133146,3.0,-2.424465179
5842.0,1.0,1233.0,28909.625,295.8683472,40.0,-3.96239996,27.43200111,6000.0,50.97280121,22.62639999,295.5698547,0.911534548,7.0,-1.978649139
5843.0,1.0,1230.0,28989.49414,911.2403564,36.0,-4.267199993,25.29840088,1000.0,45.14400101,20.23600006,305.9048767,1.310906053,7.0,-5.051967621
5844.0,1.0,1298.0,14427.90723,0.0,40.0,9.144000053,14.02080059,2000.0,23.54080009,9.520000458,265.2264709,0.895223916,3.0,-2.233938217
5845.0,1.0,1299.0,6853.288574,742.6355591,40.0,3.048000097,23.16480064,1000.0,26.58879852,4.423999786,529.1652832,1.652771115,3.0,-17.05964661
5846.0,1.0,1337.0,8032.292969,1141.195679,17.0,0.304800004,0.0,6000.0,13.95199966,17.95199966,231.2180634,0.413920373,7.0,-5.136480808
5847.0,1.0,1353.0,7643.634277,1578.33374,21.0,1.219200015,0.0,8000.0,17.3423996,16.3423996,296.5739136,1.243931293,7.0,-4.845356941
5848.0,1.0,1336.0,3281.835693,0.0,11.0,2.743200064,0.0,4000.0,6.427999973,3.427999973,290.9385071,0.076095991,7.0,-7.414480686
5849.0,1.0,1370.0,7249.187012,675.1193237,10.0,2.743200064,0.0,1000.0,3.903999805,3.903999805,325.0494995,0.251594186,7.0,-9.528115273
5850.0,1.0,1342.0,12882.29199,2279.397461,19.0,2.43840003,1.524000049,4000.0,0.0,0.0,329.7862549,0.260052085,3.0,-9.293657303
5851.0,1.0,1337.0,8363.150391,1924.422729,30.0,11.27760029,0.0,1000.0,19.02719879,21.02719879,236.3623199,1.148672342,7.0,-6.072093964
